,cluster,most_frequent,most_enriched,purity_frequent,purity_enriched,N,Nd,Model
0,13.0,GILGFVFTL,GILGFVFTL,0.36792452830188677,0.36792452830188677,1378,4,length
1,15.0,RAKFKQLL,RAKFKQLL,0.19710806697108066,0.19710806697108066,1314,4,length
2,14.0,ELAGIGILTV,ELAGIGILTV,0.23594615993665874,0.23594615993665874,1263,4,length
3,16.0,NLVPMVATV,NLVPMVATV,0.2076215505913272,0.2076215505913272,761,4,length
4,12.0,NLVPMVATV,NLVPMVATV,0.22272727272727272,0.22272727272727272,440,4,length
5,17.0,AVFDRKSDAK,AVFDRKSDAK,0.21393034825870647,0.21393034825870647,402,4,length
6,11.0,NLVPMVATV,NLVPMVATV,0.24074074074074073,0.24074074074074073,162,4,length
7,18.0,KLGGALQAK,KLGGALQAK,0.26717557251908397,0.26717557251908397,131,4,length
8,19.0,AVFDRKSDAK,AVFDRKSDAK,0.21875,0.21875,64,4,length
9,20.0,KLGGALQAK,KLGGALQAK,0.25806451612903225,0.25806451612903225,31,4,length
10,10.0,ELAGIGILTV,ELAGIGILTV,0.30434782608695654,0.30434782608695654,23,4,length
11,21.0,KLGGALQAK,KLGGALQAK,0.6666666666666666,0.6666666666666666,12,4,length
12,9.0,ELAGIGILTV,ELAGIGILTV,0.5714285714285714,0.5714285714285714,7,4,length
13,22.0,ELAGIGILTV,AVFDRKSDAK,0.3333333333333333,0.3333333333333333,3,4,length
14,8.0,ELAGIGILTV,ELAGIGILTV,0.3333333333333333,0.3333333333333333,3,4,length
15,25.0,RAKFKQLL,AVFDRKSDAK,0.5,0.5,2,4,length
0,2.0,NLVPMVATV,NLVPMVATV,0.18,0.18,1000,0,random
1,1.0,RAKFKQLL,RAKFKQLL,0.176,0.176,1000,0,random
2,0.0,ELAGIGILTV,ELAGIGILTV,0.186,0.186,1000,0,random
3,5.0,GILGFVFTL,GILGFVFTL,0.186,0.186,1000,0,random
4,4.0,KLGGALQAK,KLGGALQAK,0.18,0.18,1000,0,random
5,3.0,AVFDRKSDAK,AVFDRKSDAK,0.189,0.189,1000,0,random
0,10.0,GILGFVFTL,GILGFVFTL,0.7146092865232163,0.7146092865232163,883,2,vcluster
1,6.0,ELAGIGILTV,ELAGIGILTV,0.296,0.296,375,2,vcluster
2,24.0,NLVPMVATV,NLVPMVATV,0.2650273224043716,0.2650273224043716,366,2,vcluster
3,4.0,RAKFKQLL,RAKFKQLL,0.27887323943661974,0.27887323943661974,355,2,vcluster
4,13.0,RAKFKQLL,RAKFKQLL,0.5466666666666666,0.5466666666666666,300,2,vcluster
5,19.0,RAKFKQLL,RAKFKQLL,0.3413654618473896,0.3413654618473896,249,2,vcluster
6,30.0,RAKFKQLL,RAKFKQLL,0.3598326359832636,0.3598326359832636,239,2,vcluster
7,22.0,KLGGALQAK,KLGGALQAK,0.28502415458937197,0.28502415458937197,207,2,vcluster
8,11.0,KLGGALQAK,KLGGALQAK,0.24210526315789474,0.24210526315789474,190,2,vcluster
9,8.0,ELAGIGILTV,ELAGIGILTV,0.3191489361702128,0.3191489361702128,188,2,vcluster
10,7.0,RAKFKQLL,RAKFKQLL,0.49032258064516127,0.49032258064516127,155,2,vcluster
11,2.0,NLVPMVATV,NLVPMVATV,0.2631578947368421,0.2631578947368421,152,2,vcluster
12,9.0,ELAGIGILTV,ELAGIGILTV,0.27941176470588236,0.27941176470588236,136,2,vcluster
13,3.0,ELAGIGILTV,ELAGIGILTV,0.22137404580152673,0.22137404580152673,131,2,vcluster
14,16.0,ELAGIGILTV,ELAGIGILTV,0.29457364341085274,0.29457364341085274,129,2,vcluster
15,35.0,KLGGALQAK,KLGGALQAK,0.2857142857142857,0.2857142857142857,126,2,vcluster
16,34.0,NLVPMVATV,NLVPMVATV,0.25396825396825395,0.25396825396825395,126,2,vcluster
17,17.0,ELAGIGILTV,ELAGIGILTV,0.2711864406779661,0.2711864406779661,118,2,vcluster
18,12.0,ELAGIGILTV,ELAGIGILTV,0.3482142857142857,0.3482142857142857,112,2,vcluster
19,1.0,AVFDRKSDAK,AVFDRKSDAK,0.25925925925925924,0.25925925925925924,108,2,vcluster
20,14.0,ELAGIGILTV,ELAGIGILTV,0.3173076923076923,0.3173076923076923,104,2,vcluster
21,20.0,KLGGALQAK,KLGGALQAK,0.35051546391752575,0.35051546391752575,97,2,vcluster
22,21.0,NLVPMVATV,NLVPMVATV,0.2717391304347826,0.2717391304347826,92,2,vcluster
23,37.0,ELAGIGILTV,ELAGIGILTV,0.24096385542168675,0.24096385542168675,83,2,vcluster
24,5.0,NLVPMVATV,NLVPMVATV,0.3291139240506329,0.3291139240506329,79,2,vcluster
25,18.0,NLVPMVATV,NLVPMVATV,0.44871794871794873,0.44871794871794873,78,2,vcluster
26,33.0,AVFDRKSDAK,AVFDRKSDAK,0.26666666666666666,0.26666666666666666,75,2,vcluster
27,26.0,NLVPMVATV,NLVPMVATV,0.25333333333333335,0.25333333333333335,75,2,vcluster
28,28.0,KLGGALQAK,KLGGALQAK,0.2857142857142857,0.2857142857142857,70,2,vcluster
29,15.0,KLGGALQAK,KLGGALQAK,0.25,0.25,68,2,vcluster
30,36.0,RAKFKQLL,RAKFKQLL,0.36923076923076925,0.36923076923076925,65,2,vcluster
31,27.0,RAKFKQLL,RAKFKQLL,0.23728813559322035,0.23728813559322035,59,2,vcluster
32,25.0,AVFDRKSDAK,AVFDRKSDAK,0.23214285714285715,0.23214285714285715,56,2,vcluster
33,23.0,KLGGALQAK,KLGGALQAK,0.3125,0.3125,48,2,vcluster
34,29.0,NLVPMVATV,NLVPMVATV,0.3404255319148936,0.3404255319148936,47,2,vcluster
35,32.0,NLVPMVATV,NLVPMVATV,0.4318181818181818,0.4318181818181818,44,2,vcluster
36,38.0,RAKFKQLL,RAKFKQLL,0.23255813953488372,0.23255813953488372,43,2,vcluster
37,31.0,RAKFKQLL,RAKFKQLL,0.2777777777777778,0.2777777777777778,36,2,vcluster
38,42.0,KLGGALQAK,KLGGALQAK,0.36,0.36,25,2,vcluster
39,43.0,KLGGALQAK,KLGGALQAK,0.3333333333333333,0.3333333333333333,24,2,vcluster
40,41.0,AVFDRKSDAK,AVFDRKSDAK,0.34782608695652173,0.34782608695652173,23,2,vcluster
41,0.0,NLVPMVATV,NLVPMVATV,0.34782608695652173,0.34782608695652173,23,2,vcluster
42,40.0,AVFDRKSDAK,AVFDRKSDAK,0.4444444444444444,0.4444444444444444,18,2,vcluster
43,39.0,NLVPMVATV,NLVPMVATV,0.35714285714285715,0.35714285714285715,14,2,vcluster
44,44.0,NLVPMVATV,NLVPMVATV,0.5,0.5,6,2,vcluster
45,45.0,NLVPMVATV,NLVPMVATV,1.0,1.0,2,2,vcluster
0,5.0,ELAGIGILTV,ELAGIGILTV,0.181,0.181,1000,0,random
1,1.0,RAKFKQLL,RAKFKQLL,0.182,0.182,1000,0,random
2,2.0,AVFDRKSDAK,AVFDRKSDAK,0.184,0.184,1000,0,random
3,3.0,NLVPMVATV,NLVPMVATV,0.198,0.198,1000,0,random
4,0.0,KLGGALQAK,KLGGALQAK,0.189,0.189,1000,0,random
5,4.0,KLGGALQAK,KLGGALQAK,0.175,0.175,1000,0,random
0,2.0,GILGFVFTL,GILGFVFTL,0.8741721854304636,0.8741721854304636,151,181,clustcr
1,30.0,RAKFKQLL,RAKFKQLL,0.9090909090909091,0.9090909090909091,99,181,clustcr
2,9.0,GILGFVFTL,GILGFVFTL,0.9466666666666667,0.9466666666666667,75,181,clustcr
3,14.0,GILGFVFTL,GILGFVFTL,0.9607843137254902,0.9607843137254902,51,181,clustcr
4,3.0,GILGFVFTL,GILGFVFTL,0.8043478260869565,0.8043478260869565,46,181,clustcr
5,0.0,GILGFVFTL,GILGFVFTL,1.0,1.0,38,181,clustcr
6,16.0,GILGFVFTL,GILGFVFTL,0.9655172413793104,0.9655172413793104,29,181,clustcr
7,4.0,ELAGIGILTV,ELAGIGILTV,0.9523809523809523,0.9523809523809523,21,181,clustcr
8,21.0,AVFDRKSDAK,AVFDRKSDAK,0.85,0.85,20,181,clustcr
9,45.0,RAKFKQLL,KLGGALQAK,0.5555555555555556,0.2777777777777778,18,181,clustcr
10,7.0,GILGFVFTL,GILGFVFTL,1.0,1.0,15,181,clustcr
11,54.0,RAKFKQLL,RAKFKQLL,1.0,1.0,13,181,clustcr
12,41.0,RAKFKQLL,RAKFKQLL,0.9166666666666666,0.9166666666666666,12,181,clustcr
13,138.0,AVFDRKSDAK,KLGGALQAK,0.5454545454545454,0.45454545454545453,11,181,clustcr
14,5.0,ELAGIGILTV,KLGGALQAK,0.2727272727272727,0.2727272727272727,11,181,clustcr
15,12.0,ELAGIGILTV,KLGGALQAK,0.2222222222222222,0.2222222222222222,9,181,clustcr
16,1.0,AVFDRKSDAK,AVFDRKSDAK,0.5,0.5,8,181,clustcr
17,37.0,NLVPMVATV,NLVPMVATV,0.375,0.375,8,181,clustcr
18,161.0,RAKFKQLL,RAKFKQLL,1.0,1.0,8,181,clustcr
19,66.0,GILGFVFTL,GILGFVFTL,0.8571428571428571,0.8571428571428571,7,181,clustcr
20,23.0,RAKFKQLL,RAKFKQLL,1.0,1.0,7,181,clustcr
21,11.0,RAKFKQLL,AVFDRKSDAK,0.2857142857142857,0.2857142857142857,7,181,clustcr
22,28.0,NLVPMVATV,NLVPMVATV,1.0,1.0,7,181,clustcr
23,102.0,NLVPMVATV,NLVPMVATV,0.42857142857142855,0.42857142857142855,7,181,clustcr
24,59.0,NLVPMVATV,NLVPMVATV,1.0,1.0,7,181,clustcr
25,60.0,NLVPMVATV,NLVPMVATV,0.5,0.5,6,181,clustcr
26,134.0,RAKFKQLL,RAKFKQLL,0.5,0.5,6,181,clustcr
27,94.0,NLVPMVATV,NLVPMVATV,0.8333333333333334,0.8333333333333334,6,181,clustcr
28,29.0,AVFDRKSDAK,AVFDRKSDAK,0.5,0.5,6,181,clustcr
29,36.0,ELAGIGILTV,KLGGALQAK,0.3333333333333333,0.3333333333333333,6,181,clustcr
30,76.0,NLVPMVATV,NLVPMVATV,0.5,0.5,6,181,clustcr
31,18.0,NLVPMVATV,AVFDRKSDAK,0.3333333333333333,0.3333333333333333,6,181,clustcr
32,55.0,NLVPMVATV,NLVPMVATV,0.4,0.4,5,181,clustcr
33,67.0,ELAGIGILTV,ELAGIGILTV,0.8,0.8,5,181,clustcr
34,122.0,RAKFKQLL,RAKFKQLL,0.8,0.8,5,181,clustcr
35,97.0,RAKFKQLL,RAKFKQLL,0.8,0.8,5,181,clustcr
36,27.0,KLGGALQAK,KLGGALQAK,0.5,0.5,4,181,clustcr
37,22.0,ELAGIGILTV,ELAGIGILTV,0.5,0.5,4,181,clustcr
38,44.0,KLGGALQAK,KLGGALQAK,0.75,0.75,4,181,clustcr
39,73.0,GILGFVFTL,NLVPMVATV,0.5,0.25,4,181,clustcr
40,83.0,ELAGIGILTV,ELAGIGILTV,1.0,1.0,4,181,clustcr
41,153.0,KLGGALQAK,KLGGALQAK,0.5,0.5,4,181,clustcr
42,103.0,ELAGIGILTV,AVFDRKSDAK,0.25,0.25,4,181,clustcr
43,140.0,RAKFKQLL,RAKFKQLL,1.0,1.0,4,181,clustcr
44,19.0,RAKFKQLL,KLGGALQAK,0.5,0.25,4,181,clustcr
45,39.0,GILGFVFTL,ELAGIGILTV,0.75,0.25,4,181,clustcr
46,20.0,RAKFKQLL,RAKFKQLL,1.0,1.0,4,181,clustcr
47,95.0,GILGFVFTL,KLGGALQAK,0.25,0.25,4,181,clustcr
48,74.0,NLVPMVATV,NLVPMVATV,1.0,1.0,4,181,clustcr
49,53.0,ELAGIGILTV,ELAGIGILTV,0.5,0.5,4,181,clustcr
50,72.0,GILGFVFTL,GILGFVFTL,1.0,1.0,4,181,clustcr
51,128.0,NLVPMVATV,KLGGALQAK,0.25,0.25,4,181,clustcr
52,115.0,NLVPMVATV,KLGGALQAK,0.3333333333333333,0.3333333333333333,3,181,clustcr
53,85.0,NLVPMVATV,NLVPMVATV,1.0,1.0,3,181,clustcr
54,110.0,RAKFKQLL,RAKFKQLL,0.6666666666666666,0.6666666666666666,3,181,clustcr
55,6.0,GILGFVFTL,GILGFVFTL,0.6666666666666666,0.6666666666666666,3,181,clustcr
56,43.0,NLVPMVATV,NLVPMVATV,0.6666666666666666,0.6666666666666666,3,181,clustcr
57,91.0,AVFDRKSDAK,AVFDRKSDAK,0.6666666666666666,0.6666666666666666,3,181,clustcr
58,178.0,NLVPMVATV,KLGGALQAK,0.3333333333333333,0.3333333333333333,3,181,clustcr
59,101.0,GILGFVFTL,GILGFVFTL,0.6666666666666666,0.6666666666666666,3,181,clustcr
60,24.0,GILGFVFTL,GILGFVFTL,1.0,1.0,3,181,clustcr
61,180.0,GILGFVFTL,GILGFVFTL,0.6666666666666666,0.6666666666666666,3,181,clustcr
62,113.0,GILGFVFTL,KLGGALQAK,0.3333333333333333,0.3333333333333333,3,181,clustcr
63,35.0,GILGFVFTL,KLGGALQAK,0.6666666666666666,0.3333333333333333,3,181,clustcr
64,86.0,RAKFKQLL,RAKFKQLL,1.0,1.0,3,181,clustcr
65,40.0,RAKFKQLL,RAKFKQLL,1.0,1.0,3,181,clustcr
66,78.0,RAKFKQLL,RAKFKQLL,1.0,1.0,3,181,clustcr
67,121.0,RAKFKQLL,RAKFKQLL,1.0,1.0,3,181,clustcr
68,31.0,KLGGALQAK,KLGGALQAK,1.0,1.0,3,181,clustcr
69,137.0,NLVPMVATV,AVFDRKSDAK,0.3333333333333333,0.3333333333333333,3,181,clustcr
70,17.0,NLVPMVATV,KLGGALQAK,0.3333333333333333,0.3333333333333333,3,181,clustcr
71,15.0,ELAGIGILTV,KLGGALQAK,0.3333333333333333,0.3333333333333333,3,181,clustcr
72,82.0,ELAGIGILTV,ELAGIGILTV,0.6666666666666666,0.6666666666666666,3,181,clustcr
73,96.0,ELAGIGILTV,AVFDRKSDAK,0.3333333333333333,0.3333333333333333,3,181,clustcr
74,69.0,ELAGIGILTV,ELAGIGILTV,0.6666666666666666,0.6666666666666666,3,181,clustcr
75,38.0,ELAGIGILTV,ELAGIGILTV,1.0,1.0,3,181,clustcr
76,71.0,ELAGIGILTV,AVFDRKSDAK,0.3333333333333333,0.3333333333333333,3,181,clustcr
77,70.0,ELAGIGILTV,KLGGALQAK,0.5,0.5,2,181,clustcr
78,47.0,GILGFVFTL,AVFDRKSDAK,0.5,0.5,2,181,clustcr
79,144.0,ELAGIGILTV,NLVPMVATV,0.5,0.5,2,181,clustcr
80,188.0,GILGFVFTL,GILGFVFTL,1.0,1.0,2,181,clustcr
81,104.0,ELAGIGILTV,AVFDRKSDAK,0.5,0.5,2,181,clustcr
82,52.0,ELAGIGILTV,ELAGIGILTV,1.0,1.0,2,181,clustcr
83,120.0,GILGFVFTL,GILGFVFTL,1.0,1.0,2,181,clustcr
84,170.0,GILGFVFTL,AVFDRKSDAK,0.5,0.5,2,181,clustcr
85,171.0,ELAGIGILTV,ELAGIGILTV,1.0,1.0,2,181,clustcr
86,160.0,GILGFVFTL,GILGFVFTL,1.0,1.0,2,181,clustcr
87,118.0,ELAGIGILTV,ELAGIGILTV,1.0,1.0,2,181,clustcr
88,130.0,GILGFVFTL,GILGFVFTL,1.0,1.0,2,181,clustcr
89,81.0,GILGFVFTL,GILGFVFTL,1.0,1.0,2,181,clustcr
90,147.0,GILGFVFTL,GILGFVFTL,1.0,1.0,2,181,clustcr
91,179.0,RAKFKQLL,RAKFKQLL,1.0,1.0,2,181,clustcr
92,192.0,ELAGIGILTV,NLVPMVATV,0.5,0.5,2,181,clustcr
93,154.0,GILGFVFTL,GILGFVFTL,1.0,1.0,2,181,clustcr
94,57.0,ELAGIGILTV,NLVPMVATV,0.5,0.5,2,181,clustcr
95,141.0,ELAGIGILTV,ELAGIGILTV,1.0,1.0,2,181,clustcr
96,126.0,GILGFVFTL,GILGFVFTL,1.0,1.0,2,181,clustcr
97,125.0,ELAGIGILTV,ELAGIGILTV,0.5,0.5,2,181,clustcr
98,49.0,GILGFVFTL,GILGFVFTL,1.0,1.0,2,181,clustcr
99,98.0,GILGFVFTL,GILGFVFTL,1.0,1.0,2,181,clustcr
100,187.0,GILGFVFTL,GILGFVFTL,1.0,1.0,2,181,clustcr
101,34.0,GILGFVFTL,GILGFVFTL,1.0,1.0,2,181,clustcr
102,48.0,GILGFVFTL,GILGFVFTL,1.0,1.0,2,181,clustcr
103,143.0,ELAGIGILTV,ELAGIGILTV,1.0,1.0,2,181,clustcr
104,139.0,ELAGIGILTV,ELAGIGILTV,1.0,1.0,2,181,clustcr
105,33.0,RAKFKQLL,RAKFKQLL,1.0,1.0,2,181,clustcr
106,181.0,RAKFKQLL,AVFDRKSDAK,0.5,0.5,2,181,clustcr
107,117.0,KLGGALQAK,KLGGALQAK,1.0,1.0,2,181,clustcr
108,61.0,ELAGIGILTV,ELAGIGILTV,1.0,1.0,2,181,clustcr
109,26.0,KLGGALQAK,KLGGALQAK,1.0,1.0,2,181,clustcr
110,132.0,AVFDRKSDAK,AVFDRKSDAK,1.0,1.0,2,181,clustcr
111,58.0,AVFDRKSDAK,KLGGALQAK,0.5,0.5,2,181,clustcr
112,142.0,AVFDRKSDAK,AVFDRKSDAK,1.0,1.0,2,181,clustcr
113,175.0,ELAGIGILTV,KLGGALQAK,0.5,0.5,2,181,clustcr
114,150.0,AVFDRKSDAK,AVFDRKSDAK,1.0,1.0,2,181,clustcr
115,108.0,RAKFKQLL,KLGGALQAK,0.5,0.5,2,181,clustcr
116,146.0,ELAGIGILTV,KLGGALQAK,0.5,0.5,2,181,clustcr
117,168.0,RAKFKQLL,KLGGALQAK,0.5,0.5,2,181,clustcr
118,184.0,RAKFKQLL,RAKFKQLL,1.0,1.0,2,181,clustcr
119,135.0,RAKFKQLL,AVFDRKSDAK,0.5,0.5,2,181,clustcr
120,158.0,ELAGIGILTV,NLVPMVATV,0.5,0.5,2,181,clustcr
121,92.0,RAKFKQLL,AVFDRKSDAK,0.5,0.5,2,181,clustcr
122,190.0,RAKFKQLL,KLGGALQAK,0.5,0.5,2,181,clustcr
123,56.0,ELAGIGILTV,NLVPMVATV,0.5,0.5,2,181,clustcr
124,106.0,RAKFKQLL,AVFDRKSDAK,0.5,0.5,2,181,clustcr
125,93.0,ELAGIGILTV,NLVPMVATV,0.5,0.5,2,181,clustcr
126,163.0,RAKFKQLL,AVFDRKSDAK,0.5,0.5,2,181,clustcr
127,89.0,ELAGIGILTV,ELAGIGILTV,1.0,1.0,2,181,clustcr
128,124.0,RAKFKQLL,RAKFKQLL,1.0,1.0,2,181,clustcr
129,46.0,ELAGIGILTV,AVFDRKSDAK,0.5,0.5,2,181,clustcr
130,112.0,RAKFKQLL,RAKFKQLL,1.0,1.0,2,181,clustcr
131,156.0,ELAGIGILTV,ELAGIGILTV,1.0,1.0,2,181,clustcr
132,107.0,RAKFKQLL,KLGGALQAK,0.5,0.5,2,181,clustcr
133,136.0,GILGFVFTL,GILGFVFTL,1.0,1.0,2,181,clustcr
134,123.0,GILGFVFTL,GILGFVFTL,1.0,1.0,2,181,clustcr
135,173.0,GILGFVFTL,GILGFVFTL,1.0,1.0,2,181,clustcr
136,159.0,NLVPMVATV,NLVPMVATV,1.0,1.0,2,181,clustcr
137,50.0,NLVPMVATV,KLGGALQAK,0.5,0.5,2,181,clustcr
138,131.0,ELAGIGILTV,ELAGIGILTV,0.5,0.5,2,181,clustcr
139,183.0,NLVPMVATV,NLVPMVATV,1.0,1.0,2,181,clustcr
140,174.0,NLVPMVATV,NLVPMVATV,1.0,1.0,2,181,clustcr
141,51.0,ELAGIGILTV,ELAGIGILTV,1.0,1.0,2,181,clustcr
142,189.0,NLVPMVATV,NLVPMVATV,0.5,0.5,2,181,clustcr
143,155.0,NLVPMVATV,NLVPMVATV,1.0,1.0,2,181,clustcr
144,111.0,ELAGIGILTV,AVFDRKSDAK,0.5,0.5,2,181,clustcr
145,182.0,ELAGIGILTV,ELAGIGILTV,1.0,1.0,2,181,clustcr
146,185.0,NLVPMVATV,AVFDRKSDAK,0.5,0.5,2,181,clustcr
147,145.0,NLVPMVATV,KLGGALQAK,0.5,0.5,2,181,clustcr
148,79.0,NLVPMVATV,AVFDRKSDAK,0.5,0.5,2,181,clustcr
149,13.0,ELAGIGILTV,NLVPMVATV,0.5,0.5,2,181,clustcr
150,88.0,NLVPMVATV,KLGGALQAK,0.5,0.5,2,181,clustcr
151,75.0,NLVPMVATV,NLVPMVATV,1.0,1.0,2,181,clustcr
152,193.0,ELAGIGILTV,ELAGIGILTV,1.0,1.0,2,181,clustcr
153,68.0,ELAGIGILTV,AVFDRKSDAK,0.5,0.5,2,181,clustcr
154,133.0,NLVPMVATV,AVFDRKSDAK,0.5,0.5,2,181,clustcr
155,114.0,NLVPMVATV,KLGGALQAK,0.5,0.5,2,181,clustcr
156,62.0,ELAGIGILTV,AVFDRKSDAK,0.5,0.5,2,181,clustcr
157,162.0,ELAGIGILTV,NLVPMVATV,0.5,0.5,2,181,clustcr
158,172.0,ELAGIGILTV,AVFDRKSDAK,0.5,0.5,2,181,clustcr
159,119.0,ELAGIGILTV,KLGGALQAK,0.5,0.5,2,181,clustcr
160,105.0,NLVPMVATV,KLGGALQAK,0.5,0.5,2,181,clustcr
161,176.0,NLVPMVATV,AVFDRKSDAK,0.5,0.5,2,181,clustcr
162,152.0,ELAGIGILTV,AVFDRKSDAK,0.5,0.5,2,181,clustcr
163,90.0,NLVPMVATV,AVFDRKSDAK,0.5,0.5,2,181,clustcr
164,42.0,NLVPMVATV,AVFDRKSDAK,0.5,0.5,2,181,clustcr
165,194.0,NLVPMVATV,NLVPMVATV,1.0,1.0,2,181,clustcr
166,116.0,NLVPMVATV,NLVPMVATV,1.0,1.0,2,181,clustcr
167,148.0,NLVPMVATV,NLVPMVATV,1.0,1.0,2,181,clustcr
168,191.0,GILGFVFTL,GILGFVFTL,1.0,1.0,2,181,clustcr
169,109.0,ELAGIGILTV,ELAGIGILTV,0.5,0.5,2,181,clustcr
170,195.0,ELAGIGILTV,KLGGALQAK,0.5,0.5,2,181,clustcr
171,99.0,GILGFVFTL,GILGFVFTL,1.0,1.0,2,181,clustcr
172,80.0,GILGFVFTL,GILGFVFTL,1.0,1.0,2,181,clustcr
173,84.0,GILGFVFTL,GILGFVFTL,1.0,1.0,2,181,clustcr
174,8.0,ELAGIGILTV,ELAGIGILTV,1.0,1.0,2,181,clustcr
175,151.0,ELAGIGILTV,ELAGIGILTV,0.5,0.5,2,181,clustcr
176,169.0,NLVPMVATV,AVFDRKSDAK,0.5,0.5,2,181,clustcr
177,100.0,NLVPMVATV,AVFDRKSDAK,0.5,0.5,2,181,clustcr
178,127.0,ELAGIGILTV,ELAGIGILTV,1.0,1.0,2,181,clustcr
179,77.0,ELAGIGILTV,NLVPMVATV,0.5,0.5,2,181,clustcr
180,177.0,ELAGIGILTV,ELAGIGILTV,1.0,1.0,2,181,clustcr
181,166.0,ELAGIGILTV,ELAGIGILTV,1.0,1.0,2,181,clustcr
182,165.0,ELAGIGILTV,AVFDRKSDAK,0.5,0.5,2,181,clustcr
183,149.0,NLVPMVATV,KLGGALQAK,0.5,0.5,2,181,clustcr
184,32.0,ELAGIGILTV,KLGGALQAK,0.5,0.5,2,181,clustcr
185,87.0,NLVPMVATV,KLGGALQAK,0.5,0.5,2,181,clustcr
186,157.0,NLVPMVATV,KLGGALQAK,0.5,0.5,2,181,clustcr
187,164.0,NLVPMVATV,NLVPMVATV,1.0,1.0,2,181,clustcr
188,10.0,ELAGIGILTV,KLGGALQAK,0.5,0.5,2,181,clustcr
189,186.0,ELAGIGILTV,AVFDRKSDAK,0.5,0.5,2,181,clustcr
190,129.0,NLVPMVATV,NLVPMVATV,0.5,0.5,2,181,clustcr
191,167.0,NLVPMVATV,NLVPMVATV,1.0,1.0,2,181,clustcr
192,25.0,NLVPMVATV,KLGGALQAK,0.5,0.5,2,181,clustcr
193,63.0,ELAGIGILTV,ELAGIGILTV,0.5,0.5,2,181,clustcr
194,64.0,NLVPMVATV,AVFDRKSDAK,0.5,0.5,2,181,clustcr
195,65.0,KLGGALQAK,KLGGALQAK,1.0,1.0,2,181,clustcr
0,4.0,KLGGALQAK,KLGGALQAK,0.182,0.182,1000,0,random
1,2.0,ELAGIGILTV,ELAGIGILTV,0.177,0.177,1000,0,random
2,0.0,AVFDRKSDAK,AVFDRKSDAK,0.188,0.188,1000,0,random
3,3.0,GILGFVFTL,GILGFVFTL,0.195,0.195,1000,0,random
4,5.0,RAKFKQLL,RAKFKQLL,0.174,0.174,1000,0,random
5,1.0,NLVPMVATV,NLVPMVATV,0.179,0.179,1000,0,random
0,988.0,GILGFVFTL,GILGFVFTL,0.8811881188118812,0.8811881188118812,101,542,hamming
1,1119.0,RAKFKQLL,RAKFKQLL,0.945054945054945,0.945054945054945,91,542,hamming
2,346.0,RAKFKQLL,RAKFKQLL,0.6888888888888889,0.6888888888888889,90,542,hamming
3,3249.0,GILGFVFTL,GILGFVFTL,1.0,1.0,33,542,hamming
4,2817.0,GILGFVFTL,GILGFVFTL,0.9393939393939394,0.9393939393939394,33,542,hamming
5,2135.0,GILGFVFTL,GILGFVFTL,0.8,0.8,25,542,hamming
6,1620.0,GILGFVFTL,GILGFVFTL,1.0,1.0,24,542,hamming
7,4797.0,RAKFKQLL,RAKFKQLL,1.0,1.0,22,542,hamming
8,1905.0,RAKFKQLL,RAKFKQLL,0.625,0.625,16,542,hamming
9,970.0,GILGFVFTL,GILGFVFTL,1.0,1.0,16,542,hamming
10,4058.0,RAKFKQLL,RAKFKQLL,0.875,0.875,16,542,hamming
11,4918.0,RAKFKQLL,RAKFKQLL,1.0,1.0,15,542,hamming
12,3659.0,GILGFVFTL,GILGFVFTL,1.0,1.0,15,542,hamming
13,5128.0,RAKFKQLL,RAKFKQLL,1.0,1.0,14,542,hamming
14,3054.0,AVFDRKSDAK,AVFDRKSDAK,0.8461538461538461,0.8461538461538461,13,542,hamming
15,4973.0,RAKFKQLL,RAKFKQLL,1.0,1.0,13,542,hamming
16,174.0,KLGGALQAK,KLGGALQAK,0.38461538461538464,0.38461538461538464,13,542,hamming
17,4041.0,RAKFKQLL,RAKFKQLL,0.9166666666666666,0.9166666666666666,12,542,hamming
18,3422.0,AVFDRKSDAK,AVFDRKSDAK,0.5454545454545454,0.5454545454545454,11,542,hamming
19,1579.0,AVFDRKSDAK,AVFDRKSDAK,0.45454545454545453,0.45454545454545453,11,542,hamming
20,2104.0,RAKFKQLL,KLGGALQAK,0.6363636363636364,0.36363636363636365,11,542,hamming
21,1451.0,GILGFVFTL,GILGFVFTL,0.8,0.8,10,542,hamming
22,16.0,ELAGIGILTV,ELAGIGILTV,0.9,0.9,10,542,hamming
23,91.0,NLVPMVATV,NLVPMVATV,0.3,0.3,10,542,hamming
24,3795.0,GILGFVFTL,GILGFVFTL,1.0,1.0,10,542,hamming
25,3938.0,GILGFVFTL,GILGFVFTL,1.0,1.0,10,542,hamming
26,838.0,AVFDRKSDAK,AVFDRKSDAK,0.4,0.4,10,542,hamming
27,1667.0,RAKFKQLL,KLGGALQAK,0.3333333333333333,0.2222222222222222,9,542,hamming
28,912.0,GILGFVFTL,GILGFVFTL,0.8888888888888888,0.8888888888888888,9,542,hamming
29,3946.0,RAKFKQLL,AVFDRKSDAK,0.4444444444444444,0.3333333333333333,9,542,hamming
30,908.0,KLGGALQAK,KLGGALQAK,0.4444444444444444,0.4444444444444444,9,542,hamming
31,4814.0,RAKFKQLL,RAKFKQLL,1.0,1.0,9,542,hamming
32,1962.0,AVFDRKSDAK,AVFDRKSDAK,0.6666666666666666,0.6666666666666666,9,542,hamming
33,143.0,ELAGIGILTV,ELAGIGILTV,0.7777777777777778,0.7777777777777778,9,542,hamming
34,3980.0,RAKFKQLL,RAKFKQLL,0.5555555555555556,0.5555555555555556,9,542,hamming
35,4072.0,RAKFKQLL,RAKFKQLL,0.8888888888888888,0.8888888888888888,9,542,hamming
36,63.0,ELAGIGILTV,ELAGIGILTV,0.5,0.5,8,542,hamming
37,1184.0,RAKFKQLL,AVFDRKSDAK,0.25,0.25,8,542,hamming
38,136.0,GILGFVFTL,GILGFVFTL,0.875,0.875,8,542,hamming
39,4675.0,RAKFKQLL,RAKFKQLL,0.875,0.875,8,542,hamming
40,312.0,KLGGALQAK,KLGGALQAK,0.5,0.5,8,542,hamming
41,52.0,ELAGIGILTV,ELAGIGILTV,0.875,0.875,8,542,hamming
42,4877.0,RAKFKQLL,RAKFKQLL,1.0,1.0,7,542,hamming
43,332.0,GILGFVFTL,NLVPMVATV,0.2857142857142857,0.14285714285714285,7,542,hamming
44,4886.0,RAKFKQLL,RAKFKQLL,1.0,1.0,7,542,hamming
45,4795.0,RAKFKQLL,RAKFKQLL,1.0,1.0,7,542,hamming
46,290.0,ELAGIGILTV,NLVPMVATV,0.2857142857142857,0.2857142857142857,7,542,hamming
47,3739.0,GILGFVFTL,GILGFVFTL,1.0,1.0,7,542,hamming
48,5822.0,KLGGALQAK,KLGGALQAK,0.7142857142857143,0.7142857142857143,7,542,hamming
49,4184.0,RAKFKQLL,RAKFKQLL,0.7142857142857143,0.7142857142857143,7,542,hamming
50,2037.0,RAKFKQLL,AVFDRKSDAK,0.42857142857142855,0.2857142857142857,7,542,hamming
51,1513.0,RAKFKQLL,RAKFKQLL,0.5714285714285714,0.5714285714285714,7,542,hamming
52,5972.0,AVFDRKSDAK,KLGGALQAK,0.5,0.5,6,542,hamming
53,973.0,RAKFKQLL,RAKFKQLL,0.5,0.5,6,542,hamming
54,1975.0,GILGFVFTL,GILGFVFTL,0.6666666666666666,0.6666666666666666,6,542,hamming
55,5282.0,RAKFKQLL,AVFDRKSDAK,0.5,0.3333333333333333,6,542,hamming
56,57.0,KLGGALQAK,KLGGALQAK,0.5,0.5,6,542,hamming
57,295.0,GILGFVFTL,NLVPMVATV,0.3333333333333333,0.16666666666666666,6,542,hamming
58,5299.0,RAKFKQLL,AVFDRKSDAK,0.6666666666666666,0.3333333333333333,6,542,hamming
59,5157.0,RAKFKQLL,RAKFKQLL,1.0,1.0,6,542,hamming
60,1230.0,NLVPMVATV,NLVPMVATV,0.3333333333333333,0.3333333333333333,6,542,hamming
61,1972.0,AVFDRKSDAK,KLGGALQAK,0.3333333333333333,0.3333333333333333,6,542,hamming
62,4819.0,RAKFKQLL,RAKFKQLL,1.0,1.0,6,542,hamming
63,2900.0,RAKFKQLL,RAKFKQLL,0.5,0.5,6,542,hamming
64,3683.0,GILGFVFTL,GILGFVFTL,1.0,1.0,6,542,hamming
65,3620.0,GILGFVFTL,GILGFVFTL,1.0,1.0,6,542,hamming
66,3684.0,GILGFVFTL,GILGFVFTL,1.0,1.0,6,542,hamming
67,2122.0,AVFDRKSDAK,AVFDRKSDAK,0.5,0.5,6,542,hamming
68,1976.0,RAKFKQLL,NLVPMVATV,0.4,0.2,5,542,hamming
69,5102.0,RAKFKQLL,RAKFKQLL,1.0,1.0,5,542,hamming
70,3655.0,GILGFVFTL,GILGFVFTL,1.0,1.0,5,542,hamming
71,5955.0,KLGGALQAK,KLGGALQAK,0.6,0.6,5,542,hamming
72,3711.0,GILGFVFTL,GILGFVFTL,0.8,0.8,5,542,hamming
73,4458.0,KLGGALQAK,KLGGALQAK,0.4,0.4,5,542,hamming
74,4882.0,RAKFKQLL,RAKFKQLL,1.0,1.0,5,542,hamming
75,3289.0,GILGFVFTL,GILGFVFTL,0.6,0.6,5,542,hamming
76,205.0,AVFDRKSDAK,AVFDRKSDAK,0.6,0.6,5,542,hamming
77,1.0,ELAGIGILTV,ELAGIGILTV,0.4,0.4,5,542,hamming
78,271.0,ELAGIGILTV,ELAGIGILTV,0.4,0.4,5,542,hamming
79,3965.0,RAKFKQLL,RAKFKQLL,0.8,0.8,5,542,hamming
80,569.0,NLVPMVATV,NLVPMVATV,0.4,0.4,5,542,hamming
81,88.0,ELAGIGILTV,ELAGIGILTV,0.4,0.4,5,542,hamming
82,1985.0,NLVPMVATV,NLVPMVATV,1.0,1.0,5,542,hamming
83,241.0,ELAGIGILTV,ELAGIGILTV,1.0,1.0,5,542,hamming
84,2142.0,NLVPMVATV,NLVPMVATV,0.8,0.8,5,542,hamming
85,279.0,GILGFVFTL,NLVPMVATV,0.4,0.2,5,542,hamming
86,1726.0,NLVPMVATV,NLVPMVATV,0.4,0.4,5,542,hamming
87,5015.0,RAKFKQLL,RAKFKQLL,1.0,1.0,5,542,hamming
88,4255.0,GILGFVFTL,GILGFVFTL,1.0,1.0,5,542,hamming
89,585.0,ELAGIGILTV,NLVPMVATV,0.2,0.2,5,542,hamming
90,3365.0,KLGGALQAK,KLGGALQAK,0.4,0.4,5,542,hamming
91,2086.0,RAKFKQLL,RAKFKQLL,0.6,0.6,5,542,hamming
92,4917.0,RAKFKQLL,RAKFKQLL,1.0,1.0,5,542,hamming
93,4200.0,GILGFVFTL,GILGFVFTL,1.0,1.0,4,542,hamming
94,3650.0,GILGFVFTL,GILGFVFTL,1.0,1.0,4,542,hamming
95,2628.0,AVFDRKSDAK,AVFDRKSDAK,0.5,0.5,4,542,hamming
96,3699.0,GILGFVFTL,GILGFVFTL,1.0,1.0,4,542,hamming
97,4477.0,GILGFVFTL,KLGGALQAK,0.25,0.25,4,542,hamming
98,3962.0,AVFDRKSDAK,AVFDRKSDAK,0.75,0.75,4,542,hamming
99,5303.0,RAKFKQLL,RAKFKQLL,1.0,1.0,4,542,hamming
100,4080.0,RAKFKQLL,AVFDRKSDAK,0.5,0.25,4,542,hamming
101,1471.0,NLVPMVATV,NLVPMVATV,0.5,0.5,4,542,hamming
102,1977.0,NLVPMVATV,NLVPMVATV,1.0,1.0,4,542,hamming
103,5033.0,RAKFKQLL,RAKFKQLL,1.0,1.0,4,542,hamming
104,2094.0,KLGGALQAK,KLGGALQAK,0.75,0.75,4,542,hamming
105,1103.0,NLVPMVATV,NLVPMVATV,0.25,0.25,4,542,hamming
106,2979.0,RAKFKQLL,RAKFKQLL,0.75,0.75,4,542,hamming
107,2770.0,GILGFVFTL,GILGFVFTL,0.75,0.75,4,542,hamming
108,4942.0,RAKFKQLL,RAKFKQLL,0.75,0.75,4,542,hamming
109,4945.0,RAKFKQLL,RAKFKQLL,1.0,1.0,4,542,hamming
110,4829.0,RAKFKQLL,RAKFKQLL,1.0,1.0,4,542,hamming
111,4825.0,RAKFKQLL,RAKFKQLL,1.0,1.0,4,542,hamming
112,1777.0,NLVPMVATV,NLVPMVATV,0.5,0.5,4,542,hamming
113,3689.0,RAKFKQLL,RAKFKQLL,1.0,1.0,4,542,hamming
114,2408.0,GILGFVFTL,NLVPMVATV,0.5,0.25,4,542,hamming
115,1213.0,RAKFKQLL,NLVPMVATV,0.5,0.25,4,542,hamming
116,3053.0,KLGGALQAK,KLGGALQAK,0.5,0.5,4,542,hamming
117,3638.0,GILGFVFTL,GILGFVFTL,1.0,1.0,4,542,hamming
118,1857.0,NLVPMVATV,NLVPMVATV,1.0,1.0,4,542,hamming
119,5208.0,RAKFKQLL,RAKFKQLL,0.75,0.75,4,542,hamming
120,2077.0,GILGFVFTL,GILGFVFTL,0.75,0.75,4,542,hamming
121,2031.0,NLVPMVATV,NLVPMVATV,0.25,0.25,4,542,hamming
122,0.0,ELAGIGILTV,ELAGIGILTV,0.75,0.75,4,542,hamming
123,515.0,KLGGALQAK,KLGGALQAK,0.5,0.5,4,542,hamming
124,218.0,GILGFVFTL,NLVPMVATV,0.5,0.25,4,542,hamming
125,5803.0,AVFDRKSDAK,AVFDRKSDAK,1.0,1.0,4,542,hamming
126,736.0,ELAGIGILTV,NLVPMVATV,0.25,0.25,4,542,hamming
127,129.0,KLGGALQAK,KLGGALQAK,0.5,0.5,4,542,hamming
128,5783.0,AVFDRKSDAK,AVFDRKSDAK,0.75,0.75,4,542,hamming
129,6718.0,AVFDRKSDAK,KLGGALQAK,0.5,0.5,4,542,hamming
130,794.0,KLGGALQAK,KLGGALQAK,0.5,0.5,4,542,hamming
131,6064.0,AVFDRKSDAK,KLGGALQAK,0.5,0.5,4,542,hamming
132,6159.0,AVFDRKSDAK,AVFDRKSDAK,1.0,1.0,4,542,hamming
133,254.0,ELAGIGILTV,ELAGIGILTV,0.25,0.25,4,542,hamming
134,60.0,ELAGIGILTV,ELAGIGILTV,1.0,1.0,4,542,hamming
135,319.0,RAKFKQLL,RAKFKQLL,0.75,0.75,4,542,hamming
136,1433.0,AVFDRKSDAK,KLGGALQAK,0.5,0.5,4,542,hamming
137,151.0,ELAGIGILTV,ELAGIGILTV,0.75,0.75,4,542,hamming
138,361.0,ELAGIGILTV,ELAGIGILTV,0.5,0.5,4,542,hamming
139,461.0,ELAGIGILTV,ELAGIGILTV,0.75,0.75,4,542,hamming
140,3366.0,AVFDRKSDAK,AVFDRKSDAK,0.75,0.75,4,542,hamming
141,79.0,ELAGIGILTV,ELAGIGILTV,0.5,0.5,4,542,hamming
142,160.0,ELAGIGILTV,ELAGIGILTV,0.5,0.5,4,542,hamming
143,381.0,ELAGIGILTV,ELAGIGILTV,0.5,0.5,4,542,hamming
144,5401.0,RAKFKQLL,RAKFKQLL,1.0,1.0,3,542,hamming
145,4998.0,RAKFKQLL,RAKFKQLL,1.0,1.0,3,542,hamming
146,2250.0,NLVPMVATV,NLVPMVATV,0.3333333333333333,0.3333333333333333,3,542,hamming
147,3710.0,GILGFVFTL,GILGFVFTL,1.0,1.0,3,542,hamming
148,36.0,ELAGIGILTV,ELAGIGILTV,1.0,1.0,3,542,hamming
149,631.0,NLVPMVATV,NLVPMVATV,0.6666666666666666,0.6666666666666666,3,542,hamming
150,2635.0,NLVPMVATV,NLVPMVATV,1.0,1.0,3,542,hamming
151,224.0,KLGGALQAK,KLGGALQAK,0.6666666666666666,0.6666666666666666,3,542,hamming
152,1789.0,AVFDRKSDAK,AVFDRKSDAK,1.0,1.0,3,542,hamming
153,1388.0,NLVPMVATV,NLVPMVATV,0.3333333333333333,0.3333333333333333,3,542,hamming
154,6066.0,KLGGALQAK,KLGGALQAK,0.6666666666666666,0.6666666666666666,3,542,hamming
155,2555.0,NLVPMVATV,NLVPMVATV,0.6666666666666666,0.6666666666666666,3,542,hamming
156,2060.0,NLVPMVATV,NLVPMVATV,0.3333333333333333,0.3333333333333333,3,542,hamming
157,3575.0,GILGFVFTL,KLGGALQAK,0.3333333333333333,0.3333333333333333,3,542,hamming
158,1424.0,AVFDRKSDAK,AVFDRKSDAK,0.6666666666666666,0.6666666666666666,3,542,hamming
159,2320.0,NLVPMVATV,NLVPMVATV,0.6666666666666666,0.6666666666666666,3,542,hamming
160,2414.0,NLVPMVATV,NLVPMVATV,1.0,1.0,3,542,hamming
161,237.0,RAKFKQLL,AVFDRKSDAK,0.6666666666666666,0.3333333333333333,3,542,hamming
162,308.0,ELAGIGILTV,ELAGIGILTV,1.0,1.0,3,542,hamming
163,233.0,AVFDRKSDAK,AVFDRKSDAK,0.6666666666666666,0.6666666666666666,3,542,hamming
164,3758.0,GILGFVFTL,GILGFVFTL,1.0,1.0,3,542,hamming
165,7008.0,KLGGALQAK,KLGGALQAK,0.6666666666666666,0.6666666666666666,3,542,hamming
166,490.0,RAKFKQLL,AVFDRKSDAK,0.6666666666666666,0.3333333333333333,3,542,hamming
167,202.0,ELAGIGILTV,ELAGIGILTV,0.3333333333333333,0.3333333333333333,3,542,hamming
168,5094.0,RAKFKQLL,AVFDRKSDAK,0.6666666666666666,0.3333333333333333,3,542,hamming
169,898.0,ELAGIGILTV,ELAGIGILTV,0.3333333333333333,0.3333333333333333,3,542,hamming
170,4927.0,RAKFKQLL,KLGGALQAK,0.6666666666666666,0.3333333333333333,3,542,hamming
171,1472.0,NLVPMVATV,NLVPMVATV,0.3333333333333333,0.3333333333333333,3,542,hamming
172,5136.0,RAKFKQLL,AVFDRKSDAK,0.6666666666666666,0.3333333333333333,3,542,hamming
173,329.0,RAKFKQLL,ELAGIGILTV,0.6666666666666666,0.3333333333333333,3,542,hamming
174,1429.0,ELAGIGILTV,ELAGIGILTV,0.3333333333333333,0.3333333333333333,3,542,hamming
175,6575.0,AVFDRKSDAK,AVFDRKSDAK,0.6666666666666666,0.6666666666666666,3,542,hamming
176,469.0,ELAGIGILTV,ELAGIGILTV,1.0,1.0,3,542,hamming
177,3248.0,AVFDRKSDAK,AVFDRKSDAK,0.6666666666666666,0.6666666666666666,3,542,hamming
178,3192.0,NLVPMVATV,NLVPMVATV,0.6666666666666666,0.6666666666666666,3,542,hamming
179,3049.0,NLVPMVATV,NLVPMVATV,0.3333333333333333,0.3333333333333333,3,542,hamming
180,3572.0,KLGGALQAK,KLGGALQAK,0.6666666666666666,0.6666666666666666,3,542,hamming
181,371.0,NLVPMVATV,NLVPMVATV,0.6666666666666666,0.6666666666666666,3,542,hamming
182,1307.0,AVFDRKSDAK,AVFDRKSDAK,0.6666666666666666,0.6666666666666666,3,542,hamming
183,1444.0,KLGGALQAK,KLGGALQAK,0.6666666666666666,0.6666666666666666,3,542,hamming
184,2776.0,RAKFKQLL,KLGGALQAK,0.3333333333333333,0.3333333333333333,3,542,hamming
185,3639.0,GILGFVFTL,GILGFVFTL,0.6666666666666666,0.6666666666666666,3,542,hamming
186,4261.0,GILGFVFTL,KLGGALQAK,0.3333333333333333,0.3333333333333333,3,542,hamming
187,3388.0,GILGFVFTL,KLGGALQAK,0.6666666666666666,0.3333333333333333,3,542,hamming
188,15.0,GILGFVFTL,KLGGALQAK,0.6666666666666666,0.3333333333333333,3,542,hamming
189,4874.0,AVFDRKSDAK,AVFDRKSDAK,0.6666666666666666,0.6666666666666666,3,542,hamming
190,4781.0,RAKFKQLL,KLGGALQAK,0.6666666666666666,0.3333333333333333,3,542,hamming
191,516.0,ELAGIGILTV,ELAGIGILTV,1.0,1.0,3,542,hamming
192,3636.0,GILGFVFTL,GILGFVFTL,1.0,1.0,3,542,hamming
193,1140.0,KLGGALQAK,KLGGALQAK,0.6666666666666666,0.6666666666666666,3,542,hamming
194,99.0,ELAGIGILTV,NLVPMVATV,0.3333333333333333,0.3333333333333333,3,542,hamming
195,4896.0,RAKFKQLL,RAKFKQLL,1.0,1.0,3,542,hamming
196,4898.0,RAKFKQLL,RAKFKQLL,1.0,1.0,3,542,hamming
197,3677.0,GILGFVFTL,GILGFVFTL,1.0,1.0,3,542,hamming
198,2115.0,GILGFVFTL,GILGFVFTL,0.6666666666666666,0.6666666666666666,3,542,hamming
199,206.0,ELAGIGILTV,NLVPMVATV,0.3333333333333333,0.3333333333333333,3,542,hamming
200,2038.0,NLVPMVATV,NLVPMVATV,1.0,1.0,3,542,hamming
201,161.0,ELAGIGILTV,NLVPMVATV,0.3333333333333333,0.3333333333333333,3,542,hamming
202,3726.0,GILGFVFTL,KLGGALQAK,0.6666666666666666,0.3333333333333333,3,542,hamming
203,7404.0,KLGGALQAK,KLGGALQAK,1.0,1.0,3,542,hamming
204,2331.0,KLGGALQAK,KLGGALQAK,0.6666666666666666,0.6666666666666666,3,542,hamming
205,5225.0,RAKFKQLL,KLGGALQAK,0.6666666666666666,0.3333333333333333,3,542,hamming
206,3695.0,GILGFVFTL,GILGFVFTL,1.0,1.0,3,542,hamming
207,1183.0,AVFDRKSDAK,AVFDRKSDAK,0.6666666666666666,0.6666666666666666,3,542,hamming
208,2034.0,KLGGALQAK,KLGGALQAK,0.6666666666666666,0.6666666666666666,3,542,hamming
209,1244.0,KLGGALQAK,KLGGALQAK,1.0,1.0,3,542,hamming
210,1868.0,NLVPMVATV,NLVPMVATV,1.0,1.0,3,542,hamming
211,789.0,KLGGALQAK,KLGGALQAK,0.6666666666666666,0.6666666666666666,3,542,hamming
212,917.0,KLGGALQAK,KLGGALQAK,0.6666666666666666,0.6666666666666666,3,542,hamming
213,4510.0,RAKFKQLL,RAKFKQLL,0.6666666666666666,0.6666666666666666,3,542,hamming
214,1878.0,NLVPMVATV,NLVPMVATV,0.6666666666666666,0.6666666666666666,3,542,hamming
215,100.0,ELAGIGILTV,ELAGIGILTV,0.6666666666666666,0.6666666666666666,3,542,hamming
216,1288.0,GILGFVFTL,ELAGIGILTV,0.6666666666666666,0.3333333333333333,3,542,hamming
217,5450.0,RAKFKQLL,KLGGALQAK,0.6666666666666666,0.3333333333333333,3,542,hamming
218,1892.0,NLVPMVATV,NLVPMVATV,0.3333333333333333,0.3333333333333333,3,542,hamming
219,1923.0,AVFDRKSDAK,AVFDRKSDAK,0.6666666666666666,0.6666666666666666,3,542,hamming
220,511.0,NLVPMVATV,NLVPMVATV,0.3333333333333333,0.3333333333333333,3,542,hamming
221,341.0,ELAGIGILTV,ELAGIGILTV,0.6666666666666666,0.6666666666666666,3,542,hamming
222,89.0,ELAGIGILTV,ELAGIGILTV,0.3333333333333333,0.3333333333333333,3,542,hamming
223,2091.0,NLVPMVATV,NLVPMVATV,0.3333333333333333,0.3333333333333333,3,542,hamming
224,1576.0,ELAGIGILTV,ELAGIGILTV,0.3333333333333333,0.3333333333333333,3,542,hamming
225,5141.0,RAKFKQLL,RAKFKQLL,1.0,1.0,3,542,hamming
226,3863.0,GILGFVFTL,KLGGALQAK,0.3333333333333333,0.3333333333333333,3,542,hamming
227,4197.0,KLGGALQAK,KLGGALQAK,0.6666666666666666,0.6666666666666666,3,542,hamming
228,2134.0,GILGFVFTL,NLVPMVATV,0.6666666666666666,0.3333333333333333,3,542,hamming
229,1675.0,ELAGIGILTV,NLVPMVATV,0.3333333333333333,0.3333333333333333,3,542,hamming
230,3856.0,GILGFVFTL,GILGFVFTL,0.6666666666666666,0.6666666666666666,3,542,hamming
231,4034.0,RAKFKQLL,RAKFKQLL,1.0,1.0,3,542,hamming
232,738.0,ELAGIGILTV,ELAGIGILTV,0.3333333333333333,0.3333333333333333,3,542,hamming
233,3751.0,GILGFVFTL,KLGGALQAK,0.6666666666666666,0.3333333333333333,3,542,hamming
234,2015.0,AVFDRKSDAK,AVFDRKSDAK,0.6666666666666666,0.6666666666666666,3,542,hamming
235,1629.0,ELAGIGILTV,ELAGIGILTV,0.3333333333333333,0.3333333333333333,3,542,hamming
236,1581.0,GILGFVFTL,KLGGALQAK,0.5,0.5,2,542,hamming
237,8032.0,KLGGALQAK,KLGGALQAK,1.0,1.0,2,542,hamming
238,4810.0,RAKFKQLL,RAKFKQLL,1.0,1.0,2,542,hamming
239,4358.0,GILGFVFTL,AVFDRKSDAK,0.5,0.5,2,542,hamming
240,4799.0,RAKFKQLL,RAKFKQLL,1.0,1.0,2,542,hamming
241,1660.0,AVFDRKSDAK,AVFDRKSDAK,1.0,1.0,2,542,hamming
242,8066.0,KLGGALQAK,KLGGALQAK,1.0,1.0,2,542,hamming
243,1893.0,KLGGALQAK,KLGGALQAK,1.0,1.0,2,542,hamming
244,4421.0,GILGFVFTL,GILGFVFTL,0.5,0.5,2,542,hamming
245,3286.0,GILGFVFTL,AVFDRKSDAK,0.5,0.5,2,542,hamming
246,4469.0,GILGFVFTL,GILGFVFTL,1.0,1.0,2,542,hamming
247,4283.0,GILGFVFTL,AVFDRKSDAK,0.5,0.5,2,542,hamming
248,4430.0,GILGFVFTL,GILGFVFTL,0.5,0.5,2,542,hamming
249,3824.0,GILGFVFTL,AVFDRKSDAK,0.5,0.5,2,542,hamming
250,6831.0,AVFDRKSDAK,KLGGALQAK,0.5,0.5,2,542,hamming
251,7110.0,KLGGALQAK,KLGGALQAK,1.0,1.0,2,542,hamming
252,7771.0,KLGGALQAK,KLGGALQAK,1.0,1.0,2,542,hamming
253,1736.0,GILGFVFTL,GILGFVFTL,0.5,0.5,2,542,hamming
254,4645.0,GILGFVFTL,GILGFVFTL,1.0,1.0,2,542,hamming
255,7129.0,AVFDRKSDAK,KLGGALQAK,0.5,0.5,2,542,hamming
256,4634.0,GILGFVFTL,GILGFVFTL,0.5,0.5,2,542,hamming
257,7075.0,AVFDRKSDAK,KLGGALQAK,0.5,0.5,2,542,hamming
258,4244.0,GILGFVFTL,AVFDRKSDAK,0.5,0.5,2,542,hamming
259,758.0,GILGFVFTL,AVFDRKSDAK,0.5,0.5,2,542,hamming
260,7314.0,KLGGALQAK,KLGGALQAK,1.0,1.0,2,542,hamming
261,5177.0,AVFDRKSDAK,KLGGALQAK,0.5,0.5,2,542,hamming
262,4408.0,GILGFVFTL,AVFDRKSDAK,0.5,0.5,2,542,hamming
263,1877.0,GILGFVFTL,GILGFVFTL,0.5,0.5,2,542,hamming
264,1335.0,KLGGALQAK,KLGGALQAK,1.0,1.0,2,542,hamming
265,3916.0,GILGFVFTL,GILGFVFTL,1.0,1.0,2,542,hamming
266,6946.0,AVFDRKSDAK,KLGGALQAK,0.5,0.5,2,542,hamming
267,4686.0,GILGFVFTL,KLGGALQAK,0.5,0.5,2,542,hamming
268,4724.0,GILGFVFTL,GILGFVFTL,0.5,0.5,2,542,hamming
269,5200.0,AVFDRKSDAK,KLGGALQAK,0.5,0.5,2,542,hamming
270,3733.0,KLGGALQAK,KLGGALQAK,1.0,1.0,2,542,hamming
271,4542.0,GILGFVFTL,KLGGALQAK,0.5,0.5,2,542,hamming
272,7514.0,KLGGALQAK,KLGGALQAK,1.0,1.0,2,542,hamming
273,8178.0,KLGGALQAK,KLGGALQAK,1.0,1.0,2,542,hamming
274,1676.0,GILGFVFTL,GILGFVFTL,1.0,1.0,2,542,hamming
275,5772.0,KLGGALQAK,KLGGALQAK,1.0,1.0,2,542,hamming
276,3966.0,GILGFVFTL,AVFDRKSDAK,0.5,0.5,2,542,hamming
277,6813.0,AVFDRKSDAK,KLGGALQAK,0.5,0.5,2,542,hamming
278,5603.0,RAKFKQLL,RAKFKQLL,1.0,1.0,2,542,hamming
279,6287.0,AVFDRKSDAK,AVFDRKSDAK,1.0,1.0,2,542,hamming
280,6639.0,AVFDRKSDAK,KLGGALQAK,0.5,0.5,2,542,hamming
281,5865.0,AVFDRKSDAK,KLGGALQAK,0.5,0.5,2,542,hamming
282,5297.0,RAKFKQLL,AVFDRKSDAK,0.5,0.5,2,542,hamming
283,2703.0,RAKFKQLL,KLGGALQAK,0.5,0.5,2,542,hamming
284,5280.0,RAKFKQLL,RAKFKQLL,1.0,1.0,2,542,hamming
285,4994.0,RAKFKQLL,RAKFKQLL,1.0,1.0,2,542,hamming
286,5269.0,RAKFKQLL,AVFDRKSDAK,0.5,0.5,2,542,hamming
287,2286.0,RAKFKQLL,RAKFKQLL,1.0,1.0,2,542,hamming
288,5262.0,RAKFKQLL,KLGGALQAK,0.5,0.5,2,542,hamming
289,5749.0,RAKFKQLL,AVFDRKSDAK,0.5,0.5,2,542,hamming
290,5754.0,RAKFKQLL,KLGGALQAK,0.5,0.5,2,542,hamming
291,5765.0,RAKFKQLL,KLGGALQAK,0.5,0.5,2,542,hamming
292,5790.0,AVFDRKSDAK,KLGGALQAK,0.5,0.5,2,542,hamming
293,5802.0,AVFDRKSDAK,AVFDRKSDAK,1.0,1.0,2,542,hamming
294,4347.0,GILGFVFTL,AVFDRKSDAK,0.5,0.5,2,542,hamming
295,5229.0,RAKFKQLL,RAKFKQLL,1.0,1.0,2,542,hamming
296,5227.0,RAKFKQLL,AVFDRKSDAK,0.5,0.5,2,542,hamming
297,5216.0,RAKFKQLL,RAKFKQLL,1.0,1.0,2,542,hamming
298,5837.0,AVFDRKSDAK,AVFDRKSDAK,1.0,1.0,2,542,hamming
299,5735.0,RAKFKQLL,AVFDRKSDAK,0.5,0.5,2,542,hamming
300,5305.0,RAKFKQLL,AVFDRKSDAK,0.5,0.5,2,542,hamming
301,2850.0,RAKFKQLL,KLGGALQAK,0.5,0.5,2,542,hamming
302,1723.0,RAKFKQLL,AVFDRKSDAK,0.5,0.5,2,542,hamming
303,563.0,RAKFKQLL,KLGGALQAK,0.5,0.5,2,542,hamming
304,5582.0,RAKFKQLL,RAKFKQLL,1.0,1.0,2,542,hamming
305,2232.0,RAKFKQLL,AVFDRKSDAK,0.5,0.5,2,542,hamming
306,4019.0,RAKFKQLL,AVFDRKSDAK,0.5,0.5,2,542,hamming
307,5511.0,RAKFKQLL,RAKFKQLL,1.0,1.0,2,542,hamming
308,5621.0,RAKFKQLL,AVFDRKSDAK,0.5,0.5,2,542,hamming
309,3046.0,RAKFKQLL,KLGGALQAK,0.5,0.5,2,542,hamming
310,5502.0,RAKFKQLL,RAKFKQLL,1.0,1.0,2,542,hamming
311,1493.0,RAKFKQLL,AVFDRKSDAK,0.5,0.5,2,542,hamming
312,5497.0,RAKFKQLL,AVFDRKSDAK,0.5,0.5,2,542,hamming
313,4233.0,RAKFKQLL,KLGGALQAK,0.5,0.5,2,542,hamming
314,5393.0,RAKFKQLL,KLGGALQAK,0.5,0.5,2,542,hamming
315,5705.0,RAKFKQLL,AVFDRKSDAK,0.5,0.5,2,542,hamming
316,5709.0,RAKFKQLL,AVFDRKSDAK,0.5,0.5,2,542,hamming
317,5370.0,RAKFKQLL,AVFDRKSDAK,0.5,0.5,2,542,hamming
318,4960.0,RAKFKQLL,AVFDRKSDAK,0.5,0.5,2,542,hamming
319,5849.0,AVFDRKSDAK,KLGGALQAK,0.5,0.5,2,542,hamming
320,5203.0,RAKFKQLL,RAKFKQLL,1.0,1.0,2,542,hamming
321,1512.0,AVFDRKSDAK,AVFDRKSDAK,1.0,1.0,2,542,hamming
322,5966.0,AVFDRKSDAK,AVFDRKSDAK,1.0,1.0,2,542,hamming
323,4907.0,RAKFKQLL,RAKFKQLL,1.0,1.0,2,542,hamming
324,4903.0,RAKFKQLL,RAKFKQLL,1.0,1.0,2,542,hamming
325,1716.0,RAKFKQLL,AVFDRKSDAK,0.5,0.5,2,542,hamming
326,6410.0,AVFDRKSDAK,KLGGALQAK,0.5,0.5,2,542,hamming
327,2485.0,AVFDRKSDAK,KLGGALQAK,0.5,0.5,2,542,hamming
328,4879.0,RAKFKQLL,KLGGALQAK,0.5,0.5,2,542,hamming
329,4870.0,RAKFKQLL,RAKFKQLL,1.0,1.0,2,542,hamming
330,3397.0,AVFDRKSDAK,AVFDRKSDAK,1.0,1.0,2,542,hamming
331,6531.0,AVFDRKSDAK,AVFDRKSDAK,1.0,1.0,2,542,hamming
332,4857.0,RAKFKQLL,AVFDRKSDAK,0.5,0.5,2,542,hamming
333,4853.0,RAKFKQLL,RAKFKQLL,1.0,1.0,2,542,hamming
334,4555.0,AVFDRKSDAK,AVFDRKSDAK,1.0,1.0,2,542,hamming
335,4844.0,RAKFKQLL,RAKFKQLL,1.0,1.0,2,542,hamming
336,4835.0,RAKFKQLL,KLGGALQAK,0.5,0.5,2,542,hamming
337,6570.0,AVFDRKSDAK,KLGGALQAK,0.5,0.5,2,542,hamming
338,4821.0,RAKFKQLL,RAKFKQLL,1.0,1.0,2,542,hamming
339,6605.0,AVFDRKSDAK,AVFDRKSDAK,1.0,1.0,2,542,hamming
340,1020.0,AVFDRKSDAK,KLGGALQAK,0.5,0.5,2,542,hamming
341,4507.0,RAKFKQLL,KLGGALQAK,0.5,0.5,2,542,hamming
342,6115.0,AVFDRKSDAK,AVFDRKSDAK,1.0,1.0,2,542,hamming
343,5087.0,RAKFKQLL,RAKFKQLL,1.0,1.0,2,542,hamming
344,5153.0,RAKFKQLL,RAKFKQLL,1.0,1.0,2,542,hamming
345,5147.0,RAKFKQLL,RAKFKQLL,1.0,1.0,2,542,hamming
346,5124.0,RAKFKQLL,RAKFKQLL,1.0,1.0,2,542,hamming
347,5120.0,RAKFKQLL,RAKFKQLL,1.0,1.0,2,542,hamming
348,853.0,AVFDRKSDAK,KLGGALQAK,0.5,0.5,2,542,hamming
349,6015.0,AVFDRKSDAK,KLGGALQAK,0.5,0.5,2,542,hamming
350,5100.0,RAKFKQLL,KLGGALQAK,0.5,0.5,2,542,hamming
351,5074.0,RAKFKQLL,RAKFKQLL,1.0,1.0,2,542,hamming
352,4954.0,RAKFKQLL,RAKFKQLL,1.0,1.0,2,542,hamming
353,5590.0,AVFDRKSDAK,AVFDRKSDAK,1.0,1.0,2,542,hamming
354,1541.0,RAKFKQLL,AVFDRKSDAK,0.5,0.5,2,542,hamming
355,5042.0,RAKFKQLL,KLGGALQAK,0.5,0.5,2,542,hamming
356,6030.0,AVFDRKSDAK,AVFDRKSDAK,1.0,1.0,2,542,hamming
357,5270.0,AVFDRKSDAK,KLGGALQAK,0.5,0.5,2,542,hamming
358,4985.0,RAKFKQLL,RAKFKQLL,1.0,1.0,2,542,hamming
359,4978.0,RAKFKQLL,AVFDRKSDAK,0.5,0.5,2,542,hamming
360,3125.0,RAKFKQLL,RAKFKQLL,1.0,1.0,2,542,hamming
361,3520.0,NLVPMVATV,NLVPMVATV,0.5,0.5,2,542,hamming
362,3969.0,GILGFVFTL,GILGFVFTL,1.0,1.0,2,542,hamming
363,1098.0,ELAGIGILTV,ELAGIGILTV,1.0,1.0,2,542,hamming
364,1360.0,ELAGIGILTV,ELAGIGILTV,1.0,1.0,2,542,hamming
365,1345.0,ELAGIGILTV,ELAGIGILTV,0.5,0.5,2,542,hamming
366,1313.0,ELAGIGILTV,ELAGIGILTV,0.5,0.5,2,542,hamming
367,23.0,ELAGIGILTV,ELAGIGILTV,0.5,0.5,2,542,hamming
368,1276.0,ELAGIGILTV,ELAGIGILTV,0.5,0.5,2,542,hamming
369,43.0,ELAGIGILTV,ELAGIGILTV,0.5,0.5,2,542,hamming
370,1176.0,ELAGIGILTV,ELAGIGILTV,0.5,0.5,2,542,hamming
371,1153.0,ELAGIGILTV,ELAGIGILTV,0.5,0.5,2,542,hamming
372,1104.0,ELAGIGILTV,ELAGIGILTV,0.5,0.5,2,542,hamming
373,1102.0,ELAGIGILTV,ELAGIGILTV,0.5,0.5,2,542,hamming
374,1084.0,ELAGIGILTV,ELAGIGILTV,0.5,0.5,2,542,hamming
375,1900.0,NLVPMVATV,NLVPMVATV,1.0,1.0,2,542,hamming
376,1066.0,ELAGIGILTV,ELAGIGILTV,0.5,0.5,2,542,hamming
377,1048.0,ELAGIGILTV,ELAGIGILTV,0.5,0.5,2,542,hamming
378,1043.0,ELAGIGILTV,ELAGIGILTV,0.5,0.5,2,542,hamming
379,460.0,ELAGIGILTV,ELAGIGILTV,0.5,0.5,2,542,hamming
380,1026.0,ELAGIGILTV,NLVPMVATV,0.5,0.5,2,542,hamming
381,987.0,ELAGIGILTV,ELAGIGILTV,0.5,0.5,2,542,hamming
382,975.0,ELAGIGILTV,ELAGIGILTV,0.5,0.5,2,542,hamming
383,969.0,ELAGIGILTV,ELAGIGILTV,1.0,1.0,2,542,hamming
384,939.0,ELAGIGILTV,NLVPMVATV,0.5,0.5,2,542,hamming
385,923.0,ELAGIGILTV,ELAGIGILTV,0.5,0.5,2,542,hamming
386,1410.0,ELAGIGILTV,ELAGIGILTV,0.5,0.5,2,542,hamming
387,1420.0,ELAGIGILTV,ELAGIGILTV,1.0,1.0,2,542,hamming
388,326.0,ELAGIGILTV,NLVPMVATV,0.5,0.5,2,542,hamming
389,162.0,ELAGIGILTV,ELAGIGILTV,1.0,1.0,2,542,hamming
390,1888.0,NLVPMVATV,NLVPMVATV,0.5,0.5,2,542,hamming
391,1886.0,NLVPMVATV,NLVPMVATV,1.0,1.0,2,542,hamming
392,1870.0,NLVPMVATV,NLVPMVATV,0.5,0.5,2,542,hamming
393,1826.0,ELAGIGILTV,ELAGIGILTV,0.5,0.5,2,542,hamming
394,1818.0,ELAGIGILTV,ELAGIGILTV,0.5,0.5,2,542,hamming
395,1810.0,ELAGIGILTV,NLVPMVATV,0.5,0.5,2,542,hamming
396,1788.0,ELAGIGILTV,NLVPMVATV,0.5,0.5,2,542,hamming
397,1729.0,ELAGIGILTV,ELAGIGILTV,0.5,0.5,2,542,hamming
398,1715.0,ELAGIGILTV,ELAGIGILTV,0.5,0.5,2,542,hamming
399,554.0,ELAGIGILTV,NLVPMVATV,0.5,0.5,2,542,hamming
400,1673.0,ELAGIGILTV,ELAGIGILTV,0.5,0.5,2,542,hamming
401,1665.0,ELAGIGILTV,ELAGIGILTV,0.5,0.5,2,542,hamming
402,1645.0,ELAGIGILTV,ELAGIGILTV,0.5,0.5,2,542,hamming
403,1637.0,ELAGIGILTV,NLVPMVATV,0.5,0.5,2,542,hamming
404,1627.0,ELAGIGILTV,NLVPMVATV,0.5,0.5,2,542,hamming
405,1625.0,ELAGIGILTV,ELAGIGILTV,0.5,0.5,2,542,hamming
406,1572.0,ELAGIGILTV,ELAGIGILTV,0.5,0.5,2,542,hamming
407,1552.0,ELAGIGILTV,ELAGIGILTV,0.5,0.5,2,542,hamming
408,1495.0,ELAGIGILTV,ELAGIGILTV,1.0,1.0,2,542,hamming
409,1479.0,ELAGIGILTV,NLVPMVATV,0.5,0.5,2,542,hamming
410,760.0,ELAGIGILTV,NLVPMVATV,0.5,0.5,2,542,hamming
411,916.0,ELAGIGILTV,ELAGIGILTV,1.0,1.0,2,542,hamming
412,909.0,ELAGIGILTV,ELAGIGILTV,1.0,1.0,2,542,hamming
413,894.0,ELAGIGILTV,ELAGIGILTV,0.5,0.5,2,542,hamming
414,325.0,ELAGIGILTV,ELAGIGILTV,0.5,0.5,2,542,hamming
415,296.0,ELAGIGILTV,NLVPMVATV,0.5,0.5,2,542,hamming
416,252.0,ELAGIGILTV,ELAGIGILTV,1.0,1.0,2,542,hamming
417,238.0,ELAGIGILTV,ELAGIGILTV,0.5,0.5,2,542,hamming
418,228.0,ELAGIGILTV,ELAGIGILTV,1.0,1.0,2,542,hamming
419,214.0,ELAGIGILTV,NLVPMVATV,0.5,0.5,2,542,hamming
420,210.0,ELAGIGILTV,ELAGIGILTV,0.5,0.5,2,542,hamming
421,200.0,ELAGIGILTV,ELAGIGILTV,1.0,1.0,2,542,hamming
422,185.0,ELAGIGILTV,ELAGIGILTV,0.5,0.5,2,542,hamming
423,175.0,ELAGIGILTV,ELAGIGILTV,1.0,1.0,2,542,hamming
424,159.0,ELAGIGILTV,ELAGIGILTV,1.0,1.0,2,542,hamming
425,152.0,ELAGIGILTV,NLVPMVATV,0.5,0.5,2,542,hamming
426,122.0,ELAGIGILTV,ELAGIGILTV,0.5,0.5,2,542,hamming
427,108.0,ELAGIGILTV,ELAGIGILTV,1.0,1.0,2,542,hamming
428,80.0,ELAGIGILTV,NLVPMVATV,0.5,0.5,2,542,hamming
429,78.0,ELAGIGILTV,ELAGIGILTV,0.5,0.5,2,542,hamming
430,74.0,ELAGIGILTV,ELAGIGILTV,0.5,0.5,2,542,hamming
431,66.0,ELAGIGILTV,ELAGIGILTV,0.5,0.5,2,542,hamming
432,64.0,ELAGIGILTV,ELAGIGILTV,0.5,0.5,2,542,hamming
433,56.0,ELAGIGILTV,ELAGIGILTV,0.5,0.5,2,542,hamming
434,42.0,ELAGIGILTV,ELAGIGILTV,1.0,1.0,2,542,hamming
435,24.0,ELAGIGILTV,ELAGIGILTV,1.0,1.0,2,542,hamming
436,323.0,ELAGIGILTV,NLVPMVATV,0.5,0.5,2,542,hamming
437,387.0,ELAGIGILTV,ELAGIGILTV,1.0,1.0,2,542,hamming
438,859.0,ELAGIGILTV,NLVPMVATV,0.5,0.5,2,542,hamming
439,389.0,ELAGIGILTV,NLVPMVATV,0.5,0.5,2,542,hamming
440,749.0,ELAGIGILTV,ELAGIGILTV,0.5,0.5,2,542,hamming
441,713.0,ELAGIGILTV,ELAGIGILTV,0.5,0.5,2,542,hamming
442,705.0,ELAGIGILTV,ELAGIGILTV,1.0,1.0,2,542,hamming
443,632.0,ELAGIGILTV,ELAGIGILTV,0.5,0.5,2,542,hamming
444,614.0,ELAGIGILTV,NLVPMVATV,0.5,0.5,2,542,hamming
445,600.0,ELAGIGILTV,ELAGIGILTV,1.0,1.0,2,542,hamming
446,596.0,ELAGIGILTV,NLVPMVATV,0.5,0.5,2,542,hamming
447,588.0,ELAGIGILTV,ELAGIGILTV,0.5,0.5,2,542,hamming
448,586.0,ELAGIGILTV,ELAGIGILTV,1.0,1.0,2,542,hamming
449,582.0,ELAGIGILTV,NLVPMVATV,0.5,0.5,2,542,hamming
450,578.0,ELAGIGILTV,ELAGIGILTV,0.5,0.5,2,542,hamming
451,561.0,ELAGIGILTV,ELAGIGILTV,0.5,0.5,2,542,hamming
452,530.0,ELAGIGILTV,ELAGIGILTV,0.5,0.5,2,542,hamming
453,502.0,ELAGIGILTV,NLVPMVATV,0.5,0.5,2,542,hamming
454,497.0,ELAGIGILTV,ELAGIGILTV,0.5,0.5,2,542,hamming
455,473.0,ELAGIGILTV,NLVPMVATV,0.5,0.5,2,542,hamming
456,471.0,ELAGIGILTV,ELAGIGILTV,1.0,1.0,2,542,hamming
457,465.0,ELAGIGILTV,ELAGIGILTV,0.5,0.5,2,542,hamming
458,430.0,ELAGIGILTV,NLVPMVATV,0.5,0.5,2,542,hamming
459,418.0,ELAGIGILTV,ELAGIGILTV,1.0,1.0,2,542,hamming
460,407.0,ELAGIGILTV,ELAGIGILTV,0.5,0.5,2,542,hamming
461,1896.0,NLVPMVATV,NLVPMVATV,0.5,0.5,2,542,hamming
462,1961.0,NLVPMVATV,NLVPMVATV,0.5,0.5,2,542,hamming
463,4315.0,GILGFVFTL,KLGGALQAK,0.5,0.5,2,542,hamming
464,3522.0,NLVPMVATV,NLVPMVATV,0.5,0.5,2,542,hamming
465,3727.0,GILGFVFTL,GILGFVFTL,1.0,1.0,2,542,hamming
466,1350.0,GILGFVFTL,GILGFVFTL,1.0,1.0,2,542,hamming
467,3744.0,GILGFVFTL,GILGFVFTL,1.0,1.0,2,542,hamming
468,3737.0,GILGFVFTL,GILGFVFTL,1.0,1.0,2,542,hamming
469,3730.0,GILGFVFTL,GILGFVFTL,1.0,1.0,2,542,hamming
470,2066.0,GILGFVFTL,GILGFVFTL,1.0,1.0,2,542,hamming
471,3673.0,GILGFVFTL,GILGFVFTL,0.5,0.5,2,542,hamming
472,2869.0,GILGFVFTL,GILGFVFTL,0.5,0.5,2,542,hamming
473,3614.0,GILGFVFTL,GILGFVFTL,1.0,1.0,2,542,hamming
474,3534.0,NLVPMVATV,NLVPMVATV,0.5,0.5,2,542,hamming
475,3518.0,NLVPMVATV,NLVPMVATV,0.5,0.5,2,542,hamming
476,1991.0,NLVPMVATV,NLVPMVATV,0.5,0.5,2,542,hamming
477,3442.0,NLVPMVATV,NLVPMVATV,0.5,0.5,2,542,hamming
478,3399.0,NLVPMVATV,NLVPMVATV,0.5,0.5,2,542,hamming
479,3392.0,NLVPMVATV,NLVPMVATV,0.5,0.5,2,542,hamming
480,1113.0,NLVPMVATV,NLVPMVATV,0.5,0.5,2,542,hamming
481,3122.0,NLVPMVATV,NLVPMVATV,0.5,0.5,2,542,hamming
482,2319.0,NLVPMVATV,NLVPMVATV,1.0,1.0,2,542,hamming
483,3032.0,NLVPMVATV,NLVPMVATV,0.5,0.5,2,542,hamming
484,2711.0,NLVPMVATV,NLVPMVATV,0.5,0.5,2,542,hamming
485,2306.0,NLVPMVATV,NLVPMVATV,1.0,1.0,2,542,hamming
486,2952.0,NLVPMVATV,NLVPMVATV,0.5,0.5,2,542,hamming
487,3847.0,GILGFVFTL,GILGFVFTL,1.0,1.0,2,542,hamming
488,1944.0,GILGFVFTL,KLGGALQAK,0.5,0.5,2,542,hamming
489,3640.0,GILGFVFTL,KLGGALQAK,0.5,0.5,2,542,hamming
490,3862.0,GILGFVFTL,GILGFVFTL,1.0,1.0,2,542,hamming
491,2362.0,GILGFVFTL,GILGFVFTL,0.5,0.5,2,542,hamming
492,4172.0,GILGFVFTL,AVFDRKSDAK,0.5,0.5,2,542,hamming
493,4232.0,GILGFVFTL,KLGGALQAK,0.5,0.5,2,542,hamming
494,3676.0,GILGFVFTL,AVFDRKSDAK,0.5,0.5,2,542,hamming
495,4088.0,GILGFVFTL,GILGFVFTL,1.0,1.0,2,542,hamming
496,3995.0,GILGFVFTL,GILGFVFTL,1.0,1.0,2,542,hamming
497,3631.0,GILGFVFTL,GILGFVFTL,1.0,1.0,2,542,hamming
498,4147.0,GILGFVFTL,GILGFVFTL,0.5,0.5,2,542,hamming
499,4036.0,GILGFVFTL,AVFDRKSDAK,0.5,0.5,2,542,hamming
500,4135.0,GILGFVFTL,GILGFVFTL,1.0,1.0,2,542,hamming
501,3645.0,GILGFVFTL,GILGFVFTL,1.0,1.0,2,542,hamming
502,4130.0,GILGFVFTL,AVFDRKSDAK,0.5,0.5,2,542,hamming
503,4115.0,GILGFVFTL,AVFDRKSDAK,0.5,0.5,2,542,hamming
504,4108.0,GILGFVFTL,GILGFVFTL,0.5,0.5,2,542,hamming
505,553.0,GILGFVFTL,AVFDRKSDAK,0.5,0.5,2,542,hamming
506,2709.0,GILGFVFTL,GILGFVFTL,1.0,1.0,2,542,hamming
507,4035.0,GILGFVFTL,GILGFVFTL,1.0,1.0,2,542,hamming
508,4007.0,GILGFVFTL,KLGGALQAK,0.5,0.5,2,542,hamming
509,3996.0,GILGFVFTL,GILGFVFTL,1.0,1.0,2,542,hamming
510,3968.0,GILGFVFTL,GILGFVFTL,1.0,1.0,2,542,hamming
511,3951.0,GILGFVFTL,GILGFVFTL,0.5,0.5,2,542,hamming
512,2942.0,NLVPMVATV,NLVPMVATV,0.5,0.5,2,542,hamming
513,2940.0,NLVPMVATV,NLVPMVATV,0.5,0.5,2,542,hamming
514,2728.0,NLVPMVATV,NLVPMVATV,0.5,0.5,2,542,hamming
515,2336.0,NLVPMVATV,NLVPMVATV,0.5,0.5,2,542,hamming
516,2311.0,NLVPMVATV,NLVPMVATV,0.5,0.5,2,542,hamming
517,2303.0,NLVPMVATV,NLVPMVATV,0.5,0.5,2,542,hamming
518,2292.0,NLVPMVATV,NLVPMVATV,0.5,0.5,2,542,hamming
519,1674.0,NLVPMVATV,NLVPMVATV,0.5,0.5,2,542,hamming
520,199.0,NLVPMVATV,NLVPMVATV,0.5,0.5,2,542,hamming
521,2253.0,NLVPMVATV,NLVPMVATV,0.5,0.5,2,542,hamming
522,2249.0,NLVPMVATV,NLVPMVATV,0.5,0.5,2,542,hamming
523,1654.0,NLVPMVATV,NLVPMVATV,0.5,0.5,2,542,hamming
524,2177.0,NLVPMVATV,NLVPMVATV,1.0,1.0,2,542,hamming
525,1248.0,NLVPMVATV,NLVPMVATV,0.5,0.5,2,542,hamming
526,2159.0,NLVPMVATV,NLVPMVATV,0.5,0.5,2,542,hamming
527,2141.0,NLVPMVATV,NLVPMVATV,1.0,1.0,2,542,hamming
528,887.0,NLVPMVATV,NLVPMVATV,0.5,0.5,2,542,hamming
529,2128.0,NLVPMVATV,NLVPMVATV,1.0,1.0,2,542,hamming
530,2118.0,NLVPMVATV,NLVPMVATV,0.5,0.5,2,542,hamming
531,355.0,NLVPMVATV,NLVPMVATV,0.5,0.5,2,542,hamming
532,1232.0,NLVPMVATV,NLVPMVATV,0.5,0.5,2,542,hamming
533,2056.0,NLVPMVATV,NLVPMVATV,0.5,0.5,2,542,hamming
534,2054.0,NLVPMVATV,NLVPMVATV,1.0,1.0,2,542,hamming
535,2049.0,NLVPMVATV,NLVPMVATV,1.0,1.0,2,542,hamming
536,468.0,NLVPMVATV,NLVPMVATV,0.5,0.5,2,542,hamming
537,2330.0,NLVPMVATV,NLVPMVATV,1.0,1.0,2,542,hamming
538,1071.0,NLVPMVATV,NLVPMVATV,0.5,0.5,2,542,hamming
539,2931.0,NLVPMVATV,NLVPMVATV,1.0,1.0,2,542,hamming
540,2372.0,NLVPMVATV,NLVPMVATV,0.5,0.5,2,542,hamming
541,2929.0,NLVPMVATV,NLVPMVATV,1.0,1.0,2,542,hamming
542,2841.0,NLVPMVATV,NLVPMVATV,0.5,0.5,2,542,hamming
543,2187.0,NLVPMVATV,NLVPMVATV,1.0,1.0,2,542,hamming
544,2048.0,NLVPMVATV,NLVPMVATV,0.5,0.5,2,542,hamming
545,2818.0,NLVPMVATV,NLVPMVATV,0.5,0.5,2,542,hamming
546,2810.0,NLVPMVATV,NLVPMVATV,0.5,0.5,2,542,hamming
547,1221.0,NLVPMVATV,NLVPMVATV,0.5,0.5,2,542,hamming
548,2688.0,NLVPMVATV,NLVPMVATV,0.5,0.5,2,542,hamming
549,2679.0,NLVPMVATV,NLVPMVATV,0.5,0.5,2,542,hamming
550,2252.0,NLVPMVATV,NLVPMVATV,0.5,0.5,2,542,hamming
551,2643.0,NLVPMVATV,NLVPMVATV,0.5,0.5,2,542,hamming
552,2590.0,NLVPMVATV,NLVPMVATV,0.5,0.5,2,542,hamming
553,1131.0,NLVPMVATV,NLVPMVATV,0.5,0.5,2,542,hamming
554,1699.0,NLVPMVATV,NLVPMVATV,0.5,0.5,2,542,hamming
555,2565.0,NLVPMVATV,NLVPMVATV,1.0,1.0,2,542,hamming
556,2518.0,NLVPMVATV,NLVPMVATV,0.5,0.5,2,542,hamming
557,2471.0,NLVPMVATV,NLVPMVATV,1.0,1.0,2,542,hamming
558,2502.0,NLVPMVATV,NLVPMVATV,1.0,1.0,2,542,hamming
559,1646.0,NLVPMVATV,NLVPMVATV,0.5,0.5,2,542,hamming
560,2392.0,NLVPMVATV,NLVPMVATV,1.0,1.0,2,542,hamming
561,2374.0,NLVPMVATV,NLVPMVATV,0.5,0.5,2,542,hamming
562,7265.0,KLGGALQAK,KLGGALQAK,1.0,1.0,2,542,hamming
0,1.0,ELAGIGILTV,ELAGIGILTV,0.182,0.182,1000,0,random
1,0.0,NLVPMVATV,NLVPMVATV,0.186,0.186,1000,0,random
2,2.0,GILGFVFTL,GILGFVFTL,0.183,0.183,1000,0,random
3,4.0,KLGGALQAK,KLGGALQAK,0.181,0.181,1000,0,random
4,3.0,AVFDRKSDAK,AVFDRKSDAK,0.174,0.174,1000,0,random
5,5.0,RAKFKQLL,RAKFKQLL,0.202,0.202,1000,0,random
0,83,GILGFVFTL,GILGFVFTL,0.9349112426035503,0.9349112426035503,169,281,GIANA
1,241,RAKFKQLL,RAKFKQLL,0.9375,0.9375,96,281,GIANA
2,11,RAKFKQLL,RAKFKQLL,0.9538461538461539,0.9538461538461539,65,281,GIANA
3,81,GILGFVFTL,GILGFVFTL,1.0,1.0,51,281,GIANA
4,119,RAKFKQLL,RAKFKQLL,1.0,1.0,22,281,GIANA
5,77,GILGFVFTL,GILGFVFTL,0.8823529411764706,0.8823529411764706,17,281,GIANA
6,110,RAKFKQLL,RAKFKQLL,0.8666666666666667,0.8666666666666667,15,281,GIANA
7,166,RAKFKQLL,RAKFKQLL,1.0,1.0,14,281,GIANA
8,277,GILGFVFTL,GILGFVFTL,1.0,1.0,14,281,GIANA
9,75,GILGFVFTL,GILGFVFTL,1.0,1.0,14,281,GIANA
10,123,RAKFKQLL,RAKFKQLL,1.0,1.0,13,281,GIANA
11,268,RAKFKQLL,RAKFKQLL,1.0,1.0,13,281,GIANA
12,62,RAKFKQLL,RAKFKQLL,0.9090909090909091,0.9090909090909091,11,281,GIANA
13,136,AVFDRKSDAK,KLGGALQAK,0.5454545454545454,0.45454545454545453,11,281,GIANA
14,274,GILGFVFTL,GILGFVFTL,1.0,1.0,10,281,GIANA
15,90,RAKFKQLL,KLGGALQAK,0.3333333333333333,0.2222222222222222,9,281,GIANA
16,162,RAKFKQLL,AVFDRKSDAK,0.4444444444444444,0.3333333333333333,9,281,GIANA
17,2,RAKFKQLL,RAKFKQLL,1.0,1.0,9,281,GIANA
18,22,RAKFKQLL,RAKFKQLL,0.875,0.875,8,281,GIANA
19,9,RAKFKQLL,RAKFKQLL,1.0,1.0,8,281,GIANA
20,251,AVFDRKSDAK,AVFDRKSDAK,0.875,0.875,8,281,GIANA
21,219,RAKFKQLL,RAKFKQLL,1.0,1.0,8,281,GIANA
22,239,AVFDRKSDAK,AVFDRKSDAK,0.5,0.5,8,281,GIANA
23,76,GILGFVFTL,GILGFVFTL,1.0,1.0,8,281,GIANA
24,273,NLVPMVATV,NLVPMVATV,0.75,0.75,8,281,GIANA
25,67,GILGFVFTL,GILGFVFTL,1.0,1.0,8,281,GIANA
26,250,AVFDRKSDAK,AVFDRKSDAK,1.0,1.0,7,281,GIANA
27,269,RAKFKQLL,RAKFKQLL,1.0,1.0,7,281,GIANA
28,171,RAKFKQLL,RAKFKQLL,1.0,1.0,7,281,GIANA
29,20,KLGGALQAK,KLGGALQAK,0.7142857142857143,0.7142857142857143,7,281,GIANA
30,275,GILGFVFTL,GILGFVFTL,1.0,1.0,7,281,GIANA
31,172,RAKFKQLL,RAKFKQLL,1.0,1.0,7,281,GIANA
32,284,RAKFKQLL,RAKFKQLL,1.0,1.0,7,281,GIANA
33,253,NLVPMVATV,NLVPMVATV,1.0,1.0,6,281,GIANA
34,191,NLVPMVATV,NLVPMVATV,1.0,1.0,6,281,GIANA
35,74,GILGFVFTL,GILGFVFTL,1.0,1.0,6,281,GIANA
36,7,AVFDRKSDAK,KLGGALQAK,0.5,0.5,6,281,GIANA
37,68,GILGFVFTL,GILGFVFTL,1.0,1.0,6,281,GIANA
38,140,RAKFKQLL,AVFDRKSDAK,0.5,0.3333333333333333,6,281,GIANA
39,201,RAKFKQLL,RAKFKQLL,1.0,1.0,6,281,GIANA
40,122,RAKFKQLL,AVFDRKSDAK,0.6666666666666666,0.3333333333333333,6,281,GIANA
41,21,RAKFKQLL,RAKFKQLL,1.0,1.0,6,281,GIANA
42,152,RAKFKQLL,ELAGIGILTV,0.5,0.16666666666666666,6,281,GIANA
43,98,RAKFKQLL,RAKFKQLL,1.0,1.0,5,281,GIANA
44,58,GILGFVFTL,GILGFVFTL,1.0,1.0,5,281,GIANA
45,168,RAKFKQLL,RAKFKQLL,1.0,1.0,5,281,GIANA
46,139,RAKFKQLL,RAKFKQLL,0.8,0.8,5,281,GIANA
47,120,RAKFKQLL,RAKFKQLL,1.0,1.0,5,281,GIANA
48,276,GILGFVFTL,GILGFVFTL,1.0,1.0,5,281,GIANA
49,3,KLGGALQAK,KLGGALQAK,0.6,0.6,5,281,GIANA
50,144,RAKFKQLL,KLGGALQAK,0.5,0.25,4,281,GIANA
51,99,RAKFKQLL,AVFDRKSDAK,0.5,0.25,4,281,GIANA
52,196,RAKFKQLL,RAKFKQLL,1.0,1.0,4,281,GIANA
53,154,NLVPMVATV,NLVPMVATV,1.0,1.0,4,281,GIANA
54,242,ELAGIGILTV,ELAGIGILTV,1.0,1.0,4,281,GIANA
55,294,RAKFKQLL,RAKFKQLL,1.0,1.0,4,281,GIANA
56,127,AVFDRKSDAK,AVFDRKSDAK,1.0,1.0,4,281,GIANA
57,94,AVFDRKSDAK,KLGGALQAK,0.5,0.5,4,281,GIANA
58,121,RAKFKQLL,AVFDRKSDAK,0.75,0.25,4,281,GIANA
59,115,RAKFKQLL,ELAGIGILTV,0.75,0.25,4,281,GIANA
60,124,RAKFKQLL,RAKFKQLL,1.0,1.0,4,281,GIANA
61,240,GILGFVFTL,NLVPMVATV,0.5,0.25,4,281,GIANA
62,161,NLVPMVATV,NLVPMVATV,1.0,1.0,4,281,GIANA
63,13,RAKFKQLL,RAKFKQLL,0.75,0.75,4,281,GIANA
64,63,ELAGIGILTV,NLVPMVATV,0.25,0.25,4,281,GIANA
65,280,RAKFKQLL,RAKFKQLL,1.0,1.0,4,281,GIANA
66,164,AVFDRKSDAK,KLGGALQAK,0.5,0.5,4,281,GIANA
67,96,RAKFKQLL,AVFDRKSDAK,0.75,0.25,4,281,GIANA
68,97,RAKFKQLL,RAKFKQLL,1.0,1.0,4,281,GIANA
69,215,RAKFKQLL,RAKFKQLL,1.0,1.0,4,281,GIANA
70,248,ELAGIGILTV,ELAGIGILTV,1.0,1.0,4,281,GIANA
71,211,AVFDRKSDAK,AVFDRKSDAK,0.5,0.5,4,281,GIANA
72,232,RAKFKQLL,RAKFKQLL,1.0,1.0,4,281,GIANA
73,109,RAKFKQLL,RAKFKQLL,1.0,1.0,3,281,GIANA
74,208,RAKFKQLL,RAKFKQLL,1.0,1.0,3,281,GIANA
75,82,GILGFVFTL,GILGFVFTL,1.0,1.0,3,281,GIANA
76,204,AVFDRKSDAK,AVFDRKSDAK,0.6666666666666666,0.6666666666666666,3,281,GIANA
77,113,RAKFKQLL,RAKFKQLL,1.0,1.0,3,281,GIANA
78,61,RAKFKQLL,RAKFKQLL,1.0,1.0,3,281,GIANA
79,271,GILGFVFTL,GILGFVFTL,1.0,1.0,3,281,GIANA
80,86,RAKFKQLL,RAKFKQLL,1.0,1.0,3,281,GIANA
81,78,GILGFVFTL,GILGFVFTL,1.0,1.0,3,281,GIANA
82,158,GILGFVFTL,GILGFVFTL,0.6666666666666666,0.6666666666666666,3,281,GIANA
83,85,GILGFVFTL,GILGFVFTL,1.0,1.0,3,281,GIANA
84,26,GILGFVFTL,GILGFVFTL,1.0,1.0,3,281,GIANA
85,255,RAKFKQLL,KLGGALQAK,0.6666666666666666,0.3333333333333333,3,281,GIANA
86,160,GILGFVFTL,GILGFVFTL,0.6666666666666666,0.6666666666666666,3,281,GIANA
87,8,GILGFVFTL,AVFDRKSDAK,0.3333333333333333,0.3333333333333333,3,281,GIANA
88,31,GILGFVFTL,GILGFVFTL,1.0,1.0,3,281,GIANA
89,263,RAKFKQLL,RAKFKQLL,1.0,1.0,3,281,GIANA
90,225,RAKFKQLL,RAKFKQLL,1.0,1.0,3,281,GIANA
91,193,RAKFKQLL,AVFDRKSDAK,0.6666666666666666,0.3333333333333333,3,281,GIANA
92,189,RAKFKQLL,RAKFKQLL,1.0,1.0,3,281,GIANA
93,59,GILGFVFTL,AVFDRKSDAK,0.3333333333333333,0.3333333333333333,3,281,GIANA
94,91,RAKFKQLL,RAKFKQLL,0.6666666666666666,0.6666666666666666,3,281,GIANA
95,65,GILGFVFTL,GILGFVFTL,1.0,1.0,3,281,GIANA
96,222,RAKFKQLL,RAKFKQLL,0.6666666666666666,0.6666666666666666,3,281,GIANA
97,56,GILGFVFTL,NLVPMVATV,0.6666666666666666,0.3333333333333333,3,281,GIANA
98,200,RAKFKQLL,RAKFKQLL,1.0,1.0,3,281,GIANA
99,245,ELAGIGILTV,ELAGIGILTV,1.0,1.0,3,281,GIANA
100,247,ELAGIGILTV,ELAGIGILTV,0.3333333333333333,0.3333333333333333,3,281,GIANA
101,103,KLGGALQAK,KLGGALQAK,0.6666666666666666,0.6666666666666666,3,281,GIANA
102,71,NLVPMVATV,NLVPMVATV,0.3333333333333333,0.3333333333333333,3,281,GIANA
103,101,NLVPMVATV,NLVPMVATV,1.0,1.0,3,281,GIANA
104,93,AVFDRKSDAK,AVFDRKSDAK,0.6666666666666666,0.6666666666666666,3,281,GIANA
105,203,ELAGIGILTV,ELAGIGILTV,1.0,1.0,3,281,GIANA
106,130,RAKFKQLL,KLGGALQAK,0.3333333333333333,0.3333333333333333,3,281,GIANA
107,155,RAKFKQLL,NLVPMVATV,0.6666666666666666,0.3333333333333333,3,281,GIANA
108,73,ELAGIGILTV,ELAGIGILTV,0.6666666666666666,0.6666666666666666,3,281,GIANA
109,4,KLGGALQAK,KLGGALQAK,0.6666666666666666,0.6666666666666666,3,281,GIANA
110,159,RAKFKQLL,KLGGALQAK,0.3333333333333333,0.3333333333333333,3,281,GIANA
111,57,ELAGIGILTV,ELAGIGILTV,0.6666666666666666,0.6666666666666666,3,281,GIANA
112,207,KLGGALQAK,KLGGALQAK,0.6666666666666666,0.6666666666666666,3,281,GIANA
113,105,KLGGALQAK,KLGGALQAK,1.0,1.0,3,281,GIANA
114,272,GILGFVFTL,NLVPMVATV,0.6666666666666666,0.3333333333333333,3,281,GIANA
115,126,RAKFKQLL,KLGGALQAK,0.6666666666666666,0.3333333333333333,3,281,GIANA
116,217,ELAGIGILTV,ELAGIGILTV,1.0,1.0,3,281,GIANA
117,47,RAKFKQLL,RAKFKQLL,1.0,1.0,3,281,GIANA
118,52,KLGGALQAK,KLGGALQAK,1.0,1.0,2,281,GIANA
119,19,AVFDRKSDAK,AVFDRKSDAK,1.0,1.0,2,281,GIANA
120,163,AVFDRKSDAK,KLGGALQAK,0.5,0.5,2,281,GIANA
121,156,KLGGALQAK,KLGGALQAK,1.0,1.0,2,281,GIANA
122,173,AVFDRKSDAK,AVFDRKSDAK,1.0,1.0,2,281,GIANA
123,265,RAKFKQLL,AVFDRKSDAK,0.5,0.5,2,281,GIANA
124,258,AVFDRKSDAK,KLGGALQAK,0.5,0.5,2,281,GIANA
125,283,AVFDRKSDAK,KLGGALQAK,0.5,0.5,2,281,GIANA
126,175,AVFDRKSDAK,KLGGALQAK,0.5,0.5,2,281,GIANA
127,149,RAKFKQLL,AVFDRKSDAK,0.5,0.5,2,281,GIANA
128,177,RAKFKQLL,RAKFKQLL,1.0,1.0,2,281,GIANA
129,112,KLGGALQAK,KLGGALQAK,1.0,1.0,2,281,GIANA
130,194,AVFDRKSDAK,AVFDRKSDAK,1.0,1.0,2,281,GIANA
131,27,AVFDRKSDAK,KLGGALQAK,0.5,0.5,2,281,GIANA
132,34,AVFDRKSDAK,KLGGALQAK,0.5,0.5,2,281,GIANA
133,17,AVFDRKSDAK,AVFDRKSDAK,1.0,1.0,2,281,GIANA
134,72,AVFDRKSDAK,KLGGALQAK,0.5,0.5,2,281,GIANA
135,260,KLGGALQAK,KLGGALQAK,1.0,1.0,2,281,GIANA
136,137,KLGGALQAK,KLGGALQAK,1.0,1.0,2,281,GIANA
137,128,KLGGALQAK,KLGGALQAK,1.0,1.0,2,281,GIANA
138,141,AVFDRKSDAK,AVFDRKSDAK,1.0,1.0,2,281,GIANA
139,182,KLGGALQAK,KLGGALQAK,1.0,1.0,2,281,GIANA
140,134,AVFDRKSDAK,KLGGALQAK,0.5,0.5,2,281,GIANA
141,199,AVFDRKSDAK,KLGGALQAK,0.5,0.5,2,281,GIANA
142,254,KLGGALQAK,KLGGALQAK,1.0,1.0,2,281,GIANA
143,206,AVFDRKSDAK,KLGGALQAK,0.5,0.5,2,281,GIANA
144,167,RAKFKQLL,RAKFKQLL,1.0,1.0,2,281,GIANA
145,131,RAKFKQLL,AVFDRKSDAK,0.5,0.5,2,281,GIANA
146,104,AVFDRKSDAK,KLGGALQAK,0.5,0.5,2,281,GIANA
147,267,AVFDRKSDAK,AVFDRKSDAK,1.0,1.0,2,281,GIANA
148,237,RAKFKQLL,AVFDRKSDAK,0.5,0.5,2,281,GIANA
149,87,RAKFKQLL,AVFDRKSDAK,0.5,0.5,2,281,GIANA
150,114,RAKFKQLL,RAKFKQLL,1.0,1.0,2,281,GIANA
151,227,RAKFKQLL,KLGGALQAK,0.5,0.5,2,281,GIANA
152,178,RAKFKQLL,RAKFKQLL,1.0,1.0,2,281,GIANA
153,229,RAKFKQLL,KLGGALQAK,0.5,0.5,2,281,GIANA
154,1,RAKFKQLL,RAKFKQLL,1.0,1.0,2,281,GIANA
155,5,RAKFKQLL,AVFDRKSDAK,0.5,0.5,2,281,GIANA
156,214,RAKFKQLL,RAKFKQLL,1.0,1.0,2,281,GIANA
157,108,RAKFKQLL,RAKFKQLL,1.0,1.0,2,281,GIANA
158,150,RAKFKQLL,RAKFKQLL,1.0,1.0,2,281,GIANA
159,190,RAKFKQLL,RAKFKQLL,1.0,1.0,2,281,GIANA
160,133,RAKFKQLL,RAKFKQLL,1.0,1.0,2,281,GIANA
161,100,RAKFKQLL,RAKFKQLL,1.0,1.0,2,281,GIANA
162,192,RAKFKQLL,RAKFKQLL,1.0,1.0,2,281,GIANA
163,14,RAKFKQLL,AVFDRKSDAK,0.5,0.5,2,281,GIANA
164,125,RAKFKQLL,AVFDRKSDAK,0.5,0.5,2,281,GIANA
165,116,RAKFKQLL,RAKFKQLL,1.0,1.0,2,281,GIANA
166,129,RAKFKQLL,AVFDRKSDAK,0.5,0.5,2,281,GIANA
167,281,RAKFKQLL,RAKFKQLL,1.0,1.0,2,281,GIANA
168,282,RAKFKQLL,AVFDRKSDAK,0.5,0.5,2,281,GIANA
169,197,RAKFKQLL,RAKFKQLL,1.0,1.0,2,281,GIANA
170,88,AVFDRKSDAK,KLGGALQAK,0.5,0.5,2,281,GIANA
171,209,RAKFKQLL,RAKFKQLL,1.0,1.0,2,281,GIANA
172,176,AVFDRKSDAK,AVFDRKSDAK,1.0,1.0,2,281,GIANA
173,291,AVFDRKSDAK,AVFDRKSDAK,1.0,1.0,2,281,GIANA
174,92,AVFDRKSDAK,KLGGALQAK,0.5,0.5,2,281,GIANA
175,102,RAKFKQLL,RAKFKQLL,1.0,1.0,2,281,GIANA
176,174,AVFDRKSDAK,AVFDRKSDAK,1.0,1.0,2,281,GIANA
177,183,RAKFKQLL,RAKFKQLL,1.0,1.0,2,281,GIANA
178,252,AVFDRKSDAK,AVFDRKSDAK,1.0,1.0,2,281,GIANA
179,48,RAKFKQLL,RAKFKQLL,1.0,1.0,2,281,GIANA
180,107,RAKFKQLL,RAKFKQLL,1.0,1.0,2,281,GIANA
181,165,AVFDRKSDAK,KLGGALQAK,0.5,0.5,2,281,GIANA
182,40,RAKFKQLL,KLGGALQAK,0.5,0.5,2,281,GIANA
183,210,RAKFKQLL,AVFDRKSDAK,0.5,0.5,2,281,GIANA
184,53,ELAGIGILTV,ELAGIGILTV,1.0,1.0,2,281,GIANA
185,10,GILGFVFTL,AVFDRKSDAK,0.5,0.5,2,281,GIANA
186,170,RAKFKQLL,RAKFKQLL,1.0,1.0,2,281,GIANA
187,223,ELAGIGILTV,ELAGIGILTV,0.5,0.5,2,281,GIANA
188,153,ELAGIGILTV,ELAGIGILTV,0.5,0.5,2,281,GIANA
189,35,ELAGIGILTV,ELAGIGILTV,0.5,0.5,2,281,GIANA
190,132,ELAGIGILTV,ELAGIGILTV,0.5,0.5,2,281,GIANA
191,41,ELAGIGILTV,ELAGIGILTV,0.5,0.5,2,281,GIANA
192,213,ELAGIGILTV,ELAGIGILTV,0.5,0.5,2,281,GIANA
193,246,ELAGIGILTV,ELAGIGILTV,1.0,1.0,2,281,GIANA
194,224,ELAGIGILTV,NLVPMVATV,0.5,0.5,2,281,GIANA
195,118,ELAGIGILTV,ELAGIGILTV,1.0,1.0,2,281,GIANA
196,286,ELAGIGILTV,NLVPMVATV,0.5,0.5,2,281,GIANA
197,151,ELAGIGILTV,ELAGIGILTV,0.5,0.5,2,281,GIANA
198,28,ELAGIGILTV,NLVPMVATV,0.5,0.5,2,281,GIANA
199,38,NLVPMVATV,NLVPMVATV,0.5,0.5,2,281,GIANA
200,188,NLVPMVATV,NLVPMVATV,1.0,1.0,2,281,GIANA
201,236,NLVPMVATV,NLVPMVATV,0.5,0.5,2,281,GIANA
202,266,NLVPMVATV,NLVPMVATV,1.0,1.0,2,281,GIANA
203,25,NLVPMVATV,NLVPMVATV,0.5,0.5,2,281,GIANA
204,287,NLVPMVATV,NLVPMVATV,0.5,0.5,2,281,GIANA
205,55,NLVPMVATV,NLVPMVATV,1.0,1.0,2,281,GIANA
206,185,NLVPMVATV,NLVPMVATV,1.0,1.0,2,281,GIANA
207,231,NLVPMVATV,NLVPMVATV,0.5,0.5,2,281,GIANA
208,36,NLVPMVATV,NLVPMVATV,0.5,0.5,2,281,GIANA
209,60,NLVPMVATV,NLVPMVATV,0.5,0.5,2,281,GIANA
210,293,NLVPMVATV,NLVPMVATV,1.0,1.0,2,281,GIANA
211,169,NLVPMVATV,NLVPMVATV,1.0,1.0,2,281,GIANA
212,80,ELAGIGILTV,ELAGIGILTV,1.0,1.0,2,281,GIANA
213,145,ELAGIGILTV,ELAGIGILTV,0.5,0.5,2,281,GIANA
214,142,ELAGIGILTV,ELAGIGILTV,1.0,1.0,2,281,GIANA
215,202,ELAGIGILTV,ELAGIGILTV,0.5,0.5,2,281,GIANA
216,50,ELAGIGILTV,ELAGIGILTV,1.0,1.0,2,281,GIANA
217,279,ELAGIGILTV,ELAGIGILTV,0.5,0.5,2,281,GIANA
218,146,ELAGIGILTV,ELAGIGILTV,0.5,0.5,2,281,GIANA
219,249,ELAGIGILTV,ELAGIGILTV,1.0,1.0,2,281,GIANA
220,180,ELAGIGILTV,ELAGIGILTV,1.0,1.0,2,281,GIANA
221,148,ELAGIGILTV,NLVPMVATV,0.5,0.5,2,281,GIANA
222,106,ELAGIGILTV,ELAGIGILTV,1.0,1.0,2,281,GIANA
223,235,ELAGIGILTV,ELAGIGILTV,1.0,1.0,2,281,GIANA
224,212,ELAGIGILTV,ELAGIGILTV,1.0,1.0,2,281,GIANA
225,216,ELAGIGILTV,ELAGIGILTV,1.0,1.0,2,281,GIANA
226,243,ELAGIGILTV,ELAGIGILTV,0.5,0.5,2,281,GIANA
227,29,ELAGIGILTV,ELAGIGILTV,1.0,1.0,2,281,GIANA
228,221,ELAGIGILTV,NLVPMVATV,0.5,0.5,2,281,GIANA
229,143,ELAGIGILTV,ELAGIGILTV,1.0,1.0,2,281,GIANA
230,179,ELAGIGILTV,ELAGIGILTV,1.0,1.0,2,281,GIANA
231,264,ELAGIGILTV,ELAGIGILTV,1.0,1.0,2,281,GIANA
232,238,ELAGIGILTV,ELAGIGILTV,1.0,1.0,2,281,GIANA
233,37,ELAGIGILTV,NLVPMVATV,0.5,0.5,2,281,GIANA
234,256,ELAGIGILTV,ELAGIGILTV,0.5,0.5,2,281,GIANA
235,289,ELAGIGILTV,NLVPMVATV,0.5,0.5,2,281,GIANA
236,195,ELAGIGILTV,ELAGIGILTV,1.0,1.0,2,281,GIANA
237,220,ELAGIGILTV,NLVPMVATV,0.5,0.5,2,281,GIANA
238,226,ELAGIGILTV,ELAGIGILTV,1.0,1.0,2,281,GIANA
239,39,NLVPMVATV,NLVPMVATV,0.5,0.5,2,281,GIANA
240,135,NLVPMVATV,NLVPMVATV,0.5,0.5,2,281,GIANA
241,230,RAKFKQLL,AVFDRKSDAK,0.5,0.5,2,281,GIANA
242,184,GILGFVFTL,AVFDRKSDAK,0.5,0.5,2,281,GIANA
243,181,GILGFVFTL,AVFDRKSDAK,0.5,0.5,2,281,GIANA
244,49,GILGFVFTL,AVFDRKSDAK,0.5,0.5,2,281,GIANA
245,66,GILGFVFTL,GILGFVFTL,1.0,1.0,2,281,GIANA
246,259,GILGFVFTL,AVFDRKSDAK,0.5,0.5,2,281,GIANA
247,64,GILGFVFTL,GILGFVFTL,1.0,1.0,2,281,GIANA
248,218,GILGFVFTL,GILGFVFTL,1.0,1.0,2,281,GIANA
249,51,GILGFVFTL,GILGFVFTL,1.0,1.0,2,281,GIANA
250,278,GILGFVFTL,GILGFVFTL,1.0,1.0,2,281,GIANA
251,6,GILGFVFTL,GILGFVFTL,1.0,1.0,2,281,GIANA
252,198,GILGFVFTL,GILGFVFTL,0.5,0.5,2,281,GIANA
253,244,ELAGIGILTV,ELAGIGILTV,1.0,1.0,2,281,GIANA
254,15,GILGFVFTL,GILGFVFTL,1.0,1.0,2,281,GIANA
255,30,NLVPMVATV,NLVPMVATV,1.0,1.0,2,281,GIANA
256,54,GILGFVFTL,GILGFVFTL,1.0,1.0,2,281,GIANA
257,79,GILGFVFTL,GILGFVFTL,1.0,1.0,2,281,GIANA
258,111,RAKFKQLL,RAKFKQLL,1.0,1.0,2,281,GIANA
259,95,RAKFKQLL,KLGGALQAK,0.5,0.5,2,281,GIANA
260,12,RAKFKQLL,RAKFKQLL,1.0,1.0,2,281,GIANA
261,205,RAKFKQLL,RAKFKQLL,1.0,1.0,2,281,GIANA
262,89,RAKFKQLL,RAKFKQLL,1.0,1.0,2,281,GIANA
263,117,RAKFKQLL,AVFDRKSDAK,0.5,0.5,2,281,GIANA
264,147,RAKFKQLL,RAKFKQLL,1.0,1.0,2,281,GIANA
265,18,RAKFKQLL,RAKFKQLL,1.0,1.0,2,281,GIANA
266,295,RAKFKQLL,KLGGALQAK,0.5,0.5,2,281,GIANA
267,290,GILGFVFTL,KLGGALQAK,0.5,0.5,2,281,GIANA
268,70,GILGFVFTL,GILGFVFTL,1.0,1.0,2,281,GIANA
269,44,GILGFVFTL,GILGFVFTL,1.0,1.0,2,281,GIANA
270,32,GILGFVFTL,GILGFVFTL,1.0,1.0,2,281,GIANA
271,234,NLVPMVATV,NLVPMVATV,1.0,1.0,2,281,GIANA
272,186,NLVPMVATV,NLVPMVATV,1.0,1.0,2,281,GIANA
273,292,NLVPMVATV,NLVPMVATV,1.0,1.0,2,281,GIANA
274,233,NLVPMVATV,NLVPMVATV,0.5,0.5,2,281,GIANA
275,33,NLVPMVATV,NLVPMVATV,0.5,0.5,2,281,GIANA
276,42,NLVPMVATV,NLVPMVATV,0.5,0.5,2,281,GIANA
277,285,NLVPMVATV,NLVPMVATV,0.5,0.5,2,281,GIANA
278,262,NLVPMVATV,NLVPMVATV,0.5,0.5,2,281,GIANA
279,228,NLVPMVATV,NLVPMVATV,0.5,0.5,2,281,GIANA
280,138,NLVPMVATV,NLVPMVATV,0.5,0.5,2,281,GIANA
281,288,NLVPMVATV,NLVPMVATV,0.5,0.5,2,281,GIANA
282,45,NLVPMVATV,NLVPMVATV,0.5,0.5,2,281,GIANA
283,270,NLVPMVATV,NLVPMVATV,0.5,0.5,2,281,GIANA
284,261,NLVPMVATV,NLVPMVATV,0.5,0.5,2,281,GIANA
285,23,GILGFVFTL,GILGFVFTL,1.0,1.0,2,281,GIANA
286,69,GILGFVFTL,GILGFVFTL,1.0,1.0,2,281,GIANA
287,16,GILGFVFTL,GILGFVFTL,0.5,0.5,2,281,GIANA
288,24,GILGFVFTL,GILGFVFTL,1.0,1.0,2,281,GIANA
289,187,GILGFVFTL,GILGFVFTL,1.0,1.0,2,281,GIANA
290,43,GILGFVFTL,GILGFVFTL,1.0,1.0,2,281,GIANA
291,157,GILGFVFTL,GILGFVFTL,1.0,1.0,2,281,GIANA
292,84,GILGFVFTL,GILGFVFTL,1.0,1.0,2,281,GIANA
293,257,GILGFVFTL,GILGFVFTL,1.0,1.0,2,281,GIANA
294,46,KLGGALQAK,KLGGALQAK,1.0,1.0,2,281,GIANA
0,2,AVFDRKSDAK,AVFDRKSDAK,0.183,0.183,1000,0,random
1,5,RAKFKQLL,RAKFKQLL,0.183,0.183,1000,0,random
2,3,ELAGIGILTV,ELAGIGILTV,0.179,0.179,1000,0,random
3,4,KLGGALQAK,KLGGALQAK,0.174,0.174,1000,0,random
4,1,ELAGIGILTV,ELAGIGILTV,0.182,0.182,1000,0,random
5,0,NLVPMVATV,NLVPMVATV,0.191,0.191,1000,0,random
0,462.0,RAKFKQLL,RAKFKQLL,0.9555555555555556,0.9555555555555556,90,305,gliph2
1,2.0,GILGFVFTL,GILGFVFTL,0.9027777777777778,0.9027777777777778,72,305,gliph2
2,1.0,GILGFVFTL,GILGFVFTL,1.0,1.0,34,305,gliph2
3,3.0,GILGFVFTL,GILGFVFTL,0.9032258064516129,0.9032258064516129,31,305,gliph2
4,8.0,GILGFVFTL,GILGFVFTL,0.8333333333333334,0.8333333333333334,18,305,gliph2
5,4.0,GILGFVFTL,GILGFVFTL,1.0,1.0,15,305,gliph2
6,38.0,AVFDRKSDAK,AVFDRKSDAK,0.9166666666666666,0.9166666666666666,12,305,gliph2
7,0.0,GILGFVFTL,GILGFVFTL,1.0,1.0,12,305,gliph2
8,35.0,GILGFVFTL,GILGFVFTL,1.0,1.0,12,305,gliph2
9,403.0,AVFDRKSDAK,KLGGALQAK,0.5454545454545454,0.45454545454545453,11,305,gliph2
10,148.0,RAKFKQLL,RAKFKQLL,0.9090909090909091,0.9090909090909091,11,305,gliph2
11,39.0,GILGFVFTL,GILGFVFTL,1.0,1.0,9,305,gliph2
12,501.0,RAKFKQLL,RAKFKQLL,1.0,1.0,8,305,gliph2
13,570.0,RAKFKQLL,RAKFKQLL,1.0,1.0,8,305,gliph2
14,10.0,AVFDRKSDAK,AVFDRKSDAK,0.5,0.5,8,305,gliph2
15,338.0,RAKFKQLL,RAKFKQLL,0.875,0.875,8,305,gliph2
16,12.0,GILGFVFTL,GILGFVFTL,1.0,1.0,8,305,gliph2
17,17.0,GILGFVFTL,GILGFVFTL,1.0,1.0,8,305,gliph2
18,19.0,GILGFVFTL,GILGFVFTL,1.0,1.0,7,305,gliph2
19,44.0,GILGFVFTL,GILGFVFTL,1.0,1.0,7,305,gliph2
20,323.0,RAKFKQLL,RAKFKQLL,1.0,1.0,7,305,gliph2
21,124.0,KLGGALQAK,KLGGALQAK,0.42857142857142855,0.42857142857142855,7,305,gliph2
22,21.0,GILGFVFTL,GILGFVFTL,1.0,1.0,7,305,gliph2
23,33.0,ELAGIGILTV,ELAGIGILTV,1.0,1.0,7,305,gliph2
24,41.0,GILGFVFTL,GILGFVFTL,1.0,1.0,7,305,gliph2
25,18.0,GILGFVFTL,GILGFVFTL,1.0,1.0,7,305,gliph2
26,185.0,RAKFKQLL,RAKFKQLL,0.5,0.5,6,305,gliph2
27,89.0,KLGGALQAK,KLGGALQAK,0.3333333333333333,0.3333333333333333,6,305,gliph2
28,5.0,NLVPMVATV,NLVPMVATV,1.0,1.0,6,305,gliph2
29,76.0,NLVPMVATV,NLVPMVATV,1.0,1.0,6,305,gliph2
30,7.0,NLVPMVATV,NLVPMVATV,1.0,1.0,6,305,gliph2
31,214.0,NLVPMVATV,AVFDRKSDAK,0.3333333333333333,0.3333333333333333,6,305,gliph2
32,206.0,RAKFKQLL,RAKFKQLL,0.8,0.8,5,305,gliph2
33,42.0,GILGFVFTL,GILGFVFTL,1.0,1.0,5,305,gliph2
34,426.0,RAKFKQLL,RAKFKQLL,0.6,0.6,5,305,gliph2
35,405.0,AVFDRKSDAK,AVFDRKSDAK,0.4,0.4,5,305,gliph2
36,25.0,GILGFVFTL,GILGFVFTL,1.0,1.0,5,305,gliph2
37,24.0,GILGFVFTL,GILGFVFTL,1.0,1.0,5,305,gliph2
38,9.0,GILGFVFTL,GILGFVFTL,1.0,1.0,5,305,gliph2
39,423.0,RAKFKQLL,RAKFKQLL,0.8,0.8,5,305,gliph2
40,61.0,NLVPMVATV,NLVPMVATV,0.8,0.8,5,305,gliph2
41,98.0,GILGFVFTL,KLGGALQAK,0.25,0.25,4,305,gliph2
42,349.0,NLVPMVATV,NLVPMVATV,0.75,0.75,4,305,gliph2
43,32.0,GILGFVFTL,GILGFVFTL,1.0,1.0,4,305,gliph2
44,63.0,GILGFVFTL,NLVPMVATV,0.75,0.25,4,305,gliph2
45,181.0,NLVPMVATV,NLVPMVATV,1.0,1.0,4,305,gliph2
46,299.0,RAKFKQLL,RAKFKQLL,0.75,0.75,4,305,gliph2
47,11.0,GILGFVFTL,GILGFVFTL,1.0,1.0,4,305,gliph2
48,20.0,GILGFVFTL,GILGFVFTL,1.0,1.0,4,305,gliph2
49,59.0,GILGFVFTL,GILGFVFTL,1.0,1.0,4,305,gliph2
50,343.0,RAKFKQLL,RAKFKQLL,1.0,1.0,4,305,gliph2
51,40.0,GILGFVFTL,GILGFVFTL,1.0,1.0,4,305,gliph2
52,261.0,RAKFKQLL,KLGGALQAK,0.5,0.25,4,305,gliph2
53,37.0,GILGFVFTL,GILGFVFTL,1.0,1.0,4,305,gliph2
54,258.0,ELAGIGILTV,ELAGIGILTV,1.0,1.0,4,305,gliph2
55,92.0,GILGFVFTL,NLVPMVATV,0.5,0.25,4,305,gliph2
56,209.0,GILGFVFTL,GILGFVFTL,0.75,0.75,4,305,gliph2
57,30.0,GILGFVFTL,GILGFVFTL,1.0,1.0,4,305,gliph2
58,226.0,KLGGALQAK,KLGGALQAK,0.5,0.5,4,305,gliph2
59,45.0,ELAGIGILTV,ELAGIGILTV,1.0,1.0,4,305,gliph2
60,13.0,GILGFVFTL,GILGFVFTL,1.0,1.0,4,305,gliph2
61,73.0,ELAGIGILTV,ELAGIGILTV,1.0,1.0,4,305,gliph2
62,437.0,RAKFKQLL,RAKFKQLL,1.0,1.0,4,305,gliph2
63,144.0,GILGFVFTL,GILGFVFTL,1.0,1.0,3,305,gliph2
64,28.0,GILGFVFTL,GILGFVFTL,1.0,1.0,3,305,gliph2
65,430.0,KLGGALQAK,KLGGALQAK,1.0,1.0,3,305,gliph2
66,394.0,RAKFKQLL,KLGGALQAK,0.3333333333333333,0.3333333333333333,3,305,gliph2
67,80.0,ELAGIGILTV,ELAGIGILTV,0.6666666666666666,0.6666666666666666,3,305,gliph2
68,402.0,ELAGIGILTV,ELAGIGILTV,0.6666666666666666,0.6666666666666666,3,305,gliph2
69,471.0,NLVPMVATV,KLGGALQAK,0.3333333333333333,0.3333333333333333,3,305,gliph2
70,514.0,ELAGIGILTV,ELAGIGILTV,0.6666666666666666,0.6666666666666666,3,305,gliph2
71,91.0,GILGFVFTL,GILGFVFTL,1.0,1.0,3,305,gliph2
72,373.0,GILGFVFTL,AVFDRKSDAK,0.3333333333333333,0.3333333333333333,3,305,gliph2
73,488.0,RAKFKQLL,RAKFKQLL,0.6666666666666666,0.6666666666666666,3,305,gliph2
74,74.0,AVFDRKSDAK,AVFDRKSDAK,1.0,1.0,3,305,gliph2
75,66.0,GILGFVFTL,GILGFVFTL,1.0,1.0,3,305,gliph2
76,166.0,AVFDRKSDAK,AVFDRKSDAK,1.0,1.0,3,305,gliph2
77,143.0,GILGFVFTL,GILGFVFTL,1.0,1.0,3,305,gliph2
78,207.0,GILGFVFTL,GILGFVFTL,0.6666666666666666,0.6666666666666666,3,305,gliph2
79,119.0,AVFDRKSDAK,AVFDRKSDAK,0.6666666666666666,0.6666666666666666,3,305,gliph2
80,212.0,GILGFVFTL,AVFDRKSDAK,0.6666666666666666,0.3333333333333333,3,305,gliph2
81,264.0,GILGFVFTL,GILGFVFTL,1.0,1.0,3,305,gliph2
82,87.0,NLVPMVATV,NLVPMVATV,0.6666666666666666,0.6666666666666666,3,305,gliph2
83,502.0,NLVPMVATV,KLGGALQAK,0.3333333333333333,0.3333333333333333,3,305,gliph2
84,90.0,RAKFKQLL,RAKFKQLL,1.0,1.0,3,305,gliph2
85,211.0,RAKFKQLL,RAKFKQLL,0.6666666666666666,0.6666666666666666,3,305,gliph2
86,132.0,AVFDRKSDAK,AVFDRKSDAK,0.6666666666666666,0.6666666666666666,3,305,gliph2
87,304.0,RAKFKQLL,RAKFKQLL,1.0,1.0,3,305,gliph2
88,348.0,GILGFVFTL,GILGFVFTL,0.6666666666666666,0.6666666666666666,3,305,gliph2
89,429.0,RAKFKQLL,RAKFKQLL,0.6666666666666666,0.6666666666666666,3,305,gliph2
90,267.0,ELAGIGILTV,KLGGALQAK,0.3333333333333333,0.3333333333333333,3,305,gliph2
91,306.0,ELAGIGILTV,AVFDRKSDAK,0.3333333333333333,0.3333333333333333,3,305,gliph2
92,23.0,GILGFVFTL,GILGFVFTL,1.0,1.0,3,305,gliph2
93,65.0,ELAGIGILTV,ELAGIGILTV,0.6666666666666666,0.6666666666666666,3,305,gliph2
94,16.0,GILGFVFTL,GILGFVFTL,1.0,1.0,3,305,gliph2
95,75.0,GILGFVFTL,GILGFVFTL,1.0,1.0,3,305,gliph2
96,97.0,ELAGIGILTV,AVFDRKSDAK,0.3333333333333333,0.3333333333333333,3,305,gliph2
97,433.0,ELAGIGILTV,KLGGALQAK,0.3333333333333333,0.3333333333333333,3,305,gliph2
98,322.0,KLGGALQAK,KLGGALQAK,1.0,1.0,3,305,gliph2
99,456.0,ELAGIGILTV,ELAGIGILTV,1.0,1.0,3,305,gliph2
100,57.0,NLVPMVATV,NLVPMVATV,1.0,1.0,3,305,gliph2
101,48.0,ELAGIGILTV,ELAGIGILTV,1.0,1.0,3,305,gliph2
102,455.0,KLGGALQAK,KLGGALQAK,0.6666666666666666,0.6666666666666666,3,305,gliph2
103,224.0,GILGFVFTL,GILGFVFTL,1.0,1.0,2,305,gliph2
104,392.0,GILGFVFTL,KLGGALQAK,0.5,0.5,2,305,gliph2
105,117.0,GILGFVFTL,GILGFVFTL,1.0,1.0,2,305,gliph2
106,53.0,GILGFVFTL,GILGFVFTL,1.0,1.0,2,305,gliph2
107,99.0,GILGFVFTL,GILGFVFTL,1.0,1.0,2,305,gliph2
108,123.0,GILGFVFTL,GILGFVFTL,1.0,1.0,2,305,gliph2
109,120.0,GILGFVFTL,GILGFVFTL,1.0,1.0,2,305,gliph2
110,134.0,GILGFVFTL,GILGFVFTL,1.0,1.0,2,305,gliph2
111,131.0,GILGFVFTL,GILGFVFTL,1.0,1.0,2,305,gliph2
112,70.0,GILGFVFTL,GILGFVFTL,1.0,1.0,2,305,gliph2
113,111.0,GILGFVFTL,GILGFVFTL,1.0,1.0,2,305,gliph2
114,104.0,GILGFVFTL,GILGFVFTL,1.0,1.0,2,305,gliph2
115,190.0,GILGFVFTL,GILGFVFTL,1.0,1.0,2,305,gliph2
116,52.0,GILGFVFTL,GILGFVFTL,1.0,1.0,2,305,gliph2
117,197.0,GILGFVFTL,GILGFVFTL,1.0,1.0,2,305,gliph2
118,228.0,GILGFVFTL,GILGFVFTL,1.0,1.0,2,305,gliph2
119,54.0,GILGFVFTL,GILGFVFTL,1.0,1.0,2,305,gliph2
120,81.0,GILGFVFTL,GILGFVFTL,1.0,1.0,2,305,gliph2
121,230.0,ELAGIGILTV,ELAGIGILTV,1.0,1.0,2,305,gliph2
122,62.0,GILGFVFTL,GILGFVFTL,1.0,1.0,2,305,gliph2
123,174.0,AVFDRKSDAK,AVFDRKSDAK,1.0,1.0,2,305,gliph2
124,223.0,RAKFKQLL,RAKFKQLL,1.0,1.0,2,305,gliph2
125,93.0,RAKFKQLL,KLGGALQAK,0.5,0.5,2,305,gliph2
126,359.0,RAKFKQLL,AVFDRKSDAK,0.5,0.5,2,305,gliph2
127,563.0,RAKFKQLL,KLGGALQAK,0.5,0.5,2,305,gliph2
128,445.0,RAKFKQLL,AVFDRKSDAK,0.5,0.5,2,305,gliph2
129,512.0,RAKFKQLL,AVFDRKSDAK,0.5,0.5,2,305,gliph2
130,472.0,RAKFKQLL,AVFDRKSDAK,0.5,0.5,2,305,gliph2
131,184.0,RAKFKQLL,RAKFKQLL,1.0,1.0,2,305,gliph2
132,376.0,RAKFKQLL,RAKFKQLL,1.0,1.0,2,305,gliph2
133,434.0,RAKFKQLL,AVFDRKSDAK,0.5,0.5,2,305,gliph2
134,167.0,RAKFKQLL,KLGGALQAK,0.5,0.5,2,305,gliph2
135,399.0,RAKFKQLL,KLGGALQAK,0.5,0.5,2,305,gliph2
136,380.0,RAKFKQLL,KLGGALQAK,0.5,0.5,2,305,gliph2
137,251.0,AVFDRKSDAK,KLGGALQAK,0.5,0.5,2,305,gliph2
138,391.0,RAKFKQLL,AVFDRKSDAK,0.5,0.5,2,305,gliph2
139,189.0,AVFDRKSDAK,AVFDRKSDAK,1.0,1.0,2,305,gliph2
140,533.0,AVFDRKSDAK,AVFDRKSDAK,1.0,1.0,2,305,gliph2
141,249.0,AVFDRKSDAK,KLGGALQAK,0.5,0.5,2,305,gliph2
142,422.0,AVFDRKSDAK,KLGGALQAK,0.5,0.5,2,305,gliph2
143,550.0,AVFDRKSDAK,AVFDRKSDAK,1.0,1.0,2,305,gliph2
144,574.0,AVFDRKSDAK,KLGGALQAK,0.5,0.5,2,305,gliph2
145,328.0,AVFDRKSDAK,KLGGALQAK,0.5,0.5,2,305,gliph2
146,298.0,AVFDRKSDAK,KLGGALQAK,0.5,0.5,2,305,gliph2
147,317.0,KLGGALQAK,KLGGALQAK,1.0,1.0,2,305,gliph2
148,150.0,KLGGALQAK,KLGGALQAK,1.0,1.0,2,305,gliph2
149,577.0,KLGGALQAK,KLGGALQAK,1.0,1.0,2,305,gliph2
150,262.0,KLGGALQAK,KLGGALQAK,1.0,1.0,2,305,gliph2
151,407.0,KLGGALQAK,KLGGALQAK,1.0,1.0,2,305,gliph2
152,195.0,RAKFKQLL,RAKFKQLL,1.0,1.0,2,305,gliph2
153,404.0,RAKFKQLL,AVFDRKSDAK,0.5,0.5,2,305,gliph2
154,263.0,GILGFVFTL,GILGFVFTL,1.0,1.0,2,305,gliph2
155,215.0,GILGFVFTL,KLGGALQAK,0.5,0.5,2,305,gliph2
156,159.0,GILGFVFTL,GILGFVFTL,1.0,1.0,2,305,gliph2
157,137.0,GILGFVFTL,GILGFVFTL,1.0,1.0,2,305,gliph2
158,369.0,GILGFVFTL,GILGFVFTL,1.0,1.0,2,305,gliph2
159,413.0,GILGFVFTL,KLGGALQAK,0.5,0.5,2,305,gliph2
160,110.0,GILGFVFTL,GILGFVFTL,1.0,1.0,2,305,gliph2
161,345.0,GILGFVFTL,AVFDRKSDAK,0.5,0.5,2,305,gliph2
162,489.0,GILGFVFTL,AVFDRKSDAK,0.5,0.5,2,305,gliph2
163,289.0,GILGFVFTL,GILGFVFTL,1.0,1.0,2,305,gliph2
164,14.0,GILGFVFTL,GILGFVFTL,1.0,1.0,2,305,gliph2
165,331.0,GILGFVFTL,GILGFVFTL,1.0,1.0,2,305,gliph2
166,374.0,GILGFVFTL,GILGFVFTL,1.0,1.0,2,305,gliph2
167,50.0,GILGFVFTL,GILGFVFTL,1.0,1.0,2,305,gliph2
168,136.0,GILGFVFTL,GILGFVFTL,1.0,1.0,2,305,gliph2
169,43.0,GILGFVFTL,KLGGALQAK,0.5,0.5,2,305,gliph2
170,196.0,RAKFKQLL,RAKFKQLL,1.0,1.0,2,305,gliph2
171,69.0,GILGFVFTL,GILGFVFTL,1.0,1.0,2,305,gliph2
172,213.0,GILGFVFTL,RAKFKQLL,0.5,0.5,2,305,gliph2
173,31.0,GILGFVFTL,GILGFVFTL,1.0,1.0,2,305,gliph2
174,352.0,RAKFKQLL,RAKFKQLL,1.0,1.0,2,305,gliph2
175,497.0,RAKFKQLL,RAKFKQLL,1.0,1.0,2,305,gliph2
176,188.0,RAKFKQLL,RAKFKQLL,1.0,1.0,2,305,gliph2
177,344.0,RAKFKQLL,AVFDRKSDAK,0.5,0.5,2,305,gliph2
178,187.0,RAKFKQLL,KLGGALQAK,0.5,0.5,2,305,gliph2
179,327.0,RAKFKQLL,AVFDRKSDAK,0.5,0.5,2,305,gliph2
180,442.0,RAKFKQLL,RAKFKQLL,1.0,1.0,2,305,gliph2
181,118.0,RAKFKQLL,RAKFKQLL,1.0,1.0,2,305,gliph2
182,178.0,RAKFKQLL,AVFDRKSDAK,0.5,0.5,2,305,gliph2
183,194.0,RAKFKQLL,RAKFKQLL,1.0,1.0,2,305,gliph2
184,473.0,GILGFVFTL,AVFDRKSDAK,0.5,0.5,2,305,gliph2
185,479.0,NLVPMVATV,NLVPMVATV,0.5,0.5,2,305,gliph2
186,103.0,GILGFVFTL,GILGFVFTL,1.0,1.0,2,305,gliph2
187,191.0,ELAGIGILTV,ELAGIGILTV,1.0,1.0,2,305,gliph2
188,216.0,ELAGIGILTV,NLVPMVATV,0.5,0.5,2,305,gliph2
189,364.0,ELAGIGILTV,NLVPMVATV,0.5,0.5,2,305,gliph2
190,401.0,ELAGIGILTV,NLVPMVATV,0.5,0.5,2,305,gliph2
191,297.0,ELAGIGILTV,ELAGIGILTV,0.5,0.5,2,305,gliph2
192,365.0,ELAGIGILTV,KLGGALQAK,0.5,0.5,2,305,gliph2
193,341.0,ELAGIGILTV,ELAGIGILTV,1.0,1.0,2,305,gliph2
194,571.0,ELAGIGILTV,AVFDRKSDAK,0.5,0.5,2,305,gliph2
195,449.0,ELAGIGILTV,ELAGIGILTV,1.0,1.0,2,305,gliph2
196,255.0,ELAGIGILTV,ELAGIGILTV,0.5,0.5,2,305,gliph2
197,499.0,ELAGIGILTV,KLGGALQAK,0.5,0.5,2,305,gliph2
198,252.0,ELAGIGILTV,NLVPMVATV,0.5,0.5,2,305,gliph2
199,179.0,ELAGIGILTV,ELAGIGILTV,1.0,1.0,2,305,gliph2
200,347.0,ELAGIGILTV,KLGGALQAK,0.5,0.5,2,305,gliph2
201,457.0,ELAGIGILTV,AVFDRKSDAK,0.5,0.5,2,305,gliph2
202,321.0,ELAGIGILTV,ELAGIGILTV,1.0,1.0,2,305,gliph2
203,375.0,ELAGIGILTV,AVFDRKSDAK,0.5,0.5,2,305,gliph2
204,165.0,ELAGIGILTV,KLGGALQAK,0.5,0.5,2,305,gliph2
205,507.0,ELAGIGILTV,AVFDRKSDAK,0.5,0.5,2,305,gliph2
206,254.0,ELAGIGILTV,ELAGIGILTV,1.0,1.0,2,305,gliph2
207,393.0,ELAGIGILTV,NLVPMVATV,0.5,0.5,2,305,gliph2
208,193.0,ELAGIGILTV,KLGGALQAK,0.5,0.5,2,305,gliph2
209,101.0,ELAGIGILTV,KLGGALQAK,0.5,0.5,2,305,gliph2
210,511.0,ELAGIGILTV,AVFDRKSDAK,0.5,0.5,2,305,gliph2
211,308.0,ELAGIGILTV,NLVPMVATV,0.5,0.5,2,305,gliph2
212,353.0,ELAGIGILTV,AVFDRKSDAK,0.5,0.5,2,305,gliph2
213,334.0,ELAGIGILTV,ELAGIGILTV,0.5,0.5,2,305,gliph2
214,470.0,ELAGIGILTV,ELAGIGILTV,0.5,0.5,2,305,gliph2
215,467.0,ELAGIGILTV,ELAGIGILTV,1.0,1.0,2,305,gliph2
216,125.0,ELAGIGILTV,ELAGIGILTV,0.5,0.5,2,305,gliph2
217,378.0,ELAGIGILTV,ELAGIGILTV,0.5,0.5,2,305,gliph2
218,305.0,ELAGIGILTV,NLVPMVATV,0.5,0.5,2,305,gliph2
219,126.0,GILGFVFTL,GILGFVFTL,1.0,1.0,2,305,gliph2
220,182.0,ELAGIGILTV,ELAGIGILTV,1.0,1.0,2,305,gliph2
221,421.0,ELAGIGILTV,ELAGIGILTV,1.0,1.0,2,305,gliph2
222,318.0,ELAGIGILTV,KLGGALQAK,0.5,0.5,2,305,gliph2
223,565.0,ELAGIGILTV,KLGGALQAK,0.5,0.5,2,305,gliph2
224,459.0,ELAGIGILTV,AVFDRKSDAK,0.5,0.5,2,305,gliph2
225,461.0,ELAGIGILTV,NLVPMVATV,0.5,0.5,2,305,gliph2
226,287.0,ELAGIGILTV,ELAGIGILTV,0.5,0.5,2,305,gliph2
227,295.0,ELAGIGILTV,NLVPMVATV,0.5,0.5,2,305,gliph2
228,578.0,ELAGIGILTV,KLGGALQAK,0.5,0.5,2,305,gliph2
229,551.0,ELAGIGILTV,ELAGIGILTV,1.0,1.0,2,305,gliph2
230,436.0,ELAGIGILTV,NLVPMVATV,0.5,0.5,2,305,gliph2
231,296.0,ELAGIGILTV,AVFDRKSDAK,0.5,0.5,2,305,gliph2
232,316.0,ELAGIGILTV,NLVPMVATV,0.5,0.5,2,305,gliph2
233,377.0,ELAGIGILTV,ELAGIGILTV,1.0,1.0,2,305,gliph2
234,168.0,ELAGIGILTV,ELAGIGILTV,1.0,1.0,2,305,gliph2
235,175.0,ELAGIGILTV,ELAGIGILTV,1.0,1.0,2,305,gliph2
236,116.0,ELAGIGILTV,ELAGIGILTV,1.0,1.0,2,305,gliph2
237,371.0,ELAGIGILTV,ELAGIGILTV,1.0,1.0,2,305,gliph2
238,486.0,ELAGIGILTV,ELAGIGILTV,1.0,1.0,2,305,gliph2
239,509.0,ELAGIGILTV,KLGGALQAK,0.5,0.5,2,305,gliph2
240,431.0,ELAGIGILTV,AVFDRKSDAK,0.5,0.5,2,305,gliph2
241,301.0,ELAGIGILTV,NLVPMVATV,0.5,0.5,2,305,gliph2
242,180.0,ELAGIGILTV,KLGGALQAK,0.5,0.5,2,305,gliph2
243,219.0,ELAGIGILTV,KLGGALQAK,0.5,0.5,2,305,gliph2
244,451.0,ELAGIGILTV,NLVPMVATV,0.5,0.5,2,305,gliph2
245,466.0,ELAGIGILTV,ELAGIGILTV,1.0,1.0,2,305,gliph2
246,360.0,ELAGIGILTV,NLVPMVATV,0.5,0.5,2,305,gliph2
247,325.0,ELAGIGILTV,KLGGALQAK,0.5,0.5,2,305,gliph2
248,379.0,ELAGIGILTV,KLGGALQAK,0.5,0.5,2,305,gliph2
249,506.0,ELAGIGILTV,NLVPMVATV,0.5,0.5,2,305,gliph2
250,476.0,ELAGIGILTV,AVFDRKSDAK,0.5,0.5,2,305,gliph2
251,163.0,ELAGIGILTV,KLGGALQAK,0.5,0.5,2,305,gliph2
252,493.0,ELAGIGILTV,ELAGIGILTV,0.5,0.5,2,305,gliph2
253,142.0,ELAGIGILTV,ELAGIGILTV,0.5,0.5,2,305,gliph2
254,303.0,NLVPMVATV,NLVPMVATV,0.5,0.5,2,305,gliph2
255,173.0,NLVPMVATV,NLVPMVATV,1.0,1.0,2,305,gliph2
256,242.0,NLVPMVATV,NLVPMVATV,0.5,0.5,2,305,gliph2
257,536.0,NLVPMVATV,KLGGALQAK,0.5,0.5,2,305,gliph2
258,202.0,NLVPMVATV,NLVPMVATV,1.0,1.0,2,305,gliph2
259,302.0,NLVPMVATV,NLVPMVATV,0.5,0.5,2,305,gliph2
260,541.0,NLVPMVATV,NLVPMVATV,1.0,1.0,2,305,gliph2
261,108.0,NLVPMVATV,AVFDRKSDAK,0.5,0.5,2,305,gliph2
262,200.0,NLVPMVATV,KLGGALQAK,0.5,0.5,2,305,gliph2
263,183.0,NLVPMVATV,AVFDRKSDAK,0.5,0.5,2,305,gliph2
264,177.0,NLVPMVATV,NLVPMVATV,1.0,1.0,2,305,gliph2
265,406.0,NLVPMVATV,NLVPMVATV,1.0,1.0,2,305,gliph2
266,284.0,NLVPMVATV,AVFDRKSDAK,0.5,0.5,2,305,gliph2
267,568.0,NLVPMVATV,AVFDRKSDAK,0.5,0.5,2,305,gliph2
268,363.0,NLVPMVATV,KLGGALQAK,0.5,0.5,2,305,gliph2
269,203.0,NLVPMVATV,NLVPMVATV,1.0,1.0,2,305,gliph2
270,256.0,NLVPMVATV,NLVPMVATV,0.5,0.5,2,305,gliph2
271,285.0,NLVPMVATV,NLVPMVATV,0.5,0.5,2,305,gliph2
272,192.0,NLVPMVATV,NLVPMVATV,1.0,1.0,2,305,gliph2
273,443.0,NLVPMVATV,KLGGALQAK,0.5,0.5,2,305,gliph2
274,100.0,NLVPMVATV,KLGGALQAK,0.5,0.5,2,305,gliph2
275,505.0,NLVPMVATV,KLGGALQAK,0.5,0.5,2,305,gliph2
276,432.0,NLVPMVATV,NLVPMVATV,0.5,0.5,2,305,gliph2
277,548.0,NLVPMVATV,KLGGALQAK,0.5,0.5,2,305,gliph2
278,450.0,NLVPMVATV,AVFDRKSDAK,0.5,0.5,2,305,gliph2
279,492.0,NLVPMVATV,NLVPMVATV,0.5,0.5,2,305,gliph2
280,280.0,NLVPMVATV,AVFDRKSDAK,0.5,0.5,2,305,gliph2
281,388.0,NLVPMVATV,AVFDRKSDAK,0.5,0.5,2,305,gliph2
282,537.0,NLVPMVATV,AVFDRKSDAK,0.5,0.5,2,305,gliph2
283,454.0,NLVPMVATV,AVFDRKSDAK,0.5,0.5,2,305,gliph2
284,279.0,NLVPMVATV,KLGGALQAK,0.5,0.5,2,305,gliph2
285,444.0,NLVPMVATV,AVFDRKSDAK,0.5,0.5,2,305,gliph2
286,469.0,ELAGIGILTV,KLGGALQAK,0.5,0.5,2,305,gliph2
287,164.0,ELAGIGILTV,ELAGIGILTV,1.0,1.0,2,305,gliph2
288,170.0,ELAGIGILTV,NLVPMVATV,0.5,0.5,2,305,gliph2
289,169.0,ELAGIGILTV,ELAGIGILTV,1.0,1.0,2,305,gliph2
290,389.0,ELAGIGILTV,AVFDRKSDAK,0.5,0.5,2,305,gliph2
291,439.0,ELAGIGILTV,AVFDRKSDAK,0.5,0.5,2,305,gliph2
292,438.0,ELAGIGILTV,NLVPMVATV,0.5,0.5,2,305,gliph2
293,440.0,ELAGIGILTV,NLVPMVATV,0.5,0.5,2,305,gliph2
294,382.0,ELAGIGILTV,AVFDRKSDAK,0.5,0.5,2,305,gliph2
295,414.0,ELAGIGILTV,AVFDRKSDAK,0.5,0.5,2,305,gliph2
296,320.0,ELAGIGILTV,ELAGIGILTV,0.5,0.5,2,305,gliph2
297,409.0,ELAGIGILTV,NLVPMVATV,0.5,0.5,2,305,gliph2
298,415.0,ELAGIGILTV,ELAGIGILTV,0.5,0.5,2,305,gliph2
299,372.0,ELAGIGILTV,AVFDRKSDAK,0.5,0.5,2,305,gliph2
300,247.0,ELAGIGILTV,NLVPMVATV,0.5,0.5,2,305,gliph2
301,326.0,NLVPMVATV,KLGGALQAK,0.5,0.5,2,305,gliph2
302,102.0,ELAGIGILTV,AVFDRKSDAK,0.5,0.5,2,305,gliph2
303,204.0,NLVPMVATV,NLVPMVATV,1.0,1.0,2,305,gliph2
304,508.0,NLVPMVATV,NLVPMVATV,1.0,1.0,2,305,gliph2
305,260.0,NLVPMVATV,AVFDRKSDAK,0.5,0.5,2,305,gliph2
306,484.0,NLVPMVATV,NLVPMVATV,0.5,0.5,2,305,gliph2
307,428.0,NLVPMVATV,AVFDRKSDAK,0.5,0.5,2,305,gliph2
308,500.0,NLVPMVATV,KLGGALQAK,0.5,0.5,2,305,gliph2
309,503.0,NLVPMVATV,NLVPMVATV,1.0,1.0,2,305,gliph2
310,446.0,NLVPMVATV,KLGGALQAK,0.5,0.5,2,305,gliph2
311,237.0,NLVPMVATV,NLVPMVATV,0.5,0.5,2,305,gliph2
312,130.0,NLVPMVATV,NLVPMVATV,1.0,1.0,2,305,gliph2
313,259.0,NLVPMVATV,NLVPMVATV,1.0,1.0,2,305,gliph2
314,198.0,NLVPMVATV,NLVPMVATV,1.0,1.0,2,305,gliph2
315,319.0,KLGGALQAK,KLGGALQAK,1.0,1.0,2,305,gliph2
0,5,AVFDRKSDAK,AVFDRKSDAK,0.186,0.186,1000,0,random
1,3,RAKFKQLL,RAKFKQLL,0.18,0.18,1000,0,random
2,1,RAKFKQLL,RAKFKQLL,0.18,0.18,1000,0,random
3,0,RAKFKQLL,RAKFKQLL,0.18,0.18,1000,0,random
4,4,NLVPMVATV,NLVPMVATV,0.174,0.174,1000,0,random
5,2,KLGGALQAK,KLGGALQAK,0.178,0.178,1000,0,random
0,11,GILGFVFTL,GILGFVFTL,0.9404761904761905,0.9404761904761905,168,272,ismart
1,70,RAKFKQLL,RAKFKQLL,0.9306930693069307,0.9306930693069307,101,272,ismart
2,81,RAKFKQLL,RAKFKQLL,0.9538461538461539,0.9538461538461539,65,272,ismart
3,29,GILGFVFTL,GILGFVFTL,1.0,1.0,56,272,ismart
4,28,GILGFVFTL,GILGFVFTL,1.0,1.0,30,272,ismart
5,232,RAKFKQLL,RAKFKQLL,1.0,1.0,22,272,ismart
6,30,GILGFVFTL,GILGFVFTL,0.8823529411764706,0.8823529411764706,17,272,ismart
7,204,GILGFVFTL,GILGFVFTL,1.0,1.0,17,272,ismart
8,110,RAKFKQLL,RAKFKQLL,0.8666666666666667,0.8666666666666667,15,272,ismart
9,27,GILGFVFTL,GILGFVFTL,1.0,1.0,14,272,ismart
10,264,RAKFKQLL,RAKFKQLL,1.0,1.0,14,272,ismart
11,251,RAKFKQLL,RAKFKQLL,1.0,1.0,13,272,ismart
12,252,RAKFKQLL,RAKFKQLL,1.0,1.0,13,272,ismart
13,209,RAKFKQLL,RAKFKQLL,0.9090909090909091,0.9090909090909091,11,272,ismart
14,46,AVFDRKSDAK,KLGGALQAK,0.5454545454545454,0.45454545454545453,11,272,ismart
15,50,GILGFVFTL,GILGFVFTL,1.0,1.0,10,272,ismart
16,35,RAKFKQLL,AVFDRKSDAK,0.4444444444444444,0.3333333333333333,9,272,ismart
17,67,RAKFKQLL,KLGGALQAK,0.3333333333333333,0.2222222222222222,9,272,ismart
18,234,RAKFKQLL,RAKFKQLL,1.0,1.0,9,272,ismart
19,1,ELAGIGILTV,ELAGIGILTV,1.0,1.0,9,272,ismart
20,228,RAKFKQLL,RAKFKQLL,0.875,0.875,8,272,ismart
21,230,RAKFKQLL,RAKFKQLL,1.0,1.0,8,272,ismart
22,255,RAKFKQLL,RAKFKQLL,1.0,1.0,8,272,ismart
23,48,AVFDRKSDAK,AVFDRKSDAK,0.875,0.875,8,272,ismart
24,33,GILGFVFTL,GILGFVFTL,1.0,1.0,8,272,ismart
25,63,AVFDRKSDAK,AVFDRKSDAK,0.875,0.875,8,272,ismart
26,231,RAKFKQLL,RAKFKQLL,1.0,1.0,7,272,ismart
27,95,AVFDRKSDAK,ELAGIGILTV,0.42857142857142855,0.2857142857142857,7,272,ismart
28,245,RAKFKQLL,RAKFKQLL,1.0,1.0,7,272,ismart
29,249,RAKFKQLL,RAKFKQLL,1.0,1.0,7,272,ismart
30,4,KLGGALQAK,KLGGALQAK,0.42857142857142855,0.42857142857142855,7,272,ismart
31,150,NLVPMVATV,NLVPMVATV,1.0,1.0,7,272,ismart
32,243,RAKFKQLL,RAKFKQLL,1.0,1.0,7,272,ismart
33,156,NLVPMVATV,NLVPMVATV,1.0,1.0,7,272,ismart
34,99,KLGGALQAK,KLGGALQAK,0.7142857142857143,0.7142857142857143,7,272,ismart
35,9,AVFDRKSDAK,KLGGALQAK,0.5,0.5,6,272,ismart
36,72,RAKFKQLL,ELAGIGILTV,0.5,0.16666666666666666,6,272,ismart
37,269,RAKFKQLL,RAKFKQLL,1.0,1.0,6,272,ismart
38,41,GILGFVFTL,GILGFVFTL,0.8333333333333334,0.8333333333333334,6,272,ismart
39,106,RAKFKQLL,AVFDRKSDAK,0.5,0.3333333333333333,6,272,ismart
40,93,RAKFKQLL,AVFDRKSDAK,0.6666666666666666,0.3333333333333333,6,272,ismart
41,235,RAKFKQLL,RAKFKQLL,1.0,1.0,6,272,ismart
42,53,GILGFVFTL,GILGFVFTL,1.0,1.0,5,272,ismart
43,2,KLGGALQAK,KLGGALQAK,0.6,0.6,5,272,ismart
44,244,RAKFKQLL,RAKFKQLL,1.0,1.0,5,272,ismart
45,256,RAKFKQLL,RAKFKQLL,1.0,1.0,5,272,ismart
46,158,NLVPMVATV,NLVPMVATV,1.0,1.0,5,272,ismart
47,223,RAKFKQLL,RAKFKQLL,0.8,0.8,5,272,ismart
48,261,RAKFKQLL,RAKFKQLL,1.0,1.0,5,272,ismart
49,86,ELAGIGILTV,ELAGIGILTV,1.0,1.0,5,272,ismart
50,137,RAKFKQLL,AVFDRKSDAK,0.75,0.25,4,272,ismart
51,276,RAKFKQLL,RAKFKQLL,1.0,1.0,4,272,ismart
52,76,RAKFKQLL,AVFDRKSDAK,0.75,0.25,4,272,ismart
53,213,RAKFKQLL,RAKFKQLL,0.75,0.75,4,272,ismart
54,210,RAKFKQLL,AVFDRKSDAK,0.5,0.25,4,272,ismart
55,250,RAKFKQLL,RAKFKQLL,1.0,1.0,4,272,ismart
56,160,NLVPMVATV,NLVPMVATV,1.0,1.0,4,272,ismart
57,140,AVFDRKSDAK,AVFDRKSDAK,0.5,0.5,4,272,ismart
58,189,NLVPMVATV,NLVPMVATV,1.0,1.0,4,272,ismart
59,193,NLVPMVATV,NLVPMVATV,0.5,0.5,4,272,ismart
60,42,AVFDRKSDAK,KLGGALQAK,0.5,0.5,4,272,ismart
61,237,RAKFKQLL,RAKFKQLL,1.0,1.0,4,272,ismart
62,16,ELAGIGILTV,ELAGIGILTV,1.0,1.0,4,272,ismart
63,19,RAKFKQLL,ELAGIGILTV,0.75,0.25,4,272,ismart
64,107,AVFDRKSDAK,KLGGALQAK,0.5,0.5,4,272,ismart
65,56,RAKFKQLL,KLGGALQAK,0.5,0.25,4,272,ismart
66,257,RAKFKQLL,RAKFKQLL,1.0,1.0,4,272,ismart
67,258,RAKFKQLL,RAKFKQLL,1.0,1.0,4,272,ismart
68,12,GILGFVFTL,ELAGIGILTV,0.75,0.25,4,272,ismart
69,52,AVFDRKSDAK,AVFDRKSDAK,1.0,1.0,4,272,ismart
70,236,RAKFKQLL,RAKFKQLL,1.0,1.0,4,272,ismart
71,175,RAKFKQLL,KLGGALQAK,0.6666666666666666,0.3333333333333333,3,272,ismart
72,203,GILGFVFTL,GILGFVFTL,1.0,1.0,3,272,ismart
73,266,RAKFKQLL,RAKFKQLL,1.0,1.0,3,272,ismart
74,229,RAKFKQLL,RAKFKQLL,1.0,1.0,3,272,ismart
75,259,RAKFKQLL,RAKFKQLL,1.0,1.0,3,272,ismart
76,254,RAKFKQLL,RAKFKQLL,1.0,1.0,3,272,ismart
77,61,AVFDRKSDAK,AVFDRKSDAK,0.6666666666666666,0.6666666666666666,3,272,ismart
78,246,RAKFKQLL,RAKFKQLL,1.0,1.0,3,272,ismart
79,247,RAKFKQLL,RAKFKQLL,1.0,1.0,3,272,ismart
80,49,GILGFVFTL,GILGFVFTL,0.6666666666666666,0.6666666666666666,3,272,ismart
81,116,RAKFKQLL,AVFDRKSDAK,0.6666666666666666,0.3333333333333333,3,272,ismart
82,51,GILGFVFTL,GILGFVFTL,1.0,1.0,3,272,ismart
83,60,GILGFVFTL,GILGFVFTL,1.0,1.0,3,272,ismart
84,111,GILGFVFTL,AVFDRKSDAK,0.3333333333333333,0.3333333333333333,3,272,ismart
85,208,GILGFVFTL,GILGFVFTL,0.6666666666666666,0.6666666666666666,3,272,ismart
86,225,RAKFKQLL,RAKFKQLL,0.6666666666666666,0.6666666666666666,3,272,ismart
87,199,RAKFKQLL,KLGGALQAK,0.6666666666666666,0.3333333333333333,3,272,ismart
88,277,RAKFKQLL,RAKFKQLL,1.0,1.0,3,272,ismart
89,271,RAKFKQLL,RAKFKQLL,1.0,1.0,3,272,ismart
90,108,GILGFVFTL,AVFDRKSDAK,0.3333333333333333,0.3333333333333333,3,272,ismart
91,119,GILGFVFTL,AVFDRKSDAK,0.6666666666666666,0.3333333333333333,3,272,ismart
92,214,GILGFVFTL,GILGFVFTL,1.0,1.0,3,272,ismart
93,220,GILGFVFTL,GILGFVFTL,1.0,1.0,3,272,ismart
94,218,RAKFKQLL,RAKFKQLL,0.6666666666666666,0.6666666666666666,3,272,ismart
95,279,RAKFKQLL,RAKFKQLL,1.0,1.0,3,272,ismart
96,190,KLGGALQAK,KLGGALQAK,0.6666666666666666,0.6666666666666666,3,272,ismart
97,147,KLGGALQAK,KLGGALQAK,1.0,1.0,3,272,ismart
98,96,ELAGIGILTV,ELAGIGILTV,0.3333333333333333,0.3333333333333333,3,272,ismart
99,66,NLVPMVATV,NLVPMVATV,0.3333333333333333,0.3333333333333333,3,272,ismart
100,37,AVFDRKSDAK,AVFDRKSDAK,0.6666666666666666,0.6666666666666666,3,272,ismart
101,152,NLVPMVATV,NLVPMVATV,1.0,1.0,3,272,ismart
102,155,NLVPMVATV,NLVPMVATV,0.3333333333333333,0.3333333333333333,3,272,ismart
103,100,ELAGIGILTV,ELAGIGILTV,0.3333333333333333,0.3333333333333333,3,272,ismart
104,90,AVFDRKSDAK,AVFDRKSDAK,0.6666666666666666,0.6666666666666666,3,272,ismart
105,164,RAKFKQLL,NLVPMVATV,0.6666666666666666,0.3333333333333333,3,272,ismart
106,69,ELAGIGILTV,ELAGIGILTV,1.0,1.0,3,272,ismart
107,126,KLGGALQAK,KLGGALQAK,0.6666666666666666,0.6666666666666666,3,272,ismart
108,26,ELAGIGILTV,ELAGIGILTV,1.0,1.0,3,272,ismart
109,138,RAKFKQLL,KLGGALQAK,0.3333333333333333,0.3333333333333333,3,272,ismart
110,23,ELAGIGILTV,ELAGIGILTV,0.6666666666666666,0.6666666666666666,3,272,ismart
111,43,KLGGALQAK,KLGGALQAK,0.6666666666666666,0.6666666666666666,3,272,ismart
112,5,ELAGIGILTV,ELAGIGILTV,1.0,1.0,3,272,ismart
113,18,ELAGIGILTV,ELAGIGILTV,0.6666666666666666,0.6666666666666666,3,272,ismart
114,55,GILGFVFTL,NLVPMVATV,0.6666666666666666,0.3333333333333333,3,272,ismart
115,142,AVFDRKSDAK,KLGGALQAK,0.5,0.5,2,272,ismart
116,174,KLGGALQAK,KLGGALQAK,1.0,1.0,2,272,ismart
117,184,KLGGALQAK,KLGGALQAK,1.0,1.0,2,272,ismart
118,73,AVFDRKSDAK,KLGGALQAK,0.5,0.5,2,272,ismart
119,183,KLGGALQAK,KLGGALQAK,1.0,1.0,2,272,ismart
120,80,AVFDRKSDAK,KLGGALQAK,0.5,0.5,2,272,ismart
121,260,RAKFKQLL,RAKFKQLL,1.0,1.0,2,272,ismart
122,85,AVFDRKSDAK,AVFDRKSDAK,1.0,1.0,2,272,ismart
123,178,KLGGALQAK,KLGGALQAK,1.0,1.0,2,272,ismart
124,177,KLGGALQAK,KLGGALQAK,1.0,1.0,2,272,ismart
125,87,AVFDRKSDAK,AVFDRKSDAK,1.0,1.0,2,272,ismart
126,89,AVFDRKSDAK,KLGGALQAK,0.5,0.5,2,272,ismart
127,45,RAKFKQLL,AVFDRKSDAK,0.5,0.5,2,272,ismart
128,121,RAKFKQLL,AVFDRKSDAK,0.5,0.5,2,272,ismart
129,92,AVFDRKSDAK,AVFDRKSDAK,1.0,1.0,2,272,ismart
130,149,KLGGALQAK,KLGGALQAK,1.0,1.0,2,272,ismart
131,94,AVFDRKSDAK,KLGGALQAK,0.5,0.5,2,272,ismart
132,112,AVFDRKSDAK,KLGGALQAK,0.5,0.5,2,272,ismart
133,115,AVFDRKSDAK,AVFDRKSDAK,1.0,1.0,2,272,ismart
134,170,KLGGALQAK,KLGGALQAK,1.0,1.0,2,272,ismart
135,122,AVFDRKSDAK,KLGGALQAK,0.5,0.5,2,272,ismart
136,154,KLGGALQAK,KLGGALQAK,1.0,1.0,2,272,ismart
137,54,AVFDRKSDAK,KLGGALQAK,0.5,0.5,2,272,ismart
138,118,RAKFKQLL,AVFDRKSDAK,0.5,0.5,2,272,ismart
139,131,AVFDRKSDAK,KLGGALQAK,0.5,0.5,2,272,ismart
140,135,AVFDRKSDAK,KLGGALQAK,0.5,0.5,2,272,ismart
141,253,RAKFKQLL,RAKFKQLL,1.0,1.0,2,272,ismart
142,278,RAKFKQLL,AVFDRKSDAK,0.5,0.5,2,272,ismart
143,39,AVFDRKSDAK,KLGGALQAK,0.5,0.5,2,272,ismart
144,47,AVFDRKSDAK,AVFDRKSDAK,1.0,1.0,2,272,ismart
145,284,RAKFKQLL,RAKFKQLL,1.0,1.0,2,272,ismart
146,91,RAKFKQLL,AVFDRKSDAK,0.5,0.5,2,272,ismart
147,274,RAKFKQLL,RAKFKQLL,1.0,1.0,2,272,ismart
148,275,RAKFKQLL,RAKFKQLL,1.0,1.0,2,272,ismart
149,133,RAKFKQLL,AVFDRKSDAK,0.5,0.5,2,272,ismart
150,286,RAKFKQLL,RAKFKQLL,1.0,1.0,2,272,ismart
151,172,RAKFKQLL,KLGGALQAK,0.5,0.5,2,272,ismart
152,285,RAKFKQLL,RAKFKQLL,1.0,1.0,2,272,ismart
153,105,RAKFKQLL,AVFDRKSDAK,0.5,0.5,2,272,ismart
154,262,RAKFKQLL,RAKFKQLL,1.0,1.0,2,272,ismart
155,283,RAKFKQLL,RAKFKQLL,1.0,1.0,2,272,ismart
156,282,RAKFKQLL,RAKFKQLL,1.0,1.0,2,272,ismart
157,125,RAKFKQLL,AVFDRKSDAK,0.5,0.5,2,272,ismart
158,281,RAKFKQLL,RAKFKQLL,1.0,1.0,2,272,ismart
159,280,RAKFKQLL,RAKFKQLL,1.0,1.0,2,272,ismart
160,83,RAKFKQLL,AVFDRKSDAK,0.5,0.5,2,272,ismart
161,102,RAKFKQLL,AVFDRKSDAK,0.5,0.5,2,272,ismart
162,273,RAKFKQLL,RAKFKQLL,1.0,1.0,2,272,ismart
163,272,RAKFKQLL,RAKFKQLL,1.0,1.0,2,272,ismart
164,127,RAKFKQLL,AVFDRKSDAK,0.5,0.5,2,272,ismart
165,38,RAKFKQLL,AVFDRKSDAK,0.5,0.5,2,272,ismart
166,263,RAKFKQLL,RAKFKQLL,1.0,1.0,2,272,ismart
167,34,AVFDRKSDAK,KLGGALQAK,0.5,0.5,2,272,ismart
168,265,RAKFKQLL,RAKFKQLL,1.0,1.0,2,272,ismart
169,10,AVFDRKSDAK,AVFDRKSDAK,1.0,1.0,2,272,ismart
170,267,RAKFKQLL,RAKFKQLL,1.0,1.0,2,272,ismart
171,268,RAKFKQLL,RAKFKQLL,1.0,1.0,2,272,ismart
172,8,AVFDRKSDAK,AVFDRKSDAK,1.0,1.0,2,272,ismart
173,120,AVFDRKSDAK,AVFDRKSDAK,1.0,1.0,2,272,ismart
174,146,AVFDRKSDAK,KLGGALQAK,0.5,0.5,2,272,ismart
175,270,RAKFKQLL,RAKFKQLL,1.0,1.0,2,272,ismart
176,130,AVFDRKSDAK,AVFDRKSDAK,1.0,1.0,2,272,ismart
177,84,AVFDRKSDAK,AVFDRKSDAK,1.0,1.0,2,272,ismart
178,79,RAKFKQLL,AVFDRKSDAK,0.5,0.5,2,272,ismart
179,180,AVFDRKSDAK,KLGGALQAK,0.5,0.5,2,272,ismart
180,157,RAKFKQLL,KLGGALQAK,0.5,0.5,2,272,ismart
181,0,ELAGIGILTV,ELAGIGILTV,1.0,1.0,2,272,ismart
182,132,GILGFVFTL,AVFDRKSDAK,0.5,0.5,2,272,ismart
183,248,RAKFKQLL,RAKFKQLL,1.0,1.0,2,272,ismart
184,82,RAKFKQLL,AVFDRKSDAK,0.5,0.5,2,272,ismart
185,101,ELAGIGILTV,ELAGIGILTV,0.5,0.5,2,272,ismart
186,128,ELAGIGILTV,ELAGIGILTV,0.5,0.5,2,272,ismart
187,129,ELAGIGILTV,NLVPMVATV,0.5,0.5,2,272,ismart
188,134,ELAGIGILTV,ELAGIGILTV,0.5,0.5,2,272,ismart
189,139,ELAGIGILTV,ELAGIGILTV,1.0,1.0,2,272,ismart
190,143,ELAGIGILTV,ELAGIGILTV,0.5,0.5,2,272,ismart
191,145,ELAGIGILTV,NLVPMVATV,0.5,0.5,2,272,ismart
192,144,ELAGIGILTV,ELAGIGILTV,0.5,0.5,2,272,ismart
193,148,ELAGIGILTV,ELAGIGILTV,0.5,0.5,2,272,ismart
194,153,NLVPMVATV,NLVPMVATV,0.5,0.5,2,272,ismart
195,159,NLVPMVATV,NLVPMVATV,1.0,1.0,2,272,ismart
196,136,NLVPMVATV,NLVPMVATV,0.5,0.5,2,272,ismart
197,161,NLVPMVATV,NLVPMVATV,0.5,0.5,2,272,ismart
198,162,NLVPMVATV,NLVPMVATV,1.0,1.0,2,272,ismart
199,163,NLVPMVATV,NLVPMVATV,1.0,1.0,2,272,ismart
200,113,NLVPMVATV,NLVPMVATV,0.5,0.5,2,272,ismart
201,117,NLVPMVATV,NLVPMVATV,0.5,0.5,2,272,ismart
202,165,NLVPMVATV,NLVPMVATV,0.5,0.5,2,272,ismart
203,166,NLVPMVATV,NLVPMVATV,1.0,1.0,2,272,ismart
204,169,NLVPMVATV,NLVPMVATV,1.0,1.0,2,272,ismart
205,171,NLVPMVATV,NLVPMVATV,1.0,1.0,2,272,ismart
206,173,NLVPMVATV,NLVPMVATV,0.5,0.5,2,272,ismart
207,176,NLVPMVATV,NLVPMVATV,1.0,1.0,2,272,ismart
208,124,ELAGIGILTV,ELAGIGILTV,0.5,0.5,2,272,ismart
209,58,ELAGIGILTV,ELAGIGILTV,0.5,0.5,2,272,ismart
210,114,ELAGIGILTV,ELAGIGILTV,0.5,0.5,2,272,ismart
211,24,ELAGIGILTV,ELAGIGILTV,1.0,1.0,2,272,ismart
212,3,ELAGIGILTV,ELAGIGILTV,1.0,1.0,2,272,ismart
213,6,ELAGIGILTV,ELAGIGILTV,0.5,0.5,2,272,ismart
214,7,ELAGIGILTV,ELAGIGILTV,1.0,1.0,2,272,ismart
215,13,ELAGIGILTV,ELAGIGILTV,1.0,1.0,2,272,ismart
216,14,ELAGIGILTV,ELAGIGILTV,1.0,1.0,2,272,ismart
217,15,ELAGIGILTV,ELAGIGILTV,1.0,1.0,2,272,ismart
218,17,ELAGIGILTV,ELAGIGILTV,1.0,1.0,2,272,ismart
219,20,ELAGIGILTV,ELAGIGILTV,0.5,0.5,2,272,ismart
220,21,ELAGIGILTV,ELAGIGILTV,1.0,1.0,2,272,ismart
221,22,ELAGIGILTV,NLVPMVATV,0.5,0.5,2,272,ismart
222,25,ELAGIGILTV,ELAGIGILTV,1.0,1.0,2,272,ismart
223,109,ELAGIGILTV,ELAGIGILTV,1.0,1.0,2,272,ismart
224,65,ELAGIGILTV,NLVPMVATV,0.5,0.5,2,272,ismart
225,68,ELAGIGILTV,ELAGIGILTV,0.5,0.5,2,272,ismart
226,74,ELAGIGILTV,NLVPMVATV,0.5,0.5,2,272,ismart
227,75,ELAGIGILTV,NLVPMVATV,0.5,0.5,2,272,ismart
228,78,ELAGIGILTV,ELAGIGILTV,1.0,1.0,2,272,ismart
229,97,ELAGIGILTV,NLVPMVATV,0.5,0.5,2,272,ismart
230,98,ELAGIGILTV,ELAGIGILTV,1.0,1.0,2,272,ismart
231,71,ELAGIGILTV,ELAGIGILTV,0.5,0.5,2,272,ismart
232,103,ELAGIGILTV,ELAGIGILTV,1.0,1.0,2,272,ismart
233,104,ELAGIGILTV,ELAGIGILTV,0.5,0.5,2,272,ismart
234,181,NLVPMVATV,NLVPMVATV,1.0,1.0,2,272,ismart
235,44,NLVPMVATV,NLVPMVATV,0.5,0.5,2,272,ismart
236,182,NLVPMVATV,NLVPMVATV,1.0,1.0,2,272,ismart
237,224,GILGFVFTL,GILGFVFTL,1.0,1.0,2,272,ismart
238,64,GILGFVFTL,AVFDRKSDAK,0.5,0.5,2,272,ismart
239,200,GILGFVFTL,KLGGALQAK,0.5,0.5,2,272,ismart
240,215,GILGFVFTL,GILGFVFTL,1.0,1.0,2,272,ismart
241,62,GILGFVFTL,AVFDRKSDAK,0.5,0.5,2,272,ismart
242,216,GILGFVFTL,GILGFVFTL,1.0,1.0,2,272,ismart
243,217,GILGFVFTL,GILGFVFTL,1.0,1.0,2,272,ismart
244,219,GILGFVFTL,GILGFVFTL,1.0,1.0,2,272,ismart
245,221,GILGFVFTL,GILGFVFTL,1.0,1.0,2,272,ismart
246,222,GILGFVFTL,GILGFVFTL,0.5,0.5,2,272,ismart
247,31,GILGFVFTL,AVFDRKSDAK,0.5,0.5,2,272,ismart
248,226,GILGFVFTL,GILGFVFTL,1.0,1.0,2,272,ismart
249,179,GILGFVFTL,KLGGALQAK,0.5,0.5,2,272,ismart
250,227,GILGFVFTL,GILGFVFTL,1.0,1.0,2,272,ismart
251,233,RAKFKQLL,RAKFKQLL,1.0,1.0,2,272,ismart
252,168,RAKFKQLL,KLGGALQAK,0.5,0.5,2,272,ismart
253,238,RAKFKQLL,RAKFKQLL,1.0,1.0,2,272,ismart
254,239,RAKFKQLL,RAKFKQLL,1.0,1.0,2,272,ismart
255,240,RAKFKQLL,RAKFKQLL,1.0,1.0,2,272,ismart
256,123,RAKFKQLL,AVFDRKSDAK,0.5,0.5,2,272,ismart
257,241,RAKFKQLL,RAKFKQLL,1.0,1.0,2,272,ismart
258,242,RAKFKQLL,RAKFKQLL,1.0,1.0,2,272,ismart
259,188,RAKFKQLL,KLGGALQAK,0.5,0.5,2,272,ismart
260,36,GILGFVFTL,AVFDRKSDAK,0.5,0.5,2,272,ismart
261,212,GILGFVFTL,GILGFVFTL,1.0,1.0,2,272,ismart
262,186,NLVPMVATV,NLVPMVATV,1.0,1.0,2,272,ismart
263,198,NLVPMVATV,NLVPMVATV,0.5,0.5,2,272,ismart
264,187,NLVPMVATV,NLVPMVATV,1.0,1.0,2,272,ismart
265,191,NLVPMVATV,NLVPMVATV,1.0,1.0,2,272,ismart
266,192,NLVPMVATV,NLVPMVATV,0.5,0.5,2,272,ismart
267,151,NLVPMVATV,NLVPMVATV,0.5,0.5,2,272,ismart
268,167,NLVPMVATV,NLVPMVATV,0.5,0.5,2,272,ismart
269,194,NLVPMVATV,NLVPMVATV,0.5,0.5,2,272,ismart
270,88,NLVPMVATV,NLVPMVATV,0.5,0.5,2,272,ismart
271,195,NLVPMVATV,NLVPMVATV,0.5,0.5,2,272,ismart
272,196,NLVPMVATV,NLVPMVATV,0.5,0.5,2,272,ismart
273,197,NLVPMVATV,NLVPMVATV,0.5,0.5,2,272,ismart
274,77,NLVPMVATV,NLVPMVATV,0.5,0.5,2,272,ismart
275,211,GILGFVFTL,GILGFVFTL,1.0,1.0,2,272,ismart
276,141,NLVPMVATV,NLVPMVATV,0.5,0.5,2,272,ismart
277,201,GILGFVFTL,GILGFVFTL,1.0,1.0,2,272,ismart
278,202,GILGFVFTL,GILGFVFTL,0.5,0.5,2,272,ismart
279,32,GILGFVFTL,GILGFVFTL,1.0,1.0,2,272,ismart
280,40,GILGFVFTL,GILGFVFTL,1.0,1.0,2,272,ismart
281,57,GILGFVFTL,GILGFVFTL,1.0,1.0,2,272,ismart
282,59,GILGFVFTL,GILGFVFTL,1.0,1.0,2,272,ismart
283,205,GILGFVFTL,GILGFVFTL,1.0,1.0,2,272,ismart
284,206,GILGFVFTL,GILGFVFTL,1.0,1.0,2,272,ismart
285,207,GILGFVFTL,GILGFVFTL,1.0,1.0,2,272,ismart
286,185,KLGGALQAK,KLGGALQAK,1.0,1.0,2,272,ismart
0,2,RAKFKQLL,RAKFKQLL,0.179,0.179,1000,0,random
1,1,GILGFVFTL,GILGFVFTL,0.18,0.18,1000,0,random
2,4,NLVPMVATV,NLVPMVATV,0.177,0.177,1000,0,random
3,0,NLVPMVATV,NLVPMVATV,0.18,0.18,1000,0,random
4,3,AVFDRKSDAK,AVFDRKSDAK,0.184,0.184,1000,0,random
5,5,KLGGALQAK,KLGGALQAK,0.186,0.186,1000,0,random
0,20.0,RAKFKQLL,RAKFKQLL,0.9555555555555556,0.9555555555555556,90,186,tcrdist3
1,88.0,RAKFKQLL,RAKFKQLL,0.9538461538461539,0.9538461538461539,65,186,tcrdist3
2,9.0,GILGFVFTL,GILGFVFTL,0.8571428571428571,0.8571428571428571,49,186,tcrdist3
3,85.0,RAKFKQLL,RAKFKQLL,1.0,1.0,22,186,tcrdist3
4,47.0,GILGFVFTL,GILGFVFTL,1.0,1.0,17,186,tcrdist3
5,82.0,RAKFKQLL,RAKFKQLL,0.8666666666666667,0.8666666666666667,15,186,tcrdist3
6,126.0,RAKFKQLL,RAKFKQLL,1.0,1.0,14,186,tcrdist3
7,110.0,RAKFKQLL,RAKFKQLL,1.0,1.0,13,186,tcrdist3
8,112.0,RAKFKQLL,RAKFKQLL,1.0,1.0,13,186,tcrdist3
9,21.0,GILGFVFTL,GILGFVFTL,0.8333333333333334,0.8333333333333334,12,186,tcrdist3
10,54.0,RAKFKQLL,RAKFKQLL,0.9090909090909091,0.9090909090909091,11,186,tcrdist3
11,174.0,AVFDRKSDAK,KLGGALQAK,0.5,0.5,10,186,tcrdist3
12,49.0,RAKFKQLL,AVFDRKSDAK,0.4444444444444444,0.3333333333333333,9,186,tcrdist3
13,87.0,RAKFKQLL,RAKFKQLL,1.0,1.0,9,186,tcrdist3
14,10.0,RAKFKQLL,ELAGIGILTV,0.3333333333333333,0.1111111111111111,9,186,tcrdist3
15,116.0,RAKFKQLL,RAKFKQLL,1.0,1.0,8,186,tcrdist3
16,18.0,GILGFVFTL,GILGFVFTL,1.0,1.0,8,186,tcrdist3
17,150.0,AVFDRKSDAK,AVFDRKSDAK,0.875,0.875,8,186,tcrdist3
18,81.0,RAKFKQLL,RAKFKQLL,0.875,0.875,8,186,tcrdist3
19,83.0,RAKFKQLL,RAKFKQLL,1.0,1.0,8,186,tcrdist3
20,100.0,RAKFKQLL,RAKFKQLL,1.0,1.0,7,186,tcrdist3
21,84.0,RAKFKQLL,RAKFKQLL,1.0,1.0,7,186,tcrdist3
22,164.0,KLGGALQAK,KLGGALQAK,0.7142857142857143,0.7142857142857143,7,186,tcrdist3
23,28.0,GILGFVFTL,GILGFVFTL,1.0,1.0,7,186,tcrdist3
24,103.0,RAKFKQLL,RAKFKQLL,1.0,1.0,7,186,tcrdist3
25,23.0,GILGFVFTL,GILGFVFTL,1.0,1.0,6,186,tcrdist3
26,143.0,RAKFKQLL,AVFDRKSDAK,0.6666666666666666,0.3333333333333333,6,186,tcrdist3
27,25.0,GILGFVFTL,GILGFVFTL,1.0,1.0,6,186,tcrdist3
28,131.0,RAKFKQLL,RAKFKQLL,1.0,1.0,6,186,tcrdist3
29,142.0,RAKFKQLL,AVFDRKSDAK,0.5,0.3333333333333333,6,186,tcrdist3
30,89.0,RAKFKQLL,RAKFKQLL,1.0,1.0,6,186,tcrdist3
31,170.0,AVFDRKSDAK,KLGGALQAK,0.5,0.5,6,186,tcrdist3
32,102.0,RAKFKQLL,RAKFKQLL,1.0,1.0,5,186,tcrdist3
33,107.0,RAKFKQLL,RAKFKQLL,1.0,1.0,5,186,tcrdist3
34,51.0,GILGFVFTL,GILGFVFTL,1.0,1.0,5,186,tcrdist3
35,53.0,GILGFVFTL,GILGFVFTL,1.0,1.0,5,186,tcrdist3
36,168.0,KLGGALQAK,KLGGALQAK,0.6,0.6,5,186,tcrdist3
37,118.0,RAKFKQLL,RAKFKQLL,1.0,1.0,5,186,tcrdist3
38,22.0,GILGFVFTL,GILGFVFTL,0.8,0.8,5,186,tcrdist3
39,123.0,RAKFKQLL,RAKFKQLL,1.0,1.0,5,186,tcrdist3
40,120.0,RAKFKQLL,RAKFKQLL,1.0,1.0,4,186,tcrdist3
41,117.0,RAKFKQLL,RAKFKQLL,1.0,1.0,4,186,tcrdist3
42,65.0,GILGFVFTL,GILGFVFTL,1.0,1.0,4,186,tcrdist3
43,24.0,GILGFVFTL,GILGFVFTL,1.0,1.0,4,186,tcrdist3
44,144.0,RAKFKQLL,RAKFKQLL,1.0,1.0,4,186,tcrdist3
45,119.0,RAKFKQLL,RAKFKQLL,1.0,1.0,4,186,tcrdist3
46,71.0,GILGFVFTL,GILGFVFTL,1.0,1.0,4,186,tcrdist3
47,72.0,RAKFKQLL,AVFDRKSDAK,0.5,0.25,4,186,tcrdist3
48,17.0,GILGFVFTL,GILGFVFTL,1.0,1.0,4,186,tcrdist3
49,11.0,NLVPMVATV,NLVPMVATV,1.0,1.0,4,186,tcrdist3
50,138.0,RAKFKQLL,RAKFKQLL,1.0,1.0,4,186,tcrdist3
51,90.0,RAKFKQLL,RAKFKQLL,1.0,1.0,4,186,tcrdist3
52,91.0,RAKFKQLL,RAKFKQLL,1.0,1.0,4,186,tcrdist3
53,134.0,RAKFKQLL,AVFDRKSDAK,0.75,0.25,4,186,tcrdist3
54,2.0,RAKFKQLL,ELAGIGILTV,0.75,0.25,4,186,tcrdist3
55,62.0,RAKFKQLL,RAKFKQLL,0.75,0.75,4,186,tcrdist3
56,186.0,AVFDRKSDAK,KLGGALQAK,0.5,0.5,4,186,tcrdist3
57,175.0,AVFDRKSDAK,AVFDRKSDAK,1.0,1.0,4,186,tcrdist3
58,36.0,GILGFVFTL,GILGFVFTL,1.0,1.0,4,186,tcrdist3
59,30.0,GILGFVFTL,GILGFVFTL,1.0,1.0,4,186,tcrdist3
60,41.0,GILGFVFTL,GILGFVFTL,1.0,1.0,4,186,tcrdist3
61,172.0,AVFDRKSDAK,KLGGALQAK,0.5,0.5,4,186,tcrdist3
62,56.0,RAKFKQLL,AVFDRKSDAK,0.5,0.25,4,186,tcrdist3
63,147.0,AVFDRKSDAK,AVFDRKSDAK,0.5,0.5,4,186,tcrdist3
64,128.0,RAKFKQLL,AVFDRKSDAK,0.6666666666666666,0.3333333333333333,3,186,tcrdist3
65,129.0,RAKFKQLL,RAKFKQLL,1.0,1.0,3,186,tcrdist3
66,13.0,NLVPMVATV,NLVPMVATV,1.0,1.0,3,186,tcrdist3
67,189.0,KLGGALQAK,KLGGALQAK,0.6666666666666666,0.6666666666666666,3,186,tcrdist3
68,173.0,KLGGALQAK,KLGGALQAK,0.6666666666666666,0.6666666666666666,3,186,tcrdist3
69,192.0,KLGGALQAK,KLGGALQAK,1.0,1.0,3,186,tcrdist3
70,57.0,GILGFVFTL,GILGFVFTL,1.0,1.0,3,186,tcrdist3
71,105.0,RAKFKQLL,RAKFKQLL,1.0,1.0,3,186,tcrdist3
72,104.0,RAKFKQLL,RAKFKQLL,1.0,1.0,3,186,tcrdist3
73,133.0,RAKFKQLL,RAKFKQLL,1.0,1.0,3,186,tcrdist3
74,95.0,RAKFKQLL,RAKFKQLL,1.0,1.0,3,186,tcrdist3
75,40.0,GILGFVFTL,GILGFVFTL,1.0,1.0,3,186,tcrdist3
76,148.0,RAKFKQLL,RAKFKQLL,1.0,1.0,3,186,tcrdist3
77,99.0,AVFDRKSDAK,AVFDRKSDAK,0.6666666666666666,0.6666666666666666,3,186,tcrdist3
78,16.0,NLVPMVATV,NLVPMVATV,1.0,1.0,3,186,tcrdist3
79,108.0,RAKFKQLL,KLGGALQAK,0.6666666666666666,0.3333333333333333,3,186,tcrdist3
80,78.0,RAKFKQLL,GILGFVFTL,0.6666666666666666,0.3333333333333333,3,186,tcrdist3
81,77.0,GILGFVFTL,GILGFVFTL,1.0,1.0,3,186,tcrdist3
82,27.0,GILGFVFTL,GILGFVFTL,1.0,1.0,3,186,tcrdist3
83,60.0,GILGFVFTL,AVFDRKSDAK,0.3333333333333333,0.3333333333333333,3,186,tcrdist3
84,115.0,RAKFKQLL,RAKFKQLL,1.0,1.0,3,186,tcrdist3
85,64.0,GILGFVFTL,GILGFVFTL,1.0,1.0,3,186,tcrdist3
86,183.0,AVFDRKSDAK,AVFDRKSDAK,0.6666666666666666,0.6666666666666666,3,186,tcrdist3
87,52.0,GILGFVFTL,GILGFVFTL,1.0,1.0,3,186,tcrdist3
88,161.0,RAKFKQLL,KLGGALQAK,0.3333333333333333,0.3333333333333333,3,186,tcrdist3
89,48.0,GILGFVFTL,GILGFVFTL,1.0,1.0,3,186,tcrdist3
90,122.0,RAKFKQLL,AVFDRKSDAK,0.6666666666666666,0.3333333333333333,3,186,tcrdist3
91,145.0,RAKFKQLL,RAKFKQLL,1.0,1.0,3,186,tcrdist3
92,159.0,KLGGALQAK,KLGGALQAK,0.6666666666666666,0.6666666666666666,3,186,tcrdist3
93,46.0,GILGFVFTL,GILGFVFTL,1.0,1.0,3,186,tcrdist3
94,109.0,RAKFKQLL,RAKFKQLL,1.0,1.0,3,186,tcrdist3
95,135.0,RAKFKQLL,KLGGALQAK,0.6666666666666666,0.3333333333333333,3,186,tcrdist3
96,137.0,RAKFKQLL,RAKFKQLL,1.0,1.0,2,186,tcrdist3
97,141.0,RAKFKQLL,RAKFKQLL,1.0,1.0,2,186,tcrdist3
98,140.0,RAKFKQLL,RAKFKQLL,1.0,1.0,2,186,tcrdist3
99,146.0,RAKFKQLL,AVFDRKSDAK,0.5,0.5,2,186,tcrdist3
100,139.0,RAKFKQLL,RAKFKQLL,1.0,1.0,2,186,tcrdist3
101,0.0,ELAGIGILTV,ELAGIGILTV,1.0,1.0,2,186,tcrdist3
102,149.0,RAKFKQLL,RAKFKQLL,1.0,1.0,2,186,tcrdist3
103,185.0,AVFDRKSDAK,KLGGALQAK,0.5,0.5,2,186,tcrdist3
104,178.0,AVFDRKSDAK,KLGGALQAK,0.5,0.5,2,186,tcrdist3
105,179.0,AVFDRKSDAK,KLGGALQAK,0.5,0.5,2,186,tcrdist3
106,180.0,AVFDRKSDAK,AVFDRKSDAK,1.0,1.0,2,186,tcrdist3
107,181.0,AVFDRKSDAK,AVFDRKSDAK,1.0,1.0,2,186,tcrdist3
108,182.0,AVFDRKSDAK,KLGGALQAK,0.5,0.5,2,186,tcrdist3
109,184.0,AVFDRKSDAK,AVFDRKSDAK,1.0,1.0,2,186,tcrdist3
110,187.0,AVFDRKSDAK,AVFDRKSDAK,1.0,1.0,2,186,tcrdist3
111,151.0,RAKFKQLL,RAKFKQLL,1.0,1.0,2,186,tcrdist3
112,188.0,AVFDRKSDAK,KLGGALQAK,0.5,0.5,2,186,tcrdist3
113,190.0,AVFDRKSDAK,KLGGALQAK,0.5,0.5,2,186,tcrdist3
114,191.0,AVFDRKSDAK,KLGGALQAK,0.5,0.5,2,186,tcrdist3
115,193.0,KLGGALQAK,KLGGALQAK,1.0,1.0,2,186,tcrdist3
116,194.0,KLGGALQAK,KLGGALQAK,1.0,1.0,2,186,tcrdist3
117,195.0,KLGGALQAK,KLGGALQAK,1.0,1.0,2,186,tcrdist3
118,177.0,AVFDRKSDAK,AVFDRKSDAK,1.0,1.0,2,186,tcrdist3
119,176.0,AVFDRKSDAK,KLGGALQAK,0.5,0.5,2,186,tcrdist3
120,171.0,AVFDRKSDAK,KLGGALQAK,0.5,0.5,2,186,tcrdist3
121,169.0,AVFDRKSDAK,AVFDRKSDAK,1.0,1.0,2,186,tcrdist3
122,167.0,AVFDRKSDAK,AVFDRKSDAK,1.0,1.0,2,186,tcrdist3
123,166.0,AVFDRKSDAK,KLGGALQAK,0.5,0.5,2,186,tcrdist3
124,165.0,AVFDRKSDAK,AVFDRKSDAK,1.0,1.0,2,186,tcrdist3
125,136.0,RAKFKQLL,AVFDRKSDAK,0.5,0.5,2,186,tcrdist3
126,162.0,AVFDRKSDAK,KLGGALQAK,0.5,0.5,2,186,tcrdist3
127,160.0,RAKFKQLL,AVFDRKSDAK,0.5,0.5,2,186,tcrdist3
128,158.0,RAKFKQLL,AVFDRKSDAK,0.5,0.5,2,186,tcrdist3
129,157.0,RAKFKQLL,KLGGALQAK,0.5,0.5,2,186,tcrdist3
130,156.0,RAKFKQLL,AVFDRKSDAK,0.5,0.5,2,186,tcrdist3
131,155.0,RAKFKQLL,RAKFKQLL,1.0,1.0,2,186,tcrdist3
132,154.0,RAKFKQLL,RAKFKQLL,1.0,1.0,2,186,tcrdist3
133,153.0,RAKFKQLL,RAKFKQLL,1.0,1.0,2,186,tcrdist3
134,152.0,RAKFKQLL,AVFDRKSDAK,0.5,0.5,2,186,tcrdist3
135,163.0,AVFDRKSDAK,AVFDRKSDAK,1.0,1.0,2,186,tcrdist3
136,98.0,RAKFKQLL,RAKFKQLL,1.0,1.0,2,186,tcrdist3
137,132.0,RAKFKQLL,RAKFKQLL,1.0,1.0,2,186,tcrdist3
138,130.0,RAKFKQLL,RAKFKQLL,1.0,1.0,2,186,tcrdist3
139,58.0,GILGFVFTL,GILGFVFTL,1.0,1.0,2,186,tcrdist3
140,55.0,GILGFVFTL,GILGFVFTL,1.0,1.0,2,186,tcrdist3
141,50.0,GILGFVFTL,GILGFVFTL,1.0,1.0,2,186,tcrdist3
142,45.0,GILGFVFTL,GILGFVFTL,1.0,1.0,2,186,tcrdist3
143,44.0,GILGFVFTL,GILGFVFTL,1.0,1.0,2,186,tcrdist3
144,43.0,GILGFVFTL,GILGFVFTL,1.0,1.0,2,186,tcrdist3
145,42.0,GILGFVFTL,GILGFVFTL,1.0,1.0,2,186,tcrdist3
146,39.0,GILGFVFTL,GILGFVFTL,1.0,1.0,2,186,tcrdist3
147,38.0,GILGFVFTL,GILGFVFTL,1.0,1.0,2,186,tcrdist3
148,37.0,GILGFVFTL,GILGFVFTL,1.0,1.0,2,186,tcrdist3
149,35.0,GILGFVFTL,GILGFVFTL,1.0,1.0,2,186,tcrdist3
150,34.0,GILGFVFTL,GILGFVFTL,1.0,1.0,2,186,tcrdist3
151,33.0,GILGFVFTL,GILGFVFTL,1.0,1.0,2,186,tcrdist3
152,32.0,GILGFVFTL,GILGFVFTL,1.0,1.0,2,186,tcrdist3
153,31.0,GILGFVFTL,GILGFVFTL,1.0,1.0,2,186,tcrdist3
154,29.0,GILGFVFTL,GILGFVFTL,1.0,1.0,2,186,tcrdist3
155,26.0,GILGFVFTL,GILGFVFTL,0.5,0.5,2,186,tcrdist3
156,19.0,GILGFVFTL,GILGFVFTL,1.0,1.0,2,186,tcrdist3
157,15.0,NLVPMVATV,NLVPMVATV,1.0,1.0,2,186,tcrdist3
158,14.0,NLVPMVATV,NLVPMVATV,1.0,1.0,2,186,tcrdist3
159,12.0,NLVPMVATV,NLVPMVATV,0.5,0.5,2,186,tcrdist3
160,8.0,ELAGIGILTV,ELAGIGILTV,1.0,1.0,2,186,tcrdist3
161,7.0,ELAGIGILTV,ELAGIGILTV,1.0,1.0,2,186,tcrdist3
162,6.0,ELAGIGILTV,ELAGIGILTV,1.0,1.0,2,186,tcrdist3
163,5.0,ELAGIGILTV,ELAGIGILTV,1.0,1.0,2,186,tcrdist3
164,4.0,ELAGIGILTV,ELAGIGILTV,1.0,1.0,2,186,tcrdist3
165,3.0,ELAGIGILTV,ELAGIGILTV,1.0,1.0,2,186,tcrdist3
166,59.0,GILGFVFTL,AVFDRKSDAK,0.5,0.5,2,186,tcrdist3
167,61.0,GILGFVFTL,GILGFVFTL,1.0,1.0,2,186,tcrdist3
168,63.0,GILGFVFTL,GILGFVFTL,1.0,1.0,2,186,tcrdist3
169,94.0,RAKFKQLL,RAKFKQLL,1.0,1.0,2,186,tcrdist3
170,127.0,RAKFKQLL,RAKFKQLL,1.0,1.0,2,186,tcrdist3
171,125.0,RAKFKQLL,RAKFKQLL,1.0,1.0,2,186,tcrdist3
172,124.0,RAKFKQLL,RAKFKQLL,1.0,1.0,2,186,tcrdist3
173,121.0,RAKFKQLL,RAKFKQLL,1.0,1.0,2,186,tcrdist3
174,114.0,RAKFKQLL,RAKFKQLL,1.0,1.0,2,186,tcrdist3
175,113.0,RAKFKQLL,AVFDRKSDAK,0.5,0.5,2,186,tcrdist3
176,111.0,RAKFKQLL,AVFDRKSDAK,0.5,0.5,2,186,tcrdist3
177,106.0,RAKFKQLL,RAKFKQLL,1.0,1.0,2,186,tcrdist3
178,101.0,RAKFKQLL,KLGGALQAK,0.5,0.5,2,186,tcrdist3
179,1.0,ELAGIGILTV,ELAGIGILTV,1.0,1.0,2,186,tcrdist3
180,97.0,RAKFKQLL,AVFDRKSDAK,0.5,0.5,2,186,tcrdist3
181,96.0,RAKFKQLL,RAKFKQLL,1.0,1.0,2,186,tcrdist3
182,93.0,RAKFKQLL,RAKFKQLL,1.0,1.0,2,186,tcrdist3
183,66.0,GILGFVFTL,GILGFVFTL,1.0,1.0,2,186,tcrdist3
184,92.0,RAKFKQLL,KLGGALQAK,0.5,0.5,2,186,tcrdist3
185,86.0,RAKFKQLL,RAKFKQLL,1.0,1.0,2,186,tcrdist3
186,80.0,GILGFVFTL,GILGFVFTL,1.0,1.0,2,186,tcrdist3
187,79.0,GILGFVFTL,GILGFVFTL,1.0,1.0,2,186,tcrdist3
188,76.0,GILGFVFTL,GILGFVFTL,1.0,1.0,2,186,tcrdist3
189,75.0,GILGFVFTL,GILGFVFTL,0.5,0.5,2,186,tcrdist3
190,74.0,GILGFVFTL,GILGFVFTL,1.0,1.0,2,186,tcrdist3
191,73.0,GILGFVFTL,GILGFVFTL,1.0,1.0,2,186,tcrdist3
192,70.0,GILGFVFTL,GILGFVFTL,1.0,1.0,2,186,tcrdist3
193,69.0,GILGFVFTL,GILGFVFTL,0.5,0.5,2,186,tcrdist3
194,68.0,GILGFVFTL,GILGFVFTL,1.0,1.0,2,186,tcrdist3
195,67.0,GILGFVFTL,GILGFVFTL,1.0,1.0,2,186,tcrdist3
196,196.0,KLGGALQAK,KLGGALQAK,1.0,1.0,2,186,tcrdist3
0,1,GILGFVFTL,GILGFVFTL,0.181,0.181,1000,0,random
1,4,NLVPMVATV,NLVPMVATV,0.179,0.179,1000,0,random
2,0,GILGFVFTL,GILGFVFTL,0.176,0.176,1000,0,random
3,2,KLGGALQAK,KLGGALQAK,0.187,0.187,1000,0,random
4,3,RAKFKQLL,RAKFKQLL,0.178,0.178,1000,0,random
5,5,KLGGALQAK,KLGGALQAK,0.181,0.181,1000,0,random
