index,pattern,Fisher_score,number_subject, number_unique_cdr3,final_score,hla_score,vb_score,expansion_score,length_score,cluster_size_score,type,TcRb,V,J,TcRa,Sample,Freq,HLA-A,HLA-B,HLA-C,HLA-DPA1,HLA-DPB1,HLA-DQA1,HLA-DQB1,HLA-DRB1,HLA-DRB3,HLA-DRB4,HLA-DRB5
1,SIRSG%E,9.1e-23,1,10,3.1e-10,1.0e+00,1.0e-03,1.0e+00,1.0e-03,3.1e-04,global-SIRSG%E,CASSIRSGVEQYF,TRBV19*01,TRBJ2-7*01,none:none,1,0.000000,-,-,-,-,-,-,-,-,-,-,-
1,SIRSG%E,9.1e-23,1,10,3.1e-10,1.0e+00,1.0e-03,1.0e+00,1.0e-03,3.1e-04,global-SIRSG%E,CASSIRSGVEQYF,TRBV19*01,TRBJ2-7*01,none:none,1,0.000000,-,-,-,-,-,-,-,-,-,-,-
1,SIRSG%E,9.1e-23,1,10,3.1e-10,1.0e+00,1.0e-03,1.0e+00,1.0e-03,3.1e-04,global-SIRSG%E,CASSIRSGNEQYF,TRBV19*01,TRBJ2-7*01,none:none,1,0.000000,-,-,-,-,-,-,-,-,-,-,-
1,SIRSG%E,9.1e-23,1,10,3.1e-10,1.0e+00,1.0e-03,1.0e+00,1.0e-03,3.1e-04,global-SIRSG%E,CASSIRSGNEQYF,TRBV19*01,TRBJ2-7*01,none:none,1,0.000000,-,-,-,-,-,-,-,-,-,-,-
1,SIRSG%E,9.1e-23,1,10,3.1e-10,1.0e+00,1.0e-03,1.0e+00,1.0e-03,3.1e-04,global-SIRSG%E,CASSIRSGYEQFF,TRBV19*01,TRBJ2-1*01,none:none,1,0.000000,-,-,-,-,-,-,-,-,-,-,-
1,SIRSG%E,9.1e-23,1,10,3.1e-10,1.0e+00,1.0e-03,1.0e+00,1.0e-03,3.1e-04,global-SIRSG%E,CASSIRSGFEQFF,TRBV19*01,TRBJ2-1*01,none:none,1,0.000000,-,-,-,-,-,-,-,-,-,-,-
1,SIRSG%E,9.1e-23,1,10,3.1e-10,1.0e+00,1.0e-03,1.0e+00,1.0e-03,3.1e-04,global-SIRSG%E,CASSIRSGEEQYF,TRBV19*01,TRBJ2-7*01,none:none,1,0.000000,-,-,-,-,-,-,-,-,-,-,-
1,SIRSG%E,9.1e-23,1,10,3.1e-10,1.0e+00,1.0e-03,1.0e+00,1.0e-03,3.1e-04,global-SIRSG%E,CASSIRSGAEQYF,TRBV19*01,TRBJ2-7*01,none:none,1,0.000000,-,-,-,-,-,-,-,-,-,-,-
1,SIRSG%E,9.1e-23,1,10,3.1e-10,1.0e+00,1.0e-03,1.0e+00,1.0e-03,3.1e-04,global-SIRSG%E,CASSIRSGTEAFF,TRBV19*01,TRBJ1-1*01,none:none,1,0.000000,-,-,-,-,-,-,-,-,-,-,-
1,SIRSG%E,9.1e-23,1,10,3.1e-10,1.0e+00,1.0e-03,1.0e+00,1.0e-03,3.1e-04,global-SIRSG%E,CASSIRSGPEAFF,TRBV19*01,TRBJ1-1*01,none:none,1,0.000000,-,-,-,-,-,-,-,-,-,-,-
1,SIRSG%E,9.1e-23,1,10,3.1e-10,1.0e+00,1.0e-03,1.0e+00,1.0e-03,3.1e-04,global-SIRSG%E,CASSIRSGHEQYF,TRBV19*01,TRBJ2-7*01,none:none,1,0.000000,-,-,-,-,-,-,-,-,-,-,-
1,SIRSG%E,9.1e-23,1,10,3.1e-10,1.0e+00,1.0e-03,1.0e+00,1.0e-03,3.1e-04,global-SIRSG%E,CASSIRSGGEQFF,TRBV19*01,TRBJ2-1*01,none:none,1,0.000000,-,-,-,-,-,-,-,-,-,-,-

2,S%RSTDT,1.8e-21,1,14,7.4e-11,1.0e+00,1.0e-03,1.0e+00,1.0e-03,7.4e-05,global-S%RSTDT,CASSSRSTDTQYF,TRBV19*01,TRBJ2-3*01,none:none,1,0.000000,-,-,-,-,-,-,-,-,-,-,-
2,S%RSTDT,1.8e-21,1,14,7.4e-11,1.0e+00,1.0e-03,1.0e+00,1.0e-03,7.4e-05,global-S%RSTDT,CASSSRSTDTQYF,TRBV19*01,TRBJ2-3*01,none:none,1,0.000000,-,-,-,-,-,-,-,-,-,-,-
2,S%RSTDT,1.8e-21,1,14,7.4e-11,1.0e+00,1.0e-03,1.0e+00,1.0e-03,7.4e-05,global-S%RSTDT,CASSSRSTDTQYF,TRBV19*01,TRBJ2-3*01,none:none,1,0.000000,-,-,-,-,-,-,-,-,-,-,-
2,S%RSTDT,1.8e-21,1,14,7.4e-11,1.0e+00,1.0e-03,1.0e+00,1.0e-03,7.4e-05,global-S%RSTDT,CASSQRSTDTQYF,TRBV19*01,TRBJ2-3*01,none:none,1,0.000000,-,-,-,-,-,-,-,-,-,-,-
2,S%RSTDT,1.8e-21,1,14,7.4e-11,1.0e+00,1.0e-03,1.0e+00,1.0e-03,7.4e-05,global-S%RSTDT,CASSMRSTDTQYF,TRBV19*01,TRBJ2-3*01,none:none,1,0.000000,-,-,-,-,-,-,-,-,-,-,-
2,S%RSTDT,1.8e-21,1,14,7.4e-11,1.0e+00,1.0e-03,1.0e+00,1.0e-03,7.4e-05,global-S%RSTDT,CASSIRSTDTQYF,TRBV19*01,TRBJ2-3*01,none:none,1,0.000000,-,-,-,-,-,-,-,-,-,-,-
2,S%RSTDT,1.8e-21,1,14,7.4e-11,1.0e+00,1.0e-03,1.0e+00,1.0e-03,7.4e-05,global-S%RSTDT,CASSIRSTDTQYF,TRBV19*01,TRBJ2-3*01,none:none,1,0.000000,-,-,-,-,-,-,-,-,-,-,-
2,S%RSTDT,1.8e-21,1,14,7.4e-11,1.0e+00,1.0e-03,1.0e+00,1.0e-03,7.4e-05,global-S%RSTDT,CASSIRSTDTQYF,TRBV19*01,TRBJ2-3*01,none:none,1,0.000000,-,-,-,-,-,-,-,-,-,-,-
2,S%RSTDT,1.8e-21,1,14,7.4e-11,1.0e+00,1.0e-03,1.0e+00,1.0e-03,7.4e-05,global-S%RSTDT,CASSIRSTDTQYF,TRBV19*01,TRBJ2-3*01,none:none,1,0.000000,-,-,-,-,-,-,-,-,-,-,-
2,S%RSTDT,1.8e-21,1,14,7.4e-11,1.0e+00,1.0e-03,1.0e+00,1.0e-03,7.4e-05,global-S%RSTDT,CASSIRSTDTQYF,TRBV19*01,TRBJ2-3*01,none:none,1,0.000000,-,-,-,-,-,-,-,-,-,-,-
2,S%RSTDT,1.8e-21,1,14,7.4e-11,1.0e+00,1.0e-03,1.0e+00,1.0e-03,7.4e-05,global-S%RSTDT,CASSIRSTDTQYF,TRBV19*01,TRBJ2-3*01,none:none,1,0.000000,-,-,-,-,-,-,-,-,-,-,-
2,S%RSTDT,1.8e-21,1,14,7.4e-11,1.0e+00,1.0e-03,1.0e+00,1.0e-03,7.4e-05,global-S%RSTDT,CASSIRSTDTQYF,TRBV19*01,TRBJ2-3*01,none:none,1,0.000000,-,-,-,-,-,-,-,-,-,-,-
2,S%RSTDT,1.8e-21,1,14,7.4e-11,1.0e+00,1.0e-03,1.0e+00,1.0e-03,7.4e-05,global-S%RSTDT,CASSGRSTDTQYF,TRBV19*01,TRBJ2-3*01,none:none,1,0.000000,-,-,-,-,-,-,-,-,-,-,-
2,S%RSTDT,1.8e-21,1,14,7.4e-11,1.0e+00,1.0e-03,1.0e+00,1.0e-03,7.4e-05,global-S%RSTDT,CASSGRSTDTQYF,TRBV19*01,TRBJ2-3*01,none:none,1,0.000000,-,-,-,-,-,-,-,-,-,-,-
2,S%RSTDT,1.8e-21,1,14,7.4e-11,1.0e+00,1.0e-03,1.0e+00,1.0e-03,7.4e-05,global-S%RSTDT,CASSGRSTDTQYF,TRBV19*01,TRBJ2-3*01,none:none,1,0.000000,-,-,-,-,-,-,-,-,-,-,-
2,S%RSTDT,1.8e-21,1,14,7.4e-11,1.0e+00,1.0e-03,1.0e+00,1.0e-03,7.4e-05,global-S%RSTDT,CASSVRSTDTQYF,TRBV19*01,TRBJ2-3*01,none:none,1,0.000000,-,-,-,-,-,-,-,-,-,-,-
2,S%RSTDT,1.8e-21,1,14,7.4e-11,1.0e+00,1.0e-03,1.0e+00,1.0e-03,7.4e-05,global-S%RSTDT,CASSVRSTDTQYF,TRBV19*01,TRBJ2-3*01,none:none,1,0.000000,-,-,-,-,-,-,-,-,-,-,-
2,S%RSTDT,1.8e-21,1,14,7.4e-11,1.0e+00,1.0e-03,1.0e+00,1.0e-03,7.4e-05,global-S%RSTDT,CASSVRSTDTQYF,TRBV19*01,TRBJ2-3*01,none:none,1,0.000000,-,-,-,-,-,-,-,-,-,-,-
2,S%RSTDT,1.8e-21,1,14,7.4e-11,1.0e+00,1.0e-03,1.0e+00,1.0e-03,7.4e-05,global-S%RSTDT,CASSVRSTDTQYF,TRBV19*01,TRBJ2-3*01,none:none,1,0.000000,-,-,-,-,-,-,-,-,-,-,-
2,S%RSTDT,1.8e-21,1,14,7.4e-11,1.0e+00,1.0e-03,1.0e+00,1.0e-03,7.4e-05,global-S%RSTDT,CASSVRSTDTQYF,TRBV19*01,TRBJ2-3*01,none:none,1,0.000000,-,-,-,-,-,-,-,-,-,-,-
2,S%RSTDT,1.8e-21,1,14,7.4e-11,1.0e+00,1.0e-03,1.0e+00,1.0e-03,7.4e-05,global-S%RSTDT,CASSVRSTDTQYF,TRBV19*01,TRBJ2-3*01,none:none,1,0.000000,-,-,-,-,-,-,-,-,-,-,-
2,S%RSTDT,1.8e-21,1,14,7.4e-11,1.0e+00,1.0e-03,1.0e+00,1.0e-03,7.4e-05,global-S%RSTDT,CASSTRSTDTQYF,TRBV19*01,TRBJ2-3*01,none:none,1,0.000000,-,-,-,-,-,-,-,-,-,-,-
2,S%RSTDT,1.8e-21,1,14,7.4e-11,1.0e+00,1.0e-03,1.0e+00,1.0e-03,7.4e-05,global-S%RSTDT,CASSTRSTDTQYF,TRBV19*01,TRBJ2-3*01,none:none,1,0.000000,-,-,-,-,-,-,-,-,-,-,-
2,S%RSTDT,1.8e-21,1,14,7.4e-11,1.0e+00,1.0e-03,1.0e+00,1.0e-03,7.4e-05,global-S%RSTDT,CASSTRSTDTQYF,TRBV19*01,TRBJ2-3*01,none:none,1,0.000000,-,-,-,-,-,-,-,-,-,-,-
2,S%RSTDT,1.8e-21,1,14,7.4e-11,1.0e+00,1.0e-03,1.0e+00,1.0e-03,7.4e-05,global-S%RSTDT,CASSTRSTDTQYF,TRBV19*01,TRBJ2-3*01,none:none,1,0.000000,-,-,-,-,-,-,-,-,-,-,-
2,S%RSTDT,1.8e-21,1,14,7.4e-11,1.0e+00,1.0e-03,1.0e+00,1.0e-03,7.4e-05,global-S%RSTDT,CASSPRSTDTQCF,TRBV19*01,TRBJ2-3*01,none:none,1,0.000000,-,-,-,-,-,-,-,-,-,-,-
2,S%RSTDT,1.8e-21,1,14,7.4e-11,1.0e+00,1.0e-03,1.0e+00,1.0e-03,7.4e-05,global-S%RSTDT,CASSRRSTDTQYF,TRBV19*01,TRBJ2-3*01,none:none,1,0.000000,-,-,-,-,-,-,-,-,-,-,-
2,S%RSTDT,1.8e-21,1,14,7.4e-11,1.0e+00,1.0e-03,1.0e+00,1.0e-03,7.4e-05,global-S%RSTDT,CASSPRSTDTQYF,TRBV19*01,TRBJ2-3*01,none:none,1,0.000000,-,-,-,-,-,-,-,-,-,-,-
2,S%RSTDT,1.8e-21,1,14,7.4e-11,1.0e+00,1.0e-03,1.0e+00,1.0e-03,7.4e-05,global-S%RSTDT,CASSPRSTDTQYF,TRBV19*01,TRBJ2-3*01,none:none,1,0.000000,-,-,-,-,-,-,-,-,-,-,-
2,S%RSTDT,1.8e-21,1,14,7.4e-11,1.0e+00,1.0e-03,1.0e+00,1.0e-03,7.4e-05,global-S%RSTDT,CASSLRSTDTQYF,TRBV19*01,TRBJ2-3*01,none:none,1,0.000000,-,-,-,-,-,-,-,-,-,-,-
2,S%RSTDT,1.8e-21,1,14,7.4e-11,1.0e+00,1.0e-03,1.0e+00,1.0e-03,7.4e-05,global-S%RSTDT,CASSWRSTDTQYF,TRBV19*01,TRBJ2-3*01,none:none,1,0.000000,-,-,-,-,-,-,-,-,-,-,-
2,S%RSTDT,1.8e-21,1,14,7.4e-11,1.0e+00,1.0e-03,1.0e+00,1.0e-03,7.4e-05,global-S%RSTDT,CASSFRSTDTQYF,TRBV19*01,TRBJ2-3*01,none:none,1,0.000000,-,-,-,-,-,-,-,-,-,-,-
2,S%RSTDT,1.8e-21,1,14,7.4e-11,1.0e+00,1.0e-03,1.0e+00,1.0e-03,7.4e-05,global-S%RSTDT,CASSFRSTDTQYF,TRBV19*01,TRBJ2-3*01,none:none,1,0.000000,-,-,-,-,-,-,-,-,-,-,-
2,S%RSTDT,1.8e-21,1,14,7.4e-11,1.0e+00,1.0e-03,1.0e+00,1.0e-03,7.4e-05,global-S%RSTDT,CACSIRSTDTQYF,TRBV19*01,TRBJ2-3*01,none:none,1,0.000000,-,-,-,-,-,-,-,-,-,-,-

3,SIRS%YE,1.4e-19,1,9,4.8e-10,1.0e+00,1.0e-03,1.0e+00,1.0e-03,4.8e-04,global-SIRS%YE,CASSIRSFYEQYF,TRBV19*01,TRBJ2-7*01,none:none,1,0.000000,-,-,-,-,-,-,-,-,-,-,-
3,SIRS%YE,1.4e-19,1,9,4.8e-10,1.0e+00,1.0e-03,1.0e+00,1.0e-03,4.8e-04,global-SIRS%YE,CASSIRSSYEQYF,TRBV19*01,TRBJ2-7*01,none:none,1,0.000000,-,-,-,-,-,-,-,-,-,-,-
3,SIRS%YE,1.4e-19,1,9,4.8e-10,1.0e+00,1.0e-03,1.0e+00,1.0e-03,4.8e-04,global-SIRS%YE,CASSIRSSYEQYF,TRBV19*01,TRBJ2-7*01,none:none,1,0.000000,-,-,-,-,-,-,-,-,-,-,-
3,SIRS%YE,1.4e-19,1,9,4.8e-10,1.0e+00,1.0e-03,1.0e+00,1.0e-03,4.8e-04,global-SIRS%YE,CASSIRSSYEQYF,TRBV19*01,TRBJ2-7*01,none:none,1,0.000000,-,-,-,-,-,-,-,-,-,-,-
3,SIRS%YE,1.4e-19,1,9,4.8e-10,1.0e+00,1.0e-03,1.0e+00,1.0e-03,4.8e-04,global-SIRS%YE,CASSIRSSYEQYF,TRBV19*01,TRBJ2-7*01,none:none,1,0.000000,-,-,-,-,-,-,-,-,-,-,-
3,SIRS%YE,1.4e-19,1,9,4.8e-10,1.0e+00,1.0e-03,1.0e+00,1.0e-03,4.8e-04,global-SIRS%YE,CASSIRSSYEQYF,TRBV19*01,TRBJ2-7*01,none:none,1,0.000000,-,-,-,-,-,-,-,-,-,-,-
3,SIRS%YE,1.4e-19,1,9,4.8e-10,1.0e+00,1.0e-03,1.0e+00,1.0e-03,4.8e-04,global-SIRS%YE,CASSIRSSYEQYF,TRBV19*01,TRBJ2-7*01,none:none,1,0.000000,-,-,-,-,-,-,-,-,-,-,-
3,SIRS%YE,1.4e-19,1,9,4.8e-10,1.0e+00,1.0e-03,1.0e+00,1.0e-03,4.8e-04,global-SIRS%YE,CASSIRSSYEQYF,TRBV19*01,TRBJ2-7*01,none:none,1,0.000000,-,-,-,-,-,-,-,-,-,-,-
3,SIRS%YE,1.4e-19,1,9,4.8e-10,1.0e+00,1.0e-03,1.0e+00,1.0e-03,4.8e-04,global-SIRS%YE,CASSIRSSYEQYF,TRBV19*01,TRBJ2-7*01,none:none,1,0.000000,-,-,-,-,-,-,-,-,-,-,-
3,SIRS%YE,1.4e-19,1,9,4.8e-10,1.0e+00,1.0e-03,1.0e+00,1.0e-03,4.8e-04,global-SIRS%YE,CASSIRSSYEQYF,TRBV19*01,TRBJ2-7*01,none:none,1,0.000000,-,-,-,-,-,-,-,-,-,-,-
3,SIRS%YE,1.4e-19,1,9,4.8e-10,1.0e+00,1.0e-03,1.0e+00,1.0e-03,4.8e-04,global-SIRS%YE,CASSIRSSYEQYF,TRBV19*01,TRBJ2-7*01,none:none,1,0.000000,-,-,-,-,-,-,-,-,-,-,-
3,SIRS%YE,1.4e-19,1,9,4.8e-10,1.0e+00,1.0e-03,1.0e+00,1.0e-03,4.8e-04,global-SIRS%YE,CASSIRSSYEQYF,TRBV19*01,TRBJ2-7*01,none:none,1,0.000000,-,-,-,-,-,-,-,-,-,-,-
3,SIRS%YE,1.4e-19,1,9,4.8e-10,1.0e+00,1.0e-03,1.0e+00,1.0e-03,4.8e-04,global-SIRS%YE,CASSIRSSYEQYF,TRBV19*01,TRBJ2-7*01,none:none,1,0.000000,-,-,-,-,-,-,-,-,-,-,-
3,SIRS%YE,1.4e-19,1,9,4.8e-10,1.0e+00,1.0e-03,1.0e+00,1.0e-03,4.8e-04,global-SIRS%YE,CASSIRSSYEQYF,TRBV19*01,TRBJ2-7*01,none:none,1,0.000000,-,-,-,-,-,-,-,-,-,-,-
3,SIRS%YE,1.4e-19,1,9,4.8e-10,1.0e+00,1.0e-03,1.0e+00,1.0e-03,4.8e-04,global-SIRS%YE,CASSIRSSYEQYF,TRBV19*01,TRBJ2-7*01,none:none,1,0.000000,-,-,-,-,-,-,-,-,-,-,-
3,SIRS%YE,1.4e-19,1,9,4.8e-10,1.0e+00,1.0e-03,1.0e+00,1.0e-03,4.8e-04,global-SIRS%YE,CASSIRSSYEQYF,TRBV19*01,TRBJ2-7*01,none:none,1,0.000000,-,-,-,-,-,-,-,-,-,-,-
3,SIRS%YE,1.4e-19,1,9,4.8e-10,1.0e+00,1.0e-03,1.0e+00,1.0e-03,4.8e-04,global-SIRS%YE,CASSIRSSYEQYF,TRBV19*01,TRBJ2-7*01,none:none,1,0.000000,-,-,-,-,-,-,-,-,-,-,-
3,SIRS%YE,1.4e-19,1,9,4.8e-10,1.0e+00,1.0e-03,1.0e+00,1.0e-03,4.8e-04,global-SIRS%YE,CASSIRSSYEQYF,TRBV19*01,TRBJ2-7*01,none:none,1,0.000000,-,-,-,-,-,-,-,-,-,-,-
3,SIRS%YE,1.4e-19,1,9,4.8e-10,1.0e+00,1.0e-03,1.0e+00,1.0e-03,4.8e-04,global-SIRS%YE,CASSIRSSYEQYF,TRBV19*01,TRBJ2-7*01,none:none,1,0.000000,-,-,-,-,-,-,-,-,-,-,-
3,SIRS%YE,1.4e-19,1,9,4.8e-10,1.0e+00,1.0e-03,1.0e+00,1.0e-03,4.8e-04,global-SIRS%YE,CASSIRSSYEQYF,TRBV19*01,TRBJ2-7*01,none:none,1,0.000000,-,-,-,-,-,-,-,-,-,-,-
3,SIRS%YE,1.4e-19,1,9,4.8e-10,1.0e+00,1.0e-03,1.0e+00,1.0e-03,4.8e-04,global-SIRS%YE,CASSIRSSYEQYF,TRBV19*01,TRBJ2-7*01,none:none,1,0.000000,-,-,-,-,-,-,-,-,-,-,-
3,SIRS%YE,1.4e-19,1,9,4.8e-10,1.0e+00,1.0e-03,1.0e+00,1.0e-03,4.8e-04,global-SIRS%YE,CASSIRSSYEQYF,TRBV19*01,TRBJ2-7*01,none:none,1,0.000000,-,-,-,-,-,-,-,-,-,-,-
3,SIRS%YE,1.4e-19,1,9,4.8e-10,1.0e+00,1.0e-03,1.0e+00,1.0e-03,4.8e-04,global-SIRS%YE,CASSIRSSYEQYF,TRBV19*01,TRBJ2-7*01,none:none,1,0.000000,-,-,-,-,-,-,-,-,-,-,-
3,SIRS%YE,1.4e-19,1,9,4.8e-10,1.0e+00,1.0e-03,1.0e+00,1.0e-03,4.8e-04,global-SIRS%YE,CASSIRSSYEQYF,TRBV19*01,TRBJ2-7*01,none:none,1,0.000000,-,-,-,-,-,-,-,-,-,-,-
3,SIRS%YE,1.4e-19,1,9,4.8e-10,1.0e+00,1.0e-03,1.0e+00,1.0e-03,4.8e-04,global-SIRS%YE,CASSIRSSYEQYF,TRBV19*01,TRBJ2-7*01,none:none,1,0.000000,-,-,-,-,-,-,-,-,-,-,-
3,SIRS%YE,1.4e-19,1,9,4.8e-10,1.0e+00,1.0e-03,1.0e+00,1.0e-03,4.8e-04,global-SIRS%YE,CASSIRSSYEQYF,TRBV19*01,TRBJ2-7*01,none:none,1,0.000000,-,-,-,-,-,-,-,-,-,-,-
3,SIRS%YE,1.4e-19,1,9,4.8e-10,1.0e+00,1.0e-03,1.0e+00,1.0e-03,4.8e-04,global-SIRS%YE,CASSIRSSYEQYF,TRBV19*01,TRBJ2-7*01,none:none,1,0.000000,-,-,-,-,-,-,-,-,-,-,-
3,SIRS%YE,1.4e-19,1,9,4.8e-10,1.0e+00,1.0e-03,1.0e+00,1.0e-03,4.8e-04,global-SIRS%YE,CASSIRSSYEQYF,TRBV19*01,TRBJ2-7*01,none:none,1,0.000000,-,-,-,-,-,-,-,-,-,-,-
3,SIRS%YE,1.4e-19,1,9,4.8e-10,1.0e+00,1.0e-03,1.0e+00,1.0e-03,4.8e-04,global-SIRS%YE,CASSIRSSYEQYF,TRBV19*01,TRBJ2-7*01,none:none,1,0.000000,-,-,-,-,-,-,-,-,-,-,-
3,SIRS%YE,1.4e-19,1,9,4.8e-10,1.0e+00,1.0e-03,1.0e+00,1.0e-03,4.8e-04,global-SIRS%YE,CASSIRSSYEQYF,TRBV19*01,TRBJ2-7*01,none:none,1,0.000000,-,-,-,-,-,-,-,-,-,-,-
3,SIRS%YE,1.4e-19,1,9,4.8e-10,1.0e+00,1.0e-03,1.0e+00,1.0e-03,4.8e-04,global-SIRS%YE,CASSIRSSYEQYF,TRBV19*01,TRBJ2-7*01,none:none,1,0.000000,-,-,-,-,-,-,-,-,-,-,-
3,SIRS%YE,1.4e-19,1,9,4.8e-10,1.0e+00,1.0e-03,1.0e+00,1.0e-03,4.8e-04,global-SIRS%YE,CASSIRSSYEQYF,TRBV19*01,TRBJ2-7*01,none:none,1,0.000000,-,-,-,-,-,-,-,-,-,-,-
3,SIRS%YE,1.4e-19,1,9,4.8e-10,1.0e+00,1.0e-03,1.0e+00,1.0e-03,4.8e-04,global-SIRS%YE,CASSIRSSYEQYF,TRBV19*01,TRBJ2-7*01,none:none,1,0.000000,-,-,-,-,-,-,-,-,-,-,-
3,SIRS%YE,1.4e-19,1,9,4.8e-10,1.0e+00,1.0e-03,1.0e+00,1.0e-03,4.8e-04,global-SIRS%YE,CASSIRSSYEQYF,TRBV19*01,TRBJ2-7*01,none:none,1,0.000000,-,-,-,-,-,-,-,-,-,-,-
3,SIRS%YE,1.4e-19,1,9,4.8e-10,1.0e+00,1.0e-03,1.0e+00,1.0e-03,4.8e-04,global-SIRS%YE,CASSIRSSYEQYF,TRBV19*01,TRBJ2-7*01,none:none,1,0.000000,-,-,-,-,-,-,-,-,-,-,-
3,SIRS%YE,1.4e-19,1,9,4.8e-10,1.0e+00,1.0e-03,1.0e+00,1.0e-03,4.8e-04,global-SIRS%YE,CASSIRSSYEQYF,TRBV19*01,TRBJ2-7*01,none:none,1,0.000000,-,-,-,-,-,-,-,-,-,-,-
3,SIRS%YE,1.4e-19,1,9,4.8e-10,1.0e+00,1.0e-03,1.0e+00,1.0e-03,4.8e-04,global-SIRS%YE,CASSIRSSYEQYF,TRBV19*01,TRBJ2-7*01,none:none,1,0.000000,-,-,-,-,-,-,-,-,-,-,-
3,SIRS%YE,1.4e-19,1,9,4.8e-10,1.0e+00,1.0e-03,1.0e+00,1.0e-03,4.8e-04,global-SIRS%YE,CASSIRSSYEQYF,TRBV19*01,TRBJ2-7*01,none:none,1,0.000000,-,-,-,-,-,-,-,-,-,-,-
3,SIRS%YE,1.4e-19,1,9,4.8e-10,1.0e+00,1.0e-03,1.0e+00,1.0e-03,4.8e-04,global-SIRS%YE,CASSIRSSYEQYF,TRBV19*01,TRBJ2-7*01,none:none,1,0.000000,-,-,-,-,-,-,-,-,-,-,-
3,SIRS%YE,1.4e-19,1,9,4.8e-10,1.0e+00,1.0e-03,1.0e+00,1.0e-03,4.8e-04,global-SIRS%YE,CASSIRSSYEQYF,TRBV19*01,TRBJ2-7*01,none:none,1,0.000000,-,-,-,-,-,-,-,-,-,-,-
3,SIRS%YE,1.4e-19,1,9,4.8e-10,1.0e+00,1.0e-03,1.0e+00,1.0e-03,4.8e-04,global-SIRS%YE,CASSIRSSYEQYF,TRBV19*01,TRBJ2-7*01,none:none,1,0.000000,-,-,-,-,-,-,-,-,-,-,-
3,SIRS%YE,1.4e-19,1,9,4.8e-10,1.0e+00,1.0e-03,1.0e+00,1.0e-03,4.8e-04,global-SIRS%YE,CASSIRSSYEQYF,TRBV19*01,TRBJ2-7*01,none:none,1,0.000000,-,-,-,-,-,-,-,-,-,-,-
3,SIRS%YE,1.4e-19,1,9,4.8e-10,1.0e+00,1.0e-03,1.0e+00,1.0e-03,4.8e-04,global-SIRS%YE,CASSIRSSYEQYF,TRBV19*01,TRBJ2-7*01,none:none,1,0.000000,-,-,-,-,-,-,-,-,-,-,-
3,SIRS%YE,1.4e-19,1,9,4.8e-10,1.0e+00,1.0e-03,1.0e+00,1.0e-03,4.8e-04,global-SIRS%YE,CASSIRSSYEQYF,TRBV19*01,TRBJ2-7*01,none:none,1,0.000000,-,-,-,-,-,-,-,-,-,-,-
3,SIRS%YE,1.4e-19,1,9,4.8e-10,1.0e+00,1.0e-03,1.0e+00,1.0e-03,4.8e-04,global-SIRS%YE,CASSIRSSYEQYF,TRBV19*01,TRBJ2-7*01,none:none,1,0.000000,-,-,-,-,-,-,-,-,-,-,-
3,SIRS%YE,1.4e-19,1,9,4.8e-10,1.0e+00,1.0e-03,1.0e+00,1.0e-03,4.8e-04,global-SIRS%YE,CASSIRSSYEQYF,TRBV19*01,TRBJ2-7*01,none:none,1,0.000000,-,-,-,-,-,-,-,-,-,-,-
3,SIRS%YE,1.4e-19,1,9,4.8e-10,1.0e+00,1.0e-03,1.0e+00,1.0e-03,4.8e-04,global-SIRS%YE,CASSIRSSYEQYF,TRBV19*01,TRBJ2-7*01,none:none,1,0.000000,-,-,-,-,-,-,-,-,-,-,-
3,SIRS%YE,1.4e-19,1,9,4.8e-10,1.0e+00,1.0e-03,1.0e+00,1.0e-03,4.8e-04,global-SIRS%YE,CASSIRSSYEQYF,TRBV19*01,TRBJ2-7*01,none:none,1,0.000000,-,-,-,-,-,-,-,-,-,-,-
3,SIRS%YE,1.4e-19,1,9,4.8e-10,1.0e+00,1.0e-03,1.0e+00,1.0e-03,4.8e-04,global-SIRS%YE,CASSIRSSYEQYF,TRBV19*01,TRBJ2-7*01,none:none,1,0.000000,-,-,-,-,-,-,-,-,-,-,-
3,SIRS%YE,1.4e-19,1,9,4.8e-10,1.0e+00,1.0e-03,1.0e+00,1.0e-03,4.8e-04,global-SIRS%YE,CASSIRSAYEQFF,TRBV19*01,TRBJ2-1*01,none:none,1,0.000000,-,-,-,-,-,-,-,-,-,-,-
3,SIRS%YE,1.4e-19,1,9,4.8e-10,1.0e+00,1.0e-03,1.0e+00,1.0e-03,4.8e-04,global-SIRS%YE,CASSIRSAYEQFF,TRBV19*01,TRBJ2-1*01,none:none,1,0.000000,-,-,-,-,-,-,-,-,-,-,-
3,SIRS%YE,1.4e-19,1,9,4.8e-10,1.0e+00,1.0e-03,1.0e+00,1.0e-03,4.8e-04,global-SIRS%YE,CASSIRSAYEQYF,TRBV19*01,TRBJ2-7*01,none:none,1,0.000000,-,-,-,-,-,-,-,-,-,-,-
3,SIRS%YE,1.4e-19,1,9,4.8e-10,1.0e+00,1.0e-03,1.0e+00,1.0e-03,4.8e-04,global-SIRS%YE,CASSIRSAYEQYF,TRBV19*01,TRBJ2-7*01,none:none,1,0.000000,-,-,-,-,-,-,-,-,-,-,-
3,SIRS%YE,1.4e-19,1,9,4.8e-10,1.0e+00,1.0e-03,1.0e+00,1.0e-03,4.8e-04,global-SIRS%YE,CASSIRSAYEQYF,TRBV19*01,TRBJ2-7*01,none:none,1,0.000000,-,-,-,-,-,-,-,-,-,-,-
3,SIRS%YE,1.4e-19,1,9,4.8e-10,1.0e+00,1.0e-03,1.0e+00,1.0e-03,4.8e-04,global-SIRS%YE,CASSIRSAYEQYF,TRBV19*01,TRBJ2-7*01,none:none,1,0.000000,-,-,-,-,-,-,-,-,-,-,-
3,SIRS%YE,1.4e-19,1,9,4.8e-10,1.0e+00,1.0e-03,1.0e+00,1.0e-03,4.8e-04,global-SIRS%YE,CASSIRSAYEQYF,TRBV19*01,TRBJ2-7*01,none:none,1,0.000000,-,-,-,-,-,-,-,-,-,-,-
3,SIRS%YE,1.4e-19,1,9,4.8e-10,1.0e+00,1.0e-03,1.0e+00,1.0e-03,4.8e-04,global-SIRS%YE,CASSIRSAYEQYF,TRBV19*01,TRBJ2-7*01,none:none,1,0.000000,-,-,-,-,-,-,-,-,-,-,-
3,SIRS%YE,1.4e-19,1,9,4.8e-10,1.0e+00,1.0e-03,1.0e+00,1.0e-03,4.8e-04,global-SIRS%YE,CASSIRSAYEQYF,TRBV19*01,TRBJ2-7*01,none:none,1,0.000000,-,-,-,-,-,-,-,-,-,-,-
3,SIRS%YE,1.4e-19,1,9,4.8e-10,1.0e+00,1.0e-03,1.0e+00,1.0e-03,4.8e-04,global-SIRS%YE,CASSIRSAYEQYF,TRBV19*01,TRBJ2-7*01,none:none,1,0.000000,-,-,-,-,-,-,-,-,-,-,-
3,SIRS%YE,1.4e-19,1,9,4.8e-10,1.0e+00,1.0e-03,1.0e+00,1.0e-03,4.8e-04,global-SIRS%YE,CASSIRSAYEQYF,TRBV19*01,TRBJ2-7*01,none:none,1,0.000000,-,-,-,-,-,-,-,-,-,-,-
3,SIRS%YE,1.4e-19,1,9,4.8e-10,1.0e+00,1.0e-03,1.0e+00,1.0e-03,4.8e-04,global-SIRS%YE,CASSIRSAYEQYF,TRBV19*01,TRBJ2-7*01,none:none,1,0.000000,-,-,-,-,-,-,-,-,-,-,-
3,SIRS%YE,1.4e-19,1,9,4.8e-10,1.0e+00,1.0e-03,1.0e+00,1.0e-03,4.8e-04,global-SIRS%YE,CASSIRSAYEQYF,TRBV19*01,TRBJ2-7*01,none:none,1,0.000000,-,-,-,-,-,-,-,-,-,-,-
3,SIRS%YE,1.4e-19,1,9,4.8e-10,1.0e+00,1.0e-03,1.0e+00,1.0e-03,4.8e-04,global-SIRS%YE,CASSIRSAYEQYF,TRBV19*01,TRBJ2-7*01,none:none,1,0.000000,-,-,-,-,-,-,-,-,-,-,-
3,SIRS%YE,1.4e-19,1,9,4.8e-10,1.0e+00,1.0e-03,1.0e+00,1.0e-03,4.8e-04,global-SIRS%YE,CASSIRSAYEQYF,TRBV19*01,TRBJ2-7*01,none:none,1,0.000000,-,-,-,-,-,-,-,-,-,-,-
3,SIRS%YE,1.4e-19,1,9,4.8e-10,1.0e+00,1.0e-03,1.0e+00,1.0e-03,4.8e-04,global-SIRS%YE,CASSIRSAYEQYF,TRBV19*01,TRBJ2-7*01,none:none,1,0.000000,-,-,-,-,-,-,-,-,-,-,-
3,SIRS%YE,1.4e-19,1,9,4.8e-10,1.0e+00,1.0e-03,1.0e+00,1.0e-03,4.8e-04,global-SIRS%YE,CASSIRSAYEQYF,TRBV19*01,TRBJ2-7*01,none:none,1,0.000000,-,-,-,-,-,-,-,-,-,-,-
3,SIRS%YE,1.4e-19,1,9,4.8e-10,1.0e+00,1.0e-03,1.0e+00,1.0e-03,4.8e-04,global-SIRS%YE,CASSIRSEYEQYF,TRBV19*01,TRBJ2-7*01,none:none,1,0.000000,-,-,-,-,-,-,-,-,-,-,-
3,SIRS%YE,1.4e-19,1,9,4.8e-10,1.0e+00,1.0e-03,1.0e+00,1.0e-03,4.8e-04,global-SIRS%YE,CASSIRSEYEQYF,TRBV19*01,TRBJ2-7*01,none:none,1,0.000000,-,-,-,-,-,-,-,-,-,-,-
3,SIRS%YE,1.4e-19,1,9,4.8e-10,1.0e+00,1.0e-03,1.0e+00,1.0e-03,4.8e-04,global-SIRS%YE,CASSIRSHYEQYF,TRBV19*01,TRBJ2-7*01,none:none,1,0.000000,-,-,-,-,-,-,-,-,-,-,-
3,SIRS%YE,1.4e-19,1,9,4.8e-10,1.0e+00,1.0e-03,1.0e+00,1.0e-03,4.8e-04,global-SIRS%YE,CASSIRSGYEQFF,TRBV19*01,TRBJ2-1*01,none:none,1,0.000000,-,-,-,-,-,-,-,-,-,-,-
3,SIRS%YE,1.4e-19,1,9,4.8e-10,1.0e+00,1.0e-03,1.0e+00,1.0e-03,4.8e-04,global-SIRS%YE,CASSIRSTYEQYF,TRBV19*01,TRBJ2-7*01,none:none,1,0.000000,-,-,-,-,-,-,-,-,-,-,-
3,SIRS%YE,1.4e-19,1,9,4.8e-10,1.0e+00,1.0e-03,1.0e+00,1.0e-03,4.8e-04,global-SIRS%YE,CASSIRSTYEQYF,TRBV19*01,TRBJ2-7*01,none:none,1,0.000000,-,-,-,-,-,-,-,-,-,-,-
3,SIRS%YE,1.4e-19,1,9,4.8e-10,1.0e+00,1.0e-03,1.0e+00,1.0e-03,4.8e-04,global-SIRS%YE,CASSIRSSYEQFF,TRBV19*01,TRBJ2-1*01,none:none,1,0.000000,-,-,-,-,-,-,-,-,-,-,-

4,S%RSSYE,2.6e-18,1,12,1.5e-10,1.0e+00,1.0e-03,1.0e+00,1.0e-03,1.5e-04,global-S%RSSYE,CVSSVRSSYEQYF,TRBV19*01,TRBJ2-7*01,none:none,1,0.000000,-,-,-,-,-,-,-,-,-,-,-
4,S%RSSYE,2.6e-18,1,12,1.5e-10,1.0e+00,1.0e-03,1.0e+00,1.0e-03,1.5e-04,global-S%RSSYE,CASSSRSSYEQYF,TRBV19*01,TRBJ2-7*01,none:none,1,0.000000,-,-,-,-,-,-,-,-,-,-,-
4,S%RSSYE,2.6e-18,1,12,1.5e-10,1.0e+00,1.0e-03,1.0e+00,1.0e-03,1.5e-04,global-S%RSSYE,CASSSRSSYEQYF,TRBV19*01,TRBJ2-7*01,none:none,1,0.000000,-,-,-,-,-,-,-,-,-,-,-
4,S%RSSYE,2.6e-18,1,12,1.5e-10,1.0e+00,1.0e-03,1.0e+00,1.0e-03,1.5e-04,global-S%RSSYE,CASSSRSSYEQYF,TRBV19*01,TRBJ2-7*01,none:none,1,0.000000,-,-,-,-,-,-,-,-,-,-,-
4,S%RSSYE,2.6e-18,1,12,1.5e-10,1.0e+00,1.0e-03,1.0e+00,1.0e-03,1.5e-04,global-S%RSSYE,CASSSRSSYEQYF,TRBV19*01,TRBJ2-7*01,none:none,1,0.000000,-,-,-,-,-,-,-,-,-,-,-
4,S%RSSYE,2.6e-18,1,12,1.5e-10,1.0e+00,1.0e-03,1.0e+00,1.0e-03,1.5e-04,global-S%RSSYE,CASSQRSSYEQYF,TRBV19*01,TRBJ2-7*01,none:none,1,0.000000,-,-,-,-,-,-,-,-,-,-,-
4,S%RSSYE,2.6e-18,1,12,1.5e-10,1.0e+00,1.0e-03,1.0e+00,1.0e-03,1.5e-04,global-S%RSSYE,CASSQRSSYEQYF,TRBV19*01,TRBJ2-7*01,none:none,1,0.000000,-,-,-,-,-,-,-,-,-,-,-
4,S%RSSYE,2.6e-18,1,12,1.5e-10,1.0e+00,1.0e-03,1.0e+00,1.0e-03,1.5e-04,global-S%RSSYE,CASSMRSSYEQYF,TRBV19*01,TRBJ2-7*01,none:none,1,0.000000,-,-,-,-,-,-,-,-,-,-,-
4,S%RSSYE,2.6e-18,1,12,1.5e-10,1.0e+00,1.0e-03,1.0e+00,1.0e-03,1.5e-04,global-S%RSSYE,CASSIRSSYEQFF,TRBV19*01,TRBJ2-1*01,none:none,1,0.000000,-,-,-,-,-,-,-,-,-,-,-
4,S%RSSYE,2.6e-18,1,12,1.5e-10,1.0e+00,1.0e-03,1.0e+00,1.0e-03,1.5e-04,global-S%RSSYE,CASSKRSSYEQYF,TRBV19*01,TRBJ2-7*01,none:none,1,0.000000,-,-,-,-,-,-,-,-,-,-,-
4,S%RSSYE,2.6e-18,1,12,1.5e-10,1.0e+00,1.0e-03,1.0e+00,1.0e-03,1.5e-04,global-S%RSSYE,CASSIRSSYEQYF,TRBV19*01,TRBJ2-7*01,none:none,1,0.000000,-,-,-,-,-,-,-,-,-,-,-
4,S%RSSYE,2.6e-18,1,12,1.5e-10,1.0e+00,1.0e-03,1.0e+00,1.0e-03,1.5e-04,global-S%RSSYE,CASSIRSSYEQYF,TRBV19*01,TRBJ2-7*01,none:none,1,0.000000,-,-,-,-,-,-,-,-,-,-,-
4,S%RSSYE,2.6e-18,1,12,1.5e-10,1.0e+00,1.0e-03,1.0e+00,1.0e-03,1.5e-04,global-S%RSSYE,CASSIRSSYEQYF,TRBV19*01,TRBJ2-7*01,none:none,1,0.000000,-,-,-,-,-,-,-,-,-,-,-
4,S%RSSYE,2.6e-18,1,12,1.5e-10,1.0e+00,1.0e-03,1.0e+00,1.0e-03,1.5e-04,global-S%RSSYE,CASSIRSSYEQYF,TRBV19*01,TRBJ2-7*01,none:none,1,0.000000,-,-,-,-,-,-,-,-,-,-,-
4,S%RSSYE,2.6e-18,1,12,1.5e-10,1.0e+00,1.0e-03,1.0e+00,1.0e-03,1.5e-04,global-S%RSSYE,CASSIRSSYEQYF,TRBV19*01,TRBJ2-7*01,none:none,1,0.000000,-,-,-,-,-,-,-,-,-,-,-
4,S%RSSYE,2.6e-18,1,12,1.5e-10,1.0e+00,1.0e-03,1.0e+00,1.0e-03,1.5e-04,global-S%RSSYE,CASSIRSSYEQYF,TRBV19*01,TRBJ2-7*01,none:none,1,0.000000,-,-,-,-,-,-,-,-,-,-,-
4,S%RSSYE,2.6e-18,1,12,1.5e-10,1.0e+00,1.0e-03,1.0e+00,1.0e-03,1.5e-04,global-S%RSSYE,CASSIRSSYEQYF,TRBV19*01,TRBJ2-7*01,none:none,1,0.000000,-,-,-,-,-,-,-,-,-,-,-
4,S%RSSYE,2.6e-18,1,12,1.5e-10,1.0e+00,1.0e-03,1.0e+00,1.0e-03,1.5e-04,global-S%RSSYE,CASSIRSSYEQYF,TRBV19*01,TRBJ2-7*01,none:none,1,0.000000,-,-,-,-,-,-,-,-,-,-,-
4,S%RSSYE,2.6e-18,1,12,1.5e-10,1.0e+00,1.0e-03,1.0e+00,1.0e-03,1.5e-04,global-S%RSSYE,CASSIRSSYEQYF,TRBV19*01,TRBJ2-7*01,none:none,1,0.000000,-,-,-,-,-,-,-,-,-,-,-
4,S%RSSYE,2.6e-18,1,12,1.5e-10,1.0e+00,1.0e-03,1.0e+00,1.0e-03,1.5e-04,global-S%RSSYE,CASSIRSSYEQYF,TRBV19*01,TRBJ2-7*01,none:none,1,0.000000,-,-,-,-,-,-,-,-,-,-,-
4,S%RSSYE,2.6e-18,1,12,1.5e-10,1.0e+00,1.0e-03,1.0e+00,1.0e-03,1.5e-04,global-S%RSSYE,CASSIRSSYEQYF,TRBV19*01,TRBJ2-7*01,none:none,1,0.000000,-,-,-,-,-,-,-,-,-,-,-
4,S%RSSYE,2.6e-18,1,12,1.5e-10,1.0e+00,1.0e-03,1.0e+00,1.0e-03,1.5e-04,global-S%RSSYE,CASSIRSSYEQYF,TRBV19*01,TRBJ2-7*01,none:none,1,0.000000,-,-,-,-,-,-,-,-,-,-,-
4,S%RSSYE,2.6e-18,1,12,1.5e-10,1.0e+00,1.0e-03,1.0e+00,1.0e-03,1.5e-04,global-S%RSSYE,CASSIRSSYEQYF,TRBV19*01,TRBJ2-7*01,none:none,1,0.000000,-,-,-,-,-,-,-,-,-,-,-
4,S%RSSYE,2.6e-18,1,12,1.5e-10,1.0e+00,1.0e-03,1.0e+00,1.0e-03,1.5e-04,global-S%RSSYE,CASSIRSSYEQYF,TRBV19*01,TRBJ2-7*01,none:none,1,0.000000,-,-,-,-,-,-,-,-,-,-,-
4,S%RSSYE,2.6e-18,1,12,1.5e-10,1.0e+00,1.0e-03,1.0e+00,1.0e-03,1.5e-04,global-S%RSSYE,CASSIRSSYEQYF,TRBV19*01,TRBJ2-7*01,none:none,1,0.000000,-,-,-,-,-,-,-,-,-,-,-
4,S%RSSYE,2.6e-18,1,12,1.5e-10,1.0e+00,1.0e-03,1.0e+00,1.0e-03,1.5e-04,global-S%RSSYE,CASSIRSSYEQYF,TRBV19*01,TRBJ2-7*01,none:none,1,0.000000,-,-,-,-,-,-,-,-,-,-,-
4,S%RSSYE,2.6e-18,1,12,1.5e-10,1.0e+00,1.0e-03,1.0e+00,1.0e-03,1.5e-04,global-S%RSSYE,CASSIRSSYEQYF,TRBV19*01,TRBJ2-7*01,none:none,1,0.000000,-,-,-,-,-,-,-,-,-,-,-
4,S%RSSYE,2.6e-18,1,12,1.5e-10,1.0e+00,1.0e-03,1.0e+00,1.0e-03,1.5e-04,global-S%RSSYE,CASSIRSSYEQYF,TRBV19*01,TRBJ2-7*01,none:none,1,0.000000,-,-,-,-,-,-,-,-,-,-,-
4,S%RSSYE,2.6e-18,1,12,1.5e-10,1.0e+00,1.0e-03,1.0e+00,1.0e-03,1.5e-04,global-S%RSSYE,CASSIRSSYEQYF,TRBV19*01,TRBJ2-7*01,none:none,1,0.000000,-,-,-,-,-,-,-,-,-,-,-
4,S%RSSYE,2.6e-18,1,12,1.5e-10,1.0e+00,1.0e-03,1.0e+00,1.0e-03,1.5e-04,global-S%RSSYE,CASSIRSSYEQYF,TRBV19*01,TRBJ2-7*01,none:none,1,0.000000,-,-,-,-,-,-,-,-,-,-,-
4,S%RSSYE,2.6e-18,1,12,1.5e-10,1.0e+00,1.0e-03,1.0e+00,1.0e-03,1.5e-04,global-S%RSSYE,CASSIRSSYEQYF,TRBV19*01,TRBJ2-7*01,none:none,1,0.000000,-,-,-,-,-,-,-,-,-,-,-
4,S%RSSYE,2.6e-18,1,12,1.5e-10,1.0e+00,1.0e-03,1.0e+00,1.0e-03,1.5e-04,global-S%RSSYE,CASSIRSSYEQYF,TRBV19*01,TRBJ2-7*01,none:none,1,0.000000,-,-,-,-,-,-,-,-,-,-,-
4,S%RSSYE,2.6e-18,1,12,1.5e-10,1.0e+00,1.0e-03,1.0e+00,1.0e-03,1.5e-04,global-S%RSSYE,CASSIRSSYEQYF,TRBV19*01,TRBJ2-7*01,none:none,1,0.000000,-,-,-,-,-,-,-,-,-,-,-
4,S%RSSYE,2.6e-18,1,12,1.5e-10,1.0e+00,1.0e-03,1.0e+00,1.0e-03,1.5e-04,global-S%RSSYE,CASSIRSSYEQYF,TRBV19*01,TRBJ2-7*01,none:none,1,0.000000,-,-,-,-,-,-,-,-,-,-,-
4,S%RSSYE,2.6e-18,1,12,1.5e-10,1.0e+00,1.0e-03,1.0e+00,1.0e-03,1.5e-04,global-S%RSSYE,CASSIRSSYEQYF,TRBV19*01,TRBJ2-7*01,none:none,1,0.000000,-,-,-,-,-,-,-,-,-,-,-
4,S%RSSYE,2.6e-18,1,12,1.5e-10,1.0e+00,1.0e-03,1.0e+00,1.0e-03,1.5e-04,global-S%RSSYE,CASSIRSSYEQYF,TRBV19*01,TRBJ2-7*01,none:none,1,0.000000,-,-,-,-,-,-,-,-,-,-,-
4,S%RSSYE,2.6e-18,1,12,1.5e-10,1.0e+00,1.0e-03,1.0e+00,1.0e-03,1.5e-04,global-S%RSSYE,CASSIRSSYEQYF,TRBV19*01,TRBJ2-7*01,none:none,1,0.000000,-,-,-,-,-,-,-,-,-,-,-
4,S%RSSYE,2.6e-18,1,12,1.5e-10,1.0e+00,1.0e-03,1.0e+00,1.0e-03,1.5e-04,global-S%RSSYE,CASSIRSSYEQYF,TRBV19*01,TRBJ2-7*01,none:none,1,0.000000,-,-,-,-,-,-,-,-,-,-,-
4,S%RSSYE,2.6e-18,1,12,1.5e-10,1.0e+00,1.0e-03,1.0e+00,1.0e-03,1.5e-04,global-S%RSSYE,CASSIRSSYEQYF,TRBV19*01,TRBJ2-7*01,none:none,1,0.000000,-,-,-,-,-,-,-,-,-,-,-
4,S%RSSYE,2.6e-18,1,12,1.5e-10,1.0e+00,1.0e-03,1.0e+00,1.0e-03,1.5e-04,global-S%RSSYE,CASSIRSSYEQYF,TRBV19*01,TRBJ2-7*01,none:none,1,0.000000,-,-,-,-,-,-,-,-,-,-,-
4,S%RSSYE,2.6e-18,1,12,1.5e-10,1.0e+00,1.0e-03,1.0e+00,1.0e-03,1.5e-04,global-S%RSSYE,CASSIRSSYEQYF,TRBV19*01,TRBJ2-7*01,none:none,1,0.000000,-,-,-,-,-,-,-,-,-,-,-
4,S%RSSYE,2.6e-18,1,12,1.5e-10,1.0e+00,1.0e-03,1.0e+00,1.0e-03,1.5e-04,global-S%RSSYE,CASSIRSSYEQYF,TRBV19*01,TRBJ2-7*01,none:none,1,0.000000,-,-,-,-,-,-,-,-,-,-,-
4,S%RSSYE,2.6e-18,1,12,1.5e-10,1.0e+00,1.0e-03,1.0e+00,1.0e-03,1.5e-04,global-S%RSSYE,CASSIRSSYEQYF,TRBV19*01,TRBJ2-7*01,none:none,1,0.000000,-,-,-,-,-,-,-,-,-,-,-
4,S%RSSYE,2.6e-18,1,12,1.5e-10,1.0e+00,1.0e-03,1.0e+00,1.0e-03,1.5e-04,global-S%RSSYE,CASSIRSSYEQYF,TRBV19*01,TRBJ2-7*01,none:none,1,0.000000,-,-,-,-,-,-,-,-,-,-,-
4,S%RSSYE,2.6e-18,1,12,1.5e-10,1.0e+00,1.0e-03,1.0e+00,1.0e-03,1.5e-04,global-S%RSSYE,CASSIRSSYEQYF,TRBV19*01,TRBJ2-7*01,none:none,1,0.000000,-,-,-,-,-,-,-,-,-,-,-
4,S%RSSYE,2.6e-18,1,12,1.5e-10,1.0e+00,1.0e-03,1.0e+00,1.0e-03,1.5e-04,global-S%RSSYE,CASSIRSSYEQYF,TRBV19*01,TRBJ2-7*01,none:none,1,0.000000,-,-,-,-,-,-,-,-,-,-,-
4,S%RSSYE,2.6e-18,1,12,1.5e-10,1.0e+00,1.0e-03,1.0e+00,1.0e-03,1.5e-04,global-S%RSSYE,CASSIRSSYEQYF,TRBV19*01,TRBJ2-7*01,none:none,1,0.000000,-,-,-,-,-,-,-,-,-,-,-
4,S%RSSYE,2.6e-18,1,12,1.5e-10,1.0e+00,1.0e-03,1.0e+00,1.0e-03,1.5e-04,global-S%RSSYE,CASSIRSSYEQYF,TRBV19*01,TRBJ2-7*01,none:none,1,0.000000,-,-,-,-,-,-,-,-,-,-,-
4,S%RSSYE,2.6e-18,1,12,1.5e-10,1.0e+00,1.0e-03,1.0e+00,1.0e-03,1.5e-04,global-S%RSSYE,CASSIRSSYEQYF,TRBV19*01,TRBJ2-7*01,none:none,1,0.000000,-,-,-,-,-,-,-,-,-,-,-
4,S%RSSYE,2.6e-18,1,12,1.5e-10,1.0e+00,1.0e-03,1.0e+00,1.0e-03,1.5e-04,global-S%RSSYE,CASSIRSSYEQYF,TRBV19*01,TRBJ2-7*01,none:none,1,0.000000,-,-,-,-,-,-,-,-,-,-,-
4,S%RSSYE,2.6e-18,1,12,1.5e-10,1.0e+00,1.0e-03,1.0e+00,1.0e-03,1.5e-04,global-S%RSSYE,CASSIRSSYEQYF,TRBV19*01,TRBJ2-7*01,none:none,1,0.000000,-,-,-,-,-,-,-,-,-,-,-
4,S%RSSYE,2.6e-18,1,12,1.5e-10,1.0e+00,1.0e-03,1.0e+00,1.0e-03,1.5e-04,global-S%RSSYE,CASSIRSSYEQYF,TRBV19*01,TRBJ2-7*01,none:none,1,0.000000,-,-,-,-,-,-,-,-,-,-,-
4,S%RSSYE,2.6e-18,1,12,1.5e-10,1.0e+00,1.0e-03,1.0e+00,1.0e-03,1.5e-04,global-S%RSSYE,CASSIRSSYEQYF,TRBV19*01,TRBJ2-7*01,none:none,1,0.000000,-,-,-,-,-,-,-,-,-,-,-
4,S%RSSYE,2.6e-18,1,12,1.5e-10,1.0e+00,1.0e-03,1.0e+00,1.0e-03,1.5e-04,global-S%RSSYE,CASSIRSSYEQYF,TRBV19*01,TRBJ2-7*01,none:none,1,0.000000,-,-,-,-,-,-,-,-,-,-,-
4,S%RSSYE,2.6e-18,1,12,1.5e-10,1.0e+00,1.0e-03,1.0e+00,1.0e-03,1.5e-04,global-S%RSSYE,CASSIRSSYEQYF,TRBV19*01,TRBJ2-7*01,none:none,1,0.000000,-,-,-,-,-,-,-,-,-,-,-
4,S%RSSYE,2.6e-18,1,12,1.5e-10,1.0e+00,1.0e-03,1.0e+00,1.0e-03,1.5e-04,global-S%RSSYE,CASSIRSSYEQYF,TRBV19*01,TRBJ2-7*01,none:none,1,0.000000,-,-,-,-,-,-,-,-,-,-,-
4,S%RSSYE,2.6e-18,1,12,1.5e-10,1.0e+00,1.0e-03,1.0e+00,1.0e-03,1.5e-04,global-S%RSSYE,CASSIRSSYEQYF,TRBV19*01,TRBJ2-7*01,none:none,1,0.000000,-,-,-,-,-,-,-,-,-,-,-
4,S%RSSYE,2.6e-18,1,12,1.5e-10,1.0e+00,1.0e-03,1.0e+00,1.0e-03,1.5e-04,global-S%RSSYE,CASSIRSSYEQYF,TRBV19*01,TRBJ2-7*01,none:none,1,0.000000,-,-,-,-,-,-,-,-,-,-,-
4,S%RSSYE,2.6e-18,1,12,1.5e-10,1.0e+00,1.0e-03,1.0e+00,1.0e-03,1.5e-04,global-S%RSSYE,CASSARSSYEQYF,TRBV19*01,TRBJ2-7*01,none:none,1,0.000000,-,-,-,-,-,-,-,-,-,-,-
4,S%RSSYE,2.6e-18,1,12,1.5e-10,1.0e+00,1.0e-03,1.0e+00,1.0e-03,1.5e-04,global-S%RSSYE,CASSARSSYEQYF,TRBV19*01,TRBJ2-7*01,none:none,1,0.000000,-,-,-,-,-,-,-,-,-,-,-
4,S%RSSYE,2.6e-18,1,12,1.5e-10,1.0e+00,1.0e-03,1.0e+00,1.0e-03,1.5e-04,global-S%RSSYE,CASSARSSYEQYF,TRBV19*01,TRBJ2-7*01,none:none,1,0.000000,-,-,-,-,-,-,-,-,-,-,-
4,S%RSSYE,2.6e-18,1,12,1.5e-10,1.0e+00,1.0e-03,1.0e+00,1.0e-03,1.5e-04,global-S%RSSYE,CASSARSSYEQYF,TRBV19*01,TRBJ2-7*01,none:none,1,0.000000,-,-,-,-,-,-,-,-,-,-,-
4,S%RSSYE,2.6e-18,1,12,1.5e-10,1.0e+00,1.0e-03,1.0e+00,1.0e-03,1.5e-04,global-S%RSSYE,CASSARSSYEQYF,TRBV19*01,TRBJ2-7*01,none:none,1,0.000000,-,-,-,-,-,-,-,-,-,-,-
4,S%RSSYE,2.6e-18,1,12,1.5e-10,1.0e+00,1.0e-03,1.0e+00,1.0e-03,1.5e-04,global-S%RSSYE,CASSARSSYEQYF,TRBV19*01,TRBJ2-7*01,none:none,1,0.000000,-,-,-,-,-,-,-,-,-,-,-
4,S%RSSYE,2.6e-18,1,12,1.5e-10,1.0e+00,1.0e-03,1.0e+00,1.0e-03,1.5e-04,global-S%RSSYE,CASSARSSYEQYF,TRBV19*01,TRBJ2-7*01,none:none,1,0.000000,-,-,-,-,-,-,-,-,-,-,-
4,S%RSSYE,2.6e-18,1,12,1.5e-10,1.0e+00,1.0e-03,1.0e+00,1.0e-03,1.5e-04,global-S%RSSYE,CASSARSSYEQYF,TRBV19*01,TRBJ2-7*01,none:none,1,0.000000,-,-,-,-,-,-,-,-,-,-,-
4,S%RSSYE,2.6e-18,1,12,1.5e-10,1.0e+00,1.0e-03,1.0e+00,1.0e-03,1.5e-04,global-S%RSSYE,CASSARSSYEQYF,TRBV19*01,TRBJ2-7*01,none:none,1,0.000000,-,-,-,-,-,-,-,-,-,-,-
4,S%RSSYE,2.6e-18,1,12,1.5e-10,1.0e+00,1.0e-03,1.0e+00,1.0e-03,1.5e-04,global-S%RSSYE,CASSARSSYEQYF,TRBV19*01,TRBJ2-7*01,none:none,1,0.000000,-,-,-,-,-,-,-,-,-,-,-
4,S%RSSYE,2.6e-18,1,12,1.5e-10,1.0e+00,1.0e-03,1.0e+00,1.0e-03,1.5e-04,global-S%RSSYE,CASSARSSYEQYF,TRBV19*01,TRBJ2-7*01,none:none,1,0.000000,-,-,-,-,-,-,-,-,-,-,-
4,S%RSSYE,2.6e-18,1,12,1.5e-10,1.0e+00,1.0e-03,1.0e+00,1.0e-03,1.5e-04,global-S%RSSYE,CASSARSSYEQYF,TRBV19*01,TRBJ2-7*01,none:none,1,0.000000,-,-,-,-,-,-,-,-,-,-,-
4,S%RSSYE,2.6e-18,1,12,1.5e-10,1.0e+00,1.0e-03,1.0e+00,1.0e-03,1.5e-04,global-S%RSSYE,CASSPRSSYEQYF,TRBV19*01,TRBJ2-7*01,none:none,1,0.000000,-,-,-,-,-,-,-,-,-,-,-
4,S%RSSYE,2.6e-18,1,12,1.5e-10,1.0e+00,1.0e-03,1.0e+00,1.0e-03,1.5e-04,global-S%RSSYE,CASSLRSSYEQYF,TRBV19*01,TRBJ2-7*01,none:none,1,0.000000,-,-,-,-,-,-,-,-,-,-,-
4,S%RSSYE,2.6e-18,1,12,1.5e-10,1.0e+00,1.0e-03,1.0e+00,1.0e-03,1.5e-04,global-S%RSSYE,CASSLRSSYEQYF,TRBV19*01,TRBJ2-7*01,none:none,1,0.000000,-,-,-,-,-,-,-,-,-,-,-
4,S%RSSYE,2.6e-18,1,12,1.5e-10,1.0e+00,1.0e-03,1.0e+00,1.0e-03,1.5e-04,global-S%RSSYE,CATSVRSSYEQYF,TRBV24-1*01,TRBJ2-7*01,none:none,1,0.000000,-,-,-,-,-,-,-,-,-,-,-
4,S%RSSYE,2.6e-18,1,12,1.5e-10,1.0e+00,1.0e-03,1.0e+00,1.0e-03,1.5e-04,global-S%RSSYE,CASSVRSSYEQYF,TRBV19*01,TRBJ2-7*01,none:none,1,0.000000,-,-,-,-,-,-,-,-,-,-,-
4,S%RSSYE,2.6e-18,1,12,1.5e-10,1.0e+00,1.0e-03,1.0e+00,1.0e-03,1.5e-04,global-S%RSSYE,CASSVRSSYEQYF,TRBV19*01,TRBJ2-7*01,none:none,1,0.000000,-,-,-,-,-,-,-,-,-,-,-
4,S%RSSYE,2.6e-18,1,12,1.5e-10,1.0e+00,1.0e-03,1.0e+00,1.0e-03,1.5e-04,global-S%RSSYE,CASSVRSSYEQYF,TRBV19*01,TRBJ2-7*01,none:none,1,0.000000,-,-,-,-,-,-,-,-,-,-,-
4,S%RSSYE,2.6e-18,1,12,1.5e-10,1.0e+00,1.0e-03,1.0e+00,1.0e-03,1.5e-04,global-S%RSSYE,CASSVRSSYEQYF,TRBV19*01,TRBJ2-7*01,none:none,1,0.000000,-,-,-,-,-,-,-,-,-,-,-
4,S%RSSYE,2.6e-18,1,12,1.5e-10,1.0e+00,1.0e-03,1.0e+00,1.0e-03,1.5e-04,global-S%RSSYE,CASSVRSSYEQYF,TRBV19*01,TRBJ2-7*01,none:none,1,0.000000,-,-,-,-,-,-,-,-,-,-,-
4,S%RSSYE,2.6e-18,1,12,1.5e-10,1.0e+00,1.0e-03,1.0e+00,1.0e-03,1.5e-04,global-S%RSSYE,CASSVRSSYEQYF,TRBV19*01,TRBJ2-7*01,none:none,1,0.000000,-,-,-,-,-,-,-,-,-,-,-

5,SIG%YG,2.9e-14,1,8,8.3e-10,1.0e+00,1.0e-03,1.0e+00,1.0e-03,8.3e-04,global-SIG%YG,CASSIGVYGYTF,TRBV19*01,TRBJ1-2*01,none:none,1,0.000000,-,-,-,-,-,-,-,-,-,-,-
5,SIG%YG,2.9e-14,1,8,8.3e-10,1.0e+00,1.0e-03,1.0e+00,1.0e-03,8.3e-04,global-SIG%YG,CASSIGVYGYTF,TRBV19*01,TRBJ1-2*01,none:none,1,0.000000,-,-,-,-,-,-,-,-,-,-,-
5,SIG%YG,2.9e-14,1,8,8.3e-10,1.0e+00,1.0e-03,1.0e+00,1.0e-03,8.3e-04,global-SIG%YG,CASSIGVYGYTF,TRBV19*01,TRBJ1-2*01,none:none,1,0.000000,-,-,-,-,-,-,-,-,-,-,-
5,SIG%YG,2.9e-14,1,8,8.3e-10,1.0e+00,1.0e-03,1.0e+00,1.0e-03,8.3e-04,global-SIG%YG,CASSIGHYGYTF,TRBV19*01,TRBJ1-2*01,none:none,1,0.000000,-,-,-,-,-,-,-,-,-,-,-
5,SIG%YG,2.9e-14,1,8,8.3e-10,1.0e+00,1.0e-03,1.0e+00,1.0e-03,8.3e-04,global-SIG%YG,CASSIGLYGYTF,TRBV19*01,TRBJ1-2*01,none:none,1,0.000000,-,-,-,-,-,-,-,-,-,-,-
5,SIG%YG,2.9e-14,1,8,8.3e-10,1.0e+00,1.0e-03,1.0e+00,1.0e-03,8.3e-04,global-SIG%YG,CASSIGLYGYTF,TRBV19*01,TRBJ1-2*01,none:none,1,0.000000,-,-,-,-,-,-,-,-,-,-,-
5,SIG%YG,2.9e-14,1,8,8.3e-10,1.0e+00,1.0e-03,1.0e+00,1.0e-03,8.3e-04,global-SIG%YG,CASSIGLYGYTF,TRBV19*01,TRBJ1-2*01,none:none,1,0.000000,-,-,-,-,-,-,-,-,-,-,-
5,SIG%YG,2.9e-14,1,8,8.3e-10,1.0e+00,1.0e-03,1.0e+00,1.0e-03,8.3e-04,global-SIG%YG,CASSIGLYGYTF,TRBV19*01,TRBJ1-2*01,none:none,1,0.000000,-,-,-,-,-,-,-,-,-,-,-
5,SIG%YG,2.9e-14,1,8,8.3e-10,1.0e+00,1.0e-03,1.0e+00,1.0e-03,8.3e-04,global-SIG%YG,CASSIGYYGYTF,TRBV19*01,TRBJ1-2*01,none:none,1,0.000000,-,-,-,-,-,-,-,-,-,-,-
5,SIG%YG,2.9e-14,1,8,8.3e-10,1.0e+00,1.0e-03,1.0e+00,1.0e-03,8.3e-04,global-SIG%YG,CASSIGYYGYTF,TRBV19*01,TRBJ1-2*01,none:none,1,0.000000,-,-,-,-,-,-,-,-,-,-,-
5,SIG%YG,2.9e-14,1,8,8.3e-10,1.0e+00,1.0e-03,1.0e+00,1.0e-03,8.3e-04,global-SIG%YG,CASSIGTYGYTF,TRBV19*01,TRBJ1-2*01,none:none,1,0.000000,-,-,-,-,-,-,-,-,-,-,-
5,SIG%YG,2.9e-14,1,8,8.3e-10,1.0e+00,1.0e-03,1.0e+00,1.0e-03,8.3e-04,global-SIG%YG,CASSIGFYGYTF,TRBV19*01,TRBJ1-2*01,none:none,1,0.000000,-,-,-,-,-,-,-,-,-,-,-
5,SIG%YG,2.9e-14,1,8,8.3e-10,1.0e+00,1.0e-03,1.0e+00,1.0e-03,8.3e-04,global-SIG%YG,CASSIGSYGYTF,TRBV19*01,TRBJ1-2*01,none:none,1,0.000000,-,-,-,-,-,-,-,-,-,-,-
5,SIG%YG,2.9e-14,1,8,8.3e-10,1.0e+00,1.0e-03,1.0e+00,1.0e-03,8.3e-04,global-SIG%YG,CASSIGAYGYTF,TRBV19*01,TRBJ1-2*01,none:none,1,0.000000,-,-,-,-,-,-,-,-,-,-,-
5,SIG%YG,2.9e-14,1,8,8.3e-10,1.0e+00,1.0e-03,1.0e+00,1.0e-03,8.3e-04,global-SIG%YG,CASSIGAYGYTF,TRBV19*01,TRBJ1-2*01,none:none,1,0.000000,-,-,-,-,-,-,-,-,-,-,-

6,SQ%QLWET,6.0e-14,1,6,1.2e-09,1.0e+00,1.0e-03,1.0e+00,1.0e-03,1.2e-03,global-SQ%QLWET,CANSQTQLWETQYF,TRBV7-2*01,TRBJ2-5*01,none:none,1,0.000000,-,-,-,-,-,-,-,-,-,-,-
6,SQ%QLWET,6.0e-14,1,6,1.2e-09,1.0e+00,1.0e-03,1.0e+00,1.0e-03,1.2e-03,global-SQ%QLWET,CASSQTQLWETRYF,TRBV7-2*01,TRBJ2-5*01,none:none,1,0.000000,-,-,-,-,-,-,-,-,-,-,-
6,SQ%QLWET,6.0e-14,1,6,1.2e-09,1.0e+00,1.0e-03,1.0e+00,1.0e-03,1.2e-03,global-SQ%QLWET,CASSQAQLWETQYF,TRBV7-2*01,TRBJ2-5*01,none:none,1,0.000000,-,-,-,-,-,-,-,-,-,-,-
6,SQ%QLWET,6.0e-14,1,6,1.2e-09,1.0e+00,1.0e-03,1.0e+00,1.0e-03,1.2e-03,global-SQ%QLWET,CAGSQTQLWETQYF,TRBV7-2*01,TRBJ2-5*01,none:none,1,0.000000,-,-,-,-,-,-,-,-,-,-,-
6,SQ%QLWET,6.0e-14,1,6,1.2e-09,1.0e+00,1.0e-03,1.0e+00,1.0e-03,1.2e-03,global-SQ%QLWET,CASSQTQLWETQYF,TRBV7-2*01,TRBJ2-5*01,none:none,1,0.000000,-,-,-,-,-,-,-,-,-,-,-
6,SQ%QLWET,6.0e-14,1,6,1.2e-09,1.0e+00,1.0e-03,1.0e+00,1.0e-03,1.2e-03,global-SQ%QLWET,CDSSQTQLWETQYF,TRBV7-2*01,TRBJ2-5*01,none:none,1,0.000000,-,-,-,-,-,-,-,-,-,-,-

7,SQTQLWE%,6.0e-14,1,6,1.2e-09,1.0e+00,1.0e-03,1.0e+00,1.0e-03,1.2e-03,global-SQTQLWE%,CASSQTQLWETRYF,TRBV7-2*01,TRBJ2-5*01,none:none,1,0.000000,-,-,-,-,-,-,-,-,-,-,-
7,SQTQLWE%,6.0e-14,1,6,1.2e-09,1.0e+00,1.0e-03,1.0e+00,1.0e-03,1.2e-03,global-SQTQLWE%,CASSQTQLWEIQYF,TRBV7-2*01,TRBJ2-5*01,none:none,1,0.000000,-,-,-,-,-,-,-,-,-,-,-
7,SQTQLWE%,6.0e-14,1,6,1.2e-09,1.0e+00,1.0e-03,1.0e+00,1.0e-03,1.2e-03,global-SQTQLWE%,CANSQTQLWETQYF,TRBV7-2*01,TRBJ2-5*01,none:none,1,0.000000,-,-,-,-,-,-,-,-,-,-,-
7,SQTQLWE%,6.0e-14,1,6,1.2e-09,1.0e+00,1.0e-03,1.0e+00,1.0e-03,1.2e-03,global-SQTQLWE%,CDSSQTQLWETQYF,TRBV7-2*01,TRBJ2-5*01,none:none,1,0.000000,-,-,-,-,-,-,-,-,-,-,-
7,SQTQLWE%,6.0e-14,1,6,1.2e-09,1.0e+00,1.0e-03,1.0e+00,1.0e-03,1.2e-03,global-SQTQLWE%,CAGSQTQLWETQYF,TRBV7-2*01,TRBJ2-5*01,none:none,1,0.000000,-,-,-,-,-,-,-,-,-,-,-
7,SQTQLWE%,6.0e-14,1,6,1.2e-09,1.0e+00,1.0e-03,1.0e+00,1.0e-03,1.2e-03,global-SQTQLWE%,CASSQTQLWETQYF,TRBV7-2*01,TRBJ2-5*01,none:none,1,0.000000,-,-,-,-,-,-,-,-,-,-,-

8,SLAPGATN%K,6.0e-14,1,6,1.2e-09,1.0e+00,1.0e-03,1.0e+00,1.0e-03,1.2e-03,global-SLAPGATN%K,CASSLAPGATNQKLFF,TRBV7-6*01,TRBJ1-4*01,none:none,1,0.000000,-,-,-,-,-,-,-,-,-,-,-
8,SLAPGATN%K,6.0e-14,1,6,1.2e-09,1.0e+00,1.0e-03,1.0e+00,1.0e-03,1.2e-03,global-SLAPGATN%K,CASSLAPGATNEKTVF,TRBV7-6*01,TRBJ1-4*01,none:none,1,0.000000,-,-,-,-,-,-,-,-,-,-,-
8,SLAPGATN%K,6.0e-14,1,6,1.2e-09,1.0e+00,1.0e-03,1.0e+00,1.0e-03,1.2e-03,global-SLAPGATN%K,CTSSLAPGATNEKLFF,TRBV7-2*01,TRBJ1-4*01,none:none,1,0.000000,-,-,-,-,-,-,-,-,-,-,-
8,SLAPGATN%K,6.0e-14,1,6,1.2e-09,1.0e+00,1.0e-03,1.0e+00,1.0e-03,1.2e-03,global-SLAPGATN%K,CAGSLAPGATNEKLFF,TRBV7-6*01,TRBJ1-4*01,none:none,1,0.000000,-,-,-,-,-,-,-,-,-,-,-
8,SLAPGATN%K,6.0e-14,1,6,1.2e-09,1.0e+00,1.0e-03,1.0e+00,1.0e-03,1.2e-03,global-SLAPGATN%K,CASSLAPGATNKKLFF,TRBV7-6*01,TRBJ1-4*01,none:none,1,0.000000,-,-,-,-,-,-,-,-,-,-,-
8,SLAPGATN%K,6.0e-14,1,6,1.2e-09,1.0e+00,1.0e-03,1.0e+00,1.0e-03,1.2e-03,global-SLAPGATN%K,CASSLAPGATNGKLFF,TRBV7-6*01,TRBJ1-4*01,none:none,1,0.000000,-,-,-,-,-,-,-,-,-,-,-

9,S%RSTGE,2.7e-13,1,8,8.3e-10,1.0e+00,1.0e-03,1.0e+00,1.0e-03,8.3e-04,global-S%RSTGE,CASSQRSTGELFF,TRBV19*01,TRBJ2-2*01,none:none,1,0.000000,-,-,-,-,-,-,-,-,-,-,-
9,S%RSTGE,2.7e-13,1,8,8.3e-10,1.0e+00,1.0e-03,1.0e+00,1.0e-03,8.3e-04,global-S%RSTGE,CASSMRSTGELFF,TRBV19*01,TRBJ2-2*01,none:none,1,0.000000,-,-,-,-,-,-,-,-,-,-,-
9,S%RSTGE,2.7e-13,1,8,8.3e-10,1.0e+00,1.0e-03,1.0e+00,1.0e-03,8.3e-04,global-S%RSTGE,CASSMRSTGELFF,TRBV19*01,TRBJ2-2*01,none:none,1,0.000000,-,-,-,-,-,-,-,-,-,-,-
9,S%RSTGE,2.7e-13,1,8,8.3e-10,1.0e+00,1.0e-03,1.0e+00,1.0e-03,8.3e-04,global-S%RSTGE,CASSIRSTGELFF,TRBV19*01,TRBJ2-2*01,none:none,1,0.000000,-,-,-,-,-,-,-,-,-,-,-
9,S%RSTGE,2.7e-13,1,8,8.3e-10,1.0e+00,1.0e-03,1.0e+00,1.0e-03,8.3e-04,global-S%RSTGE,CASSIRSTGELFF,TRBV19*01,TRBJ2-2*01,none:none,1,0.000000,-,-,-,-,-,-,-,-,-,-,-
9,S%RSTGE,2.7e-13,1,8,8.3e-10,1.0e+00,1.0e-03,1.0e+00,1.0e-03,8.3e-04,global-S%RSTGE,CASSIRSTGELFF,TRBV19*01,TRBJ2-2*01,none:none,1,0.000000,-,-,-,-,-,-,-,-,-,-,-
9,S%RSTGE,2.7e-13,1,8,8.3e-10,1.0e+00,1.0e-03,1.0e+00,1.0e-03,8.3e-04,global-S%RSTGE,CASSIRSTGELFF,TRBV19*01,TRBJ2-2*01,none:none,1,0.000000,-,-,-,-,-,-,-,-,-,-,-
9,S%RSTGE,2.7e-13,1,8,8.3e-10,1.0e+00,1.0e-03,1.0e+00,1.0e-03,8.3e-04,global-S%RSTGE,CASSIRSTGELFF,TRBV19*01,TRBJ2-2*01,none:none,1,0.000000,-,-,-,-,-,-,-,-,-,-,-
9,S%RSTGE,2.7e-13,1,8,8.3e-10,1.0e+00,1.0e-03,1.0e+00,1.0e-03,8.3e-04,global-S%RSTGE,CASSGRSTGELFF,TRBV19*01,TRBJ2-2*01,none:none,1,0.000000,-,-,-,-,-,-,-,-,-,-,-
9,S%RSTGE,2.7e-13,1,8,8.3e-10,1.0e+00,1.0e-03,1.0e+00,1.0e-03,8.3e-04,global-S%RSTGE,CASSGRSTGELFF,TRBV19*01,TRBJ2-2*01,none:none,1,0.000000,-,-,-,-,-,-,-,-,-,-,-
9,S%RSTGE,2.7e-13,1,8,8.3e-10,1.0e+00,1.0e-03,1.0e+00,1.0e-03,8.3e-04,global-S%RSTGE,CASSGRSTGELFF,TRBV19*01,TRBJ2-2*01,none:none,1,0.000000,-,-,-,-,-,-,-,-,-,-,-
9,S%RSTGE,2.7e-13,1,8,8.3e-10,1.0e+00,1.0e-03,1.0e+00,1.0e-03,8.3e-04,global-S%RSTGE,CASSGRSTGELFF,TRBV19*01,TRBJ2-2*01,none:none,1,0.000000,-,-,-,-,-,-,-,-,-,-,-
9,S%RSTGE,2.7e-13,1,8,8.3e-10,1.0e+00,1.0e-03,1.0e+00,1.0e-03,8.3e-04,global-S%RSTGE,CASSTRSTGELFF,TRBV19*01,TRBJ2-2*01,none:none,1,0.000000,-,-,-,-,-,-,-,-,-,-,-
9,S%RSTGE,2.7e-13,1,8,8.3e-10,1.0e+00,1.0e-03,1.0e+00,1.0e-03,8.3e-04,global-S%RSTGE,CASSTRSTGELFF,TRBV19*01,TRBJ2-2*01,none:none,1,0.000000,-,-,-,-,-,-,-,-,-,-,-
9,S%RSTGE,2.7e-13,1,8,8.3e-10,1.0e+00,1.0e-03,1.0e+00,1.0e-03,8.3e-04,global-S%RSTGE,CASSLRSTGELFF,TRBV19*01,TRBJ2-2*01,none:none,1,0.000000,-,-,-,-,-,-,-,-,-,-,-
9,S%RSTGE,2.7e-13,1,8,8.3e-10,1.0e+00,1.0e-03,1.0e+00,1.0e-03,8.3e-04,global-S%RSTGE,CASSLRSTGELFF,TRBV19*01,TRBJ2-2*01,none:none,1,0.000000,-,-,-,-,-,-,-,-,-,-,-
9,S%RSTGE,2.7e-13,1,8,8.3e-10,1.0e+00,1.0e-03,1.0e+00,1.0e-03,8.3e-04,global-S%RSTGE,CASSYRSTGELFF,TRBV19*01,TRBJ2-2*01,none:none,1,0.000000,-,-,-,-,-,-,-,-,-,-,-
9,S%RSTGE,2.7e-13,1,8,8.3e-10,1.0e+00,1.0e-03,1.0e+00,1.0e-03,8.3e-04,global-S%RSTGE,CASSHRSTGELFF,TRBV19*01,TRBJ2-2*01,none:none,1,0.000000,-,-,-,-,-,-,-,-,-,-,-

10,S%RSGTE,4.2e-13,1,6,1.2e-09,1.0e+00,1.0e-03,1.0e+00,1.0e-03,1.2e-03,global-S%RSGTE,CASSDRSGTEQYF,TRBV19*01,TRBJ2-7*01,none:none,1,0.000000,-,-,-,-,-,-,-,-,-,-,-
10,S%RSGTE,4.2e-13,1,6,1.2e-09,1.0e+00,1.0e-03,1.0e+00,1.0e-03,1.2e-03,global-S%RSGTE,CASSIRSGTEAFF,TRBV19*01,TRBJ1-1*01,none:none,1,0.000000,-,-,-,-,-,-,-,-,-,-,-
10,S%RSGTE,4.2e-13,1,6,1.2e-09,1.0e+00,1.0e-03,1.0e+00,1.0e-03,1.2e-03,global-S%RSGTE,CASSTRSGTEAFF,TRBV19*01,TRBJ1-1*01,none:none,1,0.000000,-,-,-,-,-,-,-,-,-,-,-
10,S%RSGTE,4.2e-13,1,6,1.2e-09,1.0e+00,1.0e-03,1.0e+00,1.0e-03,1.2e-03,global-S%RSGTE,CASSPRSGTEQYF,TRBV19*01,TRBJ2-7*01,none:none,1,0.000000,-,-,-,-,-,-,-,-,-,-,-
10,S%RSGTE,4.2e-13,1,6,1.2e-09,1.0e+00,1.0e-03,1.0e+00,1.0e-03,1.2e-03,global-S%RSGTE,CASSSRSGTEAFF,TRBV19*01,TRBJ1-1*01,none:none,1,0.000000,-,-,-,-,-,-,-,-,-,-,-
10,S%RSGTE,4.2e-13,1,6,1.2e-09,1.0e+00,1.0e-03,1.0e+00,1.0e-03,1.2e-03,global-S%RSGTE,CASSSRSGTEQFF,TRBV19*01,TRBJ2-1*01,none:none,1,0.000000,-,-,-,-,-,-,-,-,-,-,-

11,%TGDSNQP,4.2e-13,1,6,2.4e-09,1.0e+00,2.0e-03,1.0e+00,1.0e-03,1.2e-03,global-%TGDSNQP,CASSTGDSNQPQHF,TRBV3-1*01,TRBJ1-5*01,none:none,1,0.000000,-,-,-,-,-,-,-,-,-,-,-
11,%TGDSNQP,4.2e-13,1,6,2.4e-09,1.0e+00,2.0e-03,1.0e+00,1.0e-03,1.2e-03,global-%TGDSNQP,CATGTGDSNQPQHF,TRBV19*01,TRBJ1-5*01,none:none,1,0.000000,-,-,-,-,-,-,-,-,-,-,-
11,%TGDSNQP,4.2e-13,1,6,2.4e-09,1.0e+00,2.0e-03,1.0e+00,1.0e-03,1.2e-03,global-%TGDSNQP,CASWTGDSNQPQHF,TRBV19*01,TRBJ1-5*01,none:none,1,0.000000,-,-,-,-,-,-,-,-,-,-,-
11,%TGDSNQP,4.2e-13,1,6,2.4e-09,1.0e+00,2.0e-03,1.0e+00,1.0e-03,1.2e-03,global-%TGDSNQP,CAINTGDSNQPQHF,TRBV10-3*01,TRBJ1-5*01,none:none,1,0.000000,-,-,-,-,-,-,-,-,-,-,-
11,%TGDSNQP,4.2e-13,1,6,2.4e-09,1.0e+00,2.0e-03,1.0e+00,1.0e-03,1.2e-03,global-%TGDSNQP,CATSTGDSNQPQHF,TRBV15*01,TRBJ1-5*01,none:none,1,0.000000,-,-,-,-,-,-,-,-,-,-,-
11,%TGDSNQP,4.2e-13,1,6,2.4e-09,1.0e+00,2.0e-03,1.0e+00,1.0e-03,1.2e-03,global-%TGDSNQP,CATSTGDSNQPQHF,TRBV15*01,TRBJ1-5*01,none:none,1,0.000000,-,-,-,-,-,-,-,-,-,-,-
11,%TGDSNQP,4.2e-13,1,6,2.4e-09,1.0e+00,2.0e-03,1.0e+00,1.0e-03,1.2e-03,global-%TGDSNQP,CATSTGDSNQPQHF,TRBV15*01,TRBJ1-5*01,none:none,1,0.000000,-,-,-,-,-,-,-,-,-,-,-
11,%TGDSNQP,4.2e-13,1,6,2.4e-09,1.0e+00,2.0e-03,1.0e+00,1.0e-03,1.2e-03,global-%TGDSNQP,CAISTGDSNQPQHF,TRBV10-3*01,TRBJ1-5*01,none:none,1,0.000000,-,-,-,-,-,-,-,-,-,-,-

12,SIRSS%E,1.7e-12,1,6,1.2e-09,1.0e+00,1.0e-03,1.0e+00,1.0e-03,1.2e-03,global-SIRSS%E,CASSIRSSHEQYF,TRBV19*01,TRBJ2-7*01,none:none,1,0.000000,-,-,-,-,-,-,-,-,-,-,-
12,SIRSS%E,1.7e-12,1,6,1.2e-09,1.0e+00,1.0e-03,1.0e+00,1.0e-03,1.2e-03,global-SIRSS%E,CASSIRSSNEQFF,TRBV19*01,TRBJ2-1*01,none:none,1,0.000000,-,-,-,-,-,-,-,-,-,-,-
12,SIRSS%E,1.7e-12,1,6,1.2e-09,1.0e+00,1.0e-03,1.0e+00,1.0e-03,1.2e-03,global-SIRSS%E,CASSIRSSYEQFF,TRBV19*01,TRBJ2-1*01,none:none,1,0.000000,-,-,-,-,-,-,-,-,-,-,-
12,SIRSS%E,1.7e-12,1,6,1.2e-09,1.0e+00,1.0e-03,1.0e+00,1.0e-03,1.2e-03,global-SIRSS%E,CASSIRSSYEQYF,TRBV19*01,TRBJ2-7*01,none:none,1,0.000000,-,-,-,-,-,-,-,-,-,-,-
12,SIRSS%E,1.7e-12,1,6,1.2e-09,1.0e+00,1.0e-03,1.0e+00,1.0e-03,1.2e-03,global-SIRSS%E,CASSIRSSYEQYF,TRBV19*01,TRBJ2-7*01,none:none,1,0.000000,-,-,-,-,-,-,-,-,-,-,-
12,SIRSS%E,1.7e-12,1,6,1.2e-09,1.0e+00,1.0e-03,1.0e+00,1.0e-03,1.2e-03,global-SIRSS%E,CASSIRSSYEQYF,TRBV19*01,TRBJ2-7*01,none:none,1,0.000000,-,-,-,-,-,-,-,-,-,-,-
12,SIRSS%E,1.7e-12,1,6,1.2e-09,1.0e+00,1.0e-03,1.0e+00,1.0e-03,1.2e-03,global-SIRSS%E,CASSIRSSYEQYF,TRBV19*01,TRBJ2-7*01,none:none,1,0.000000,-,-,-,-,-,-,-,-,-,-,-
12,SIRSS%E,1.7e-12,1,6,1.2e-09,1.0e+00,1.0e-03,1.0e+00,1.0e-03,1.2e-03,global-SIRSS%E,CASSIRSSYEQYF,TRBV19*01,TRBJ2-7*01,none:none,1,0.000000,-,-,-,-,-,-,-,-,-,-,-
12,SIRSS%E,1.7e-12,1,6,1.2e-09,1.0e+00,1.0e-03,1.0e+00,1.0e-03,1.2e-03,global-SIRSS%E,CASSIRSSYEQYF,TRBV19*01,TRBJ2-7*01,none:none,1,0.000000,-,-,-,-,-,-,-,-,-,-,-
12,SIRSS%E,1.7e-12,1,6,1.2e-09,1.0e+00,1.0e-03,1.0e+00,1.0e-03,1.2e-03,global-SIRSS%E,CASSIRSSYEQYF,TRBV19*01,TRBJ2-7*01,none:none,1,0.000000,-,-,-,-,-,-,-,-,-,-,-
12,SIRSS%E,1.7e-12,1,6,1.2e-09,1.0e+00,1.0e-03,1.0e+00,1.0e-03,1.2e-03,global-SIRSS%E,CASSIRSSYEQYF,TRBV19*01,TRBJ2-7*01,none:none,1,0.000000,-,-,-,-,-,-,-,-,-,-,-
12,SIRSS%E,1.7e-12,1,6,1.2e-09,1.0e+00,1.0e-03,1.0e+00,1.0e-03,1.2e-03,global-SIRSS%E,CASSIRSSYEQYF,TRBV19*01,TRBJ2-7*01,none:none,1,0.000000,-,-,-,-,-,-,-,-,-,-,-
12,SIRSS%E,1.7e-12,1,6,1.2e-09,1.0e+00,1.0e-03,1.0e+00,1.0e-03,1.2e-03,global-SIRSS%E,CASSIRSSYEQYF,TRBV19*01,TRBJ2-7*01,none:none,1,0.000000,-,-,-,-,-,-,-,-,-,-,-
12,SIRSS%E,1.7e-12,1,6,1.2e-09,1.0e+00,1.0e-03,1.0e+00,1.0e-03,1.2e-03,global-SIRSS%E,CASSIRSSYEQYF,TRBV19*01,TRBJ2-7*01,none:none,1,0.000000,-,-,-,-,-,-,-,-,-,-,-
12,SIRSS%E,1.7e-12,1,6,1.2e-09,1.0e+00,1.0e-03,1.0e+00,1.0e-03,1.2e-03,global-SIRSS%E,CASSIRSSYEQYF,TRBV19*01,TRBJ2-7*01,none:none,1,0.000000,-,-,-,-,-,-,-,-,-,-,-
12,SIRSS%E,1.7e-12,1,6,1.2e-09,1.0e+00,1.0e-03,1.0e+00,1.0e-03,1.2e-03,global-SIRSS%E,CASSIRSSYEQYF,TRBV19*01,TRBJ2-7*01,none:none,1,0.000000,-,-,-,-,-,-,-,-,-,-,-
12,SIRSS%E,1.7e-12,1,6,1.2e-09,1.0e+00,1.0e-03,1.0e+00,1.0e-03,1.2e-03,global-SIRSS%E,CASSIRSSYEQYF,TRBV19*01,TRBJ2-7*01,none:none,1,0.000000,-,-,-,-,-,-,-,-,-,-,-
12,SIRSS%E,1.7e-12,1,6,1.2e-09,1.0e+00,1.0e-03,1.0e+00,1.0e-03,1.2e-03,global-SIRSS%E,CASSIRSSYEQYF,TRBV19*01,TRBJ2-7*01,none:none,1,0.000000,-,-,-,-,-,-,-,-,-,-,-
12,SIRSS%E,1.7e-12,1,6,1.2e-09,1.0e+00,1.0e-03,1.0e+00,1.0e-03,1.2e-03,global-SIRSS%E,CASSIRSSYEQYF,TRBV19*01,TRBJ2-7*01,none:none,1,0.000000,-,-,-,-,-,-,-,-,-,-,-
12,SIRSS%E,1.7e-12,1,6,1.2e-09,1.0e+00,1.0e-03,1.0e+00,1.0e-03,1.2e-03,global-SIRSS%E,CASSIRSSYEQYF,TRBV19*01,TRBJ2-7*01,none:none,1,0.000000,-,-,-,-,-,-,-,-,-,-,-
12,SIRSS%E,1.7e-12,1,6,1.2e-09,1.0e+00,1.0e-03,1.0e+00,1.0e-03,1.2e-03,global-SIRSS%E,CASSIRSSYEQYF,TRBV19*01,TRBJ2-7*01,none:none,1,0.000000,-,-,-,-,-,-,-,-,-,-,-
12,SIRSS%E,1.7e-12,1,6,1.2e-09,1.0e+00,1.0e-03,1.0e+00,1.0e-03,1.2e-03,global-SIRSS%E,CASSIRSSYEQYF,TRBV19*01,TRBJ2-7*01,none:none,1,0.000000,-,-,-,-,-,-,-,-,-,-,-
12,SIRSS%E,1.7e-12,1,6,1.2e-09,1.0e+00,1.0e-03,1.0e+00,1.0e-03,1.2e-03,global-SIRSS%E,CASSIRSSYEQYF,TRBV19*01,TRBJ2-7*01,none:none,1,0.000000,-,-,-,-,-,-,-,-,-,-,-
12,SIRSS%E,1.7e-12,1,6,1.2e-09,1.0e+00,1.0e-03,1.0e+00,1.0e-03,1.2e-03,global-SIRSS%E,CASSIRSSYEQYF,TRBV19*01,TRBJ2-7*01,none:none,1,0.000000,-,-,-,-,-,-,-,-,-,-,-
12,SIRSS%E,1.7e-12,1,6,1.2e-09,1.0e+00,1.0e-03,1.0e+00,1.0e-03,1.2e-03,global-SIRSS%E,CASSIRSSYEQYF,TRBV19*01,TRBJ2-7*01,none:none,1,0.000000,-,-,-,-,-,-,-,-,-,-,-
12,SIRSS%E,1.7e-12,1,6,1.2e-09,1.0e+00,1.0e-03,1.0e+00,1.0e-03,1.2e-03,global-SIRSS%E,CASSIRSSYEQYF,TRBV19*01,TRBJ2-7*01,none:none,1,0.000000,-,-,-,-,-,-,-,-,-,-,-
12,SIRSS%E,1.7e-12,1,6,1.2e-09,1.0e+00,1.0e-03,1.0e+00,1.0e-03,1.2e-03,global-SIRSS%E,CASSIRSSYEQYF,TRBV19*01,TRBJ2-7*01,none:none,1,0.000000,-,-,-,-,-,-,-,-,-,-,-
12,SIRSS%E,1.7e-12,1,6,1.2e-09,1.0e+00,1.0e-03,1.0e+00,1.0e-03,1.2e-03,global-SIRSS%E,CASSIRSSYEQYF,TRBV19*01,TRBJ2-7*01,none:none,1,0.000000,-,-,-,-,-,-,-,-,-,-,-
12,SIRSS%E,1.7e-12,1,6,1.2e-09,1.0e+00,1.0e-03,1.0e+00,1.0e-03,1.2e-03,global-SIRSS%E,CASSIRSSYEQYF,TRBV19*01,TRBJ2-7*01,none:none,1,0.000000,-,-,-,-,-,-,-,-,-,-,-
12,SIRSS%E,1.7e-12,1,6,1.2e-09,1.0e+00,1.0e-03,1.0e+00,1.0e-03,1.2e-03,global-SIRSS%E,CASSIRSSYEQYF,TRBV19*01,TRBJ2-7*01,none:none,1,0.000000,-,-,-,-,-,-,-,-,-,-,-
12,SIRSS%E,1.7e-12,1,6,1.2e-09,1.0e+00,1.0e-03,1.0e+00,1.0e-03,1.2e-03,global-SIRSS%E,CASSIRSSYEQYF,TRBV19*01,TRBJ2-7*01,none:none,1,0.000000,-,-,-,-,-,-,-,-,-,-,-
12,SIRSS%E,1.7e-12,1,6,1.2e-09,1.0e+00,1.0e-03,1.0e+00,1.0e-03,1.2e-03,global-SIRSS%E,CASSIRSSYEQYF,TRBV19*01,TRBJ2-7*01,none:none,1,0.000000,-,-,-,-,-,-,-,-,-,-,-
12,SIRSS%E,1.7e-12,1,6,1.2e-09,1.0e+00,1.0e-03,1.0e+00,1.0e-03,1.2e-03,global-SIRSS%E,CASSIRSSYEQYF,TRBV19*01,TRBJ2-7*01,none:none,1,0.000000,-,-,-,-,-,-,-,-,-,-,-
12,SIRSS%E,1.7e-12,1,6,1.2e-09,1.0e+00,1.0e-03,1.0e+00,1.0e-03,1.2e-03,global-SIRSS%E,CASSIRSSYEQYF,TRBV19*01,TRBJ2-7*01,none:none,1,0.000000,-,-,-,-,-,-,-,-,-,-,-
12,SIRSS%E,1.7e-12,1,6,1.2e-09,1.0e+00,1.0e-03,1.0e+00,1.0e-03,1.2e-03,global-SIRSS%E,CASSIRSSYEQYF,TRBV19*01,TRBJ2-7*01,none:none,1,0.000000,-,-,-,-,-,-,-,-,-,-,-
12,SIRSS%E,1.7e-12,1,6,1.2e-09,1.0e+00,1.0e-03,1.0e+00,1.0e-03,1.2e-03,global-SIRSS%E,CASSIRSSYEQYF,TRBV19*01,TRBJ2-7*01,none:none,1,0.000000,-,-,-,-,-,-,-,-,-,-,-
12,SIRSS%E,1.7e-12,1,6,1.2e-09,1.0e+00,1.0e-03,1.0e+00,1.0e-03,1.2e-03,global-SIRSS%E,CASSIRSSYEQYF,TRBV19*01,TRBJ2-7*01,none:none,1,0.000000,-,-,-,-,-,-,-,-,-,-,-
12,SIRSS%E,1.7e-12,1,6,1.2e-09,1.0e+00,1.0e-03,1.0e+00,1.0e-03,1.2e-03,global-SIRSS%E,CASSIRSSYEQYF,TRBV19*01,TRBJ2-7*01,none:none,1,0.000000,-,-,-,-,-,-,-,-,-,-,-
12,SIRSS%E,1.7e-12,1,6,1.2e-09,1.0e+00,1.0e-03,1.0e+00,1.0e-03,1.2e-03,global-SIRSS%E,CASSIRSSYEQYF,TRBV19*01,TRBJ2-7*01,none:none,1,0.000000,-,-,-,-,-,-,-,-,-,-,-
12,SIRSS%E,1.7e-12,1,6,1.2e-09,1.0e+00,1.0e-03,1.0e+00,1.0e-03,1.2e-03,global-SIRSS%E,CASSIRSSYEQYF,TRBV19*01,TRBJ2-7*01,none:none,1,0.000000,-,-,-,-,-,-,-,-,-,-,-
12,SIRSS%E,1.7e-12,1,6,1.2e-09,1.0e+00,1.0e-03,1.0e+00,1.0e-03,1.2e-03,global-SIRSS%E,CASSIRSSYEQYF,TRBV19*01,TRBJ2-7*01,none:none,1,0.000000,-,-,-,-,-,-,-,-,-,-,-
12,SIRSS%E,1.7e-12,1,6,1.2e-09,1.0e+00,1.0e-03,1.0e+00,1.0e-03,1.2e-03,global-SIRSS%E,CASSIRSSYEQYF,TRBV19*01,TRBJ2-7*01,none:none,1,0.000000,-,-,-,-,-,-,-,-,-,-,-
12,SIRSS%E,1.7e-12,1,6,1.2e-09,1.0e+00,1.0e-03,1.0e+00,1.0e-03,1.2e-03,global-SIRSS%E,CASSIRSSYEQYF,TRBV19*01,TRBJ2-7*01,none:none,1,0.000000,-,-,-,-,-,-,-,-,-,-,-
12,SIRSS%E,1.7e-12,1,6,1.2e-09,1.0e+00,1.0e-03,1.0e+00,1.0e-03,1.2e-03,global-SIRSS%E,CASSIRSSYEQYF,TRBV19*01,TRBJ2-7*01,none:none,1,0.000000,-,-,-,-,-,-,-,-,-,-,-
12,SIRSS%E,1.7e-12,1,6,1.2e-09,1.0e+00,1.0e-03,1.0e+00,1.0e-03,1.2e-03,global-SIRSS%E,CASSIRSSYEQYF,TRBV19*01,TRBJ2-7*01,none:none,1,0.000000,-,-,-,-,-,-,-,-,-,-,-
12,SIRSS%E,1.7e-12,1,6,1.2e-09,1.0e+00,1.0e-03,1.0e+00,1.0e-03,1.2e-03,global-SIRSS%E,CASSIRSSYEQYF,TRBV19*01,TRBJ2-7*01,none:none,1,0.000000,-,-,-,-,-,-,-,-,-,-,-
12,SIRSS%E,1.7e-12,1,6,1.2e-09,1.0e+00,1.0e-03,1.0e+00,1.0e-03,1.2e-03,global-SIRSS%E,CASSIRSSYEQYF,TRBV19*01,TRBJ2-7*01,none:none,1,0.000000,-,-,-,-,-,-,-,-,-,-,-
12,SIRSS%E,1.7e-12,1,6,1.2e-09,1.0e+00,1.0e-03,1.0e+00,1.0e-03,1.2e-03,global-SIRSS%E,CASSIRSSYEQYF,TRBV19*01,TRBJ2-7*01,none:none,1,0.000000,-,-,-,-,-,-,-,-,-,-,-
12,SIRSS%E,1.7e-12,1,6,1.2e-09,1.0e+00,1.0e-03,1.0e+00,1.0e-03,1.2e-03,global-SIRSS%E,CASSIRSSYEQYF,TRBV19*01,TRBJ2-7*01,none:none,1,0.000000,-,-,-,-,-,-,-,-,-,-,-
12,SIRSS%E,1.7e-12,1,6,1.2e-09,1.0e+00,1.0e-03,1.0e+00,1.0e-03,1.2e-03,global-SIRSS%E,CASSIRSSYEQYF,TRBV19*01,TRBJ2-7*01,none:none,1,0.000000,-,-,-,-,-,-,-,-,-,-,-
12,SIRSS%E,1.7e-12,1,6,1.2e-09,1.0e+00,1.0e-03,1.0e+00,1.0e-03,1.2e-03,global-SIRSS%E,CASSIRSSYEQYF,TRBV19*01,TRBJ2-7*01,none:none,1,0.000000,-,-,-,-,-,-,-,-,-,-,-
12,SIRSS%E,1.7e-12,1,6,1.2e-09,1.0e+00,1.0e-03,1.0e+00,1.0e-03,1.2e-03,global-SIRSS%E,CASSIRSSLEQYF,TRBV19*01,TRBJ2-7*01,none:none,1,0.000000,-,-,-,-,-,-,-,-,-,-,-
12,SIRSS%E,1.7e-12,1,6,1.2e-09,1.0e+00,1.0e-03,1.0e+00,1.0e-03,1.2e-03,global-SIRSS%E,CASSIRSSDEQFF,TRBV19*01,TRBJ2-1*01,none:none,1,0.000000,-,-,-,-,-,-,-,-,-,-,-

13,S%RSAYE,4.9e-12,1,6,1.2e-09,1.0e+00,1.0e-03,1.0e+00,1.0e-03,1.2e-03,global-S%RSAYE,CASSMRSAYEQYF,TRBV19*01,TRBJ2-7*01,none:none,1,0.000000,-,-,-,-,-,-,-,-,-,-,-
13,S%RSAYE,4.9e-12,1,6,1.2e-09,1.0e+00,1.0e-03,1.0e+00,1.0e-03,1.2e-03,global-S%RSAYE,CASSIRSAYEQFF,TRBV19*01,TRBJ2-1*01,none:none,1,0.000000,-,-,-,-,-,-,-,-,-,-,-
13,S%RSAYE,4.9e-12,1,6,1.2e-09,1.0e+00,1.0e-03,1.0e+00,1.0e-03,1.2e-03,global-S%RSAYE,CASSIRSAYEQFF,TRBV19*01,TRBJ2-1*01,none:none,1,0.000000,-,-,-,-,-,-,-,-,-,-,-
13,S%RSAYE,4.9e-12,1,6,1.2e-09,1.0e+00,1.0e-03,1.0e+00,1.0e-03,1.2e-03,global-S%RSAYE,CASSIRSAYEQYF,TRBV19*01,TRBJ2-7*01,none:none,1,0.000000,-,-,-,-,-,-,-,-,-,-,-
13,S%RSAYE,4.9e-12,1,6,1.2e-09,1.0e+00,1.0e-03,1.0e+00,1.0e-03,1.2e-03,global-S%RSAYE,CASSIRSAYEQYF,TRBV19*01,TRBJ2-7*01,none:none,1,0.000000,-,-,-,-,-,-,-,-,-,-,-
13,S%RSAYE,4.9e-12,1,6,1.2e-09,1.0e+00,1.0e-03,1.0e+00,1.0e-03,1.2e-03,global-S%RSAYE,CASSIRSAYEQYF,TRBV19*01,TRBJ2-7*01,none:none,1,0.000000,-,-,-,-,-,-,-,-,-,-,-
13,S%RSAYE,4.9e-12,1,6,1.2e-09,1.0e+00,1.0e-03,1.0e+00,1.0e-03,1.2e-03,global-S%RSAYE,CASSIRSAYEQYF,TRBV19*01,TRBJ2-7*01,none:none,1,0.000000,-,-,-,-,-,-,-,-,-,-,-
13,S%RSAYE,4.9e-12,1,6,1.2e-09,1.0e+00,1.0e-03,1.0e+00,1.0e-03,1.2e-03,global-S%RSAYE,CASSIRSAYEQYF,TRBV19*01,TRBJ2-7*01,none:none,1,0.000000,-,-,-,-,-,-,-,-,-,-,-
13,S%RSAYE,4.9e-12,1,6,1.2e-09,1.0e+00,1.0e-03,1.0e+00,1.0e-03,1.2e-03,global-S%RSAYE,CASSIRSAYEQYF,TRBV19*01,TRBJ2-7*01,none:none,1,0.000000,-,-,-,-,-,-,-,-,-,-,-
13,S%RSAYE,4.9e-12,1,6,1.2e-09,1.0e+00,1.0e-03,1.0e+00,1.0e-03,1.2e-03,global-S%RSAYE,CASSIRSAYEQYF,TRBV19*01,TRBJ2-7*01,none:none,1,0.000000,-,-,-,-,-,-,-,-,-,-,-
13,S%RSAYE,4.9e-12,1,6,1.2e-09,1.0e+00,1.0e-03,1.0e+00,1.0e-03,1.2e-03,global-S%RSAYE,CASSIRSAYEQYF,TRBV19*01,TRBJ2-7*01,none:none,1,0.000000,-,-,-,-,-,-,-,-,-,-,-
13,S%RSAYE,4.9e-12,1,6,1.2e-09,1.0e+00,1.0e-03,1.0e+00,1.0e-03,1.2e-03,global-S%RSAYE,CASSIRSAYEQYF,TRBV19*01,TRBJ2-7*01,none:none,1,0.000000,-,-,-,-,-,-,-,-,-,-,-
13,S%RSAYE,4.9e-12,1,6,1.2e-09,1.0e+00,1.0e-03,1.0e+00,1.0e-03,1.2e-03,global-S%RSAYE,CASSIRSAYEQYF,TRBV19*01,TRBJ2-7*01,none:none,1,0.000000,-,-,-,-,-,-,-,-,-,-,-
13,S%RSAYE,4.9e-12,1,6,1.2e-09,1.0e+00,1.0e-03,1.0e+00,1.0e-03,1.2e-03,global-S%RSAYE,CASSIRSAYEQYF,TRBV19*01,TRBJ2-7*01,none:none,1,0.000000,-,-,-,-,-,-,-,-,-,-,-
13,S%RSAYE,4.9e-12,1,6,1.2e-09,1.0e+00,1.0e-03,1.0e+00,1.0e-03,1.2e-03,global-S%RSAYE,CASSIRSAYEQYF,TRBV19*01,TRBJ2-7*01,none:none,1,0.000000,-,-,-,-,-,-,-,-,-,-,-
13,S%RSAYE,4.9e-12,1,6,1.2e-09,1.0e+00,1.0e-03,1.0e+00,1.0e-03,1.2e-03,global-S%RSAYE,CASSIRSAYEQYF,TRBV19*01,TRBJ2-7*01,none:none,1,0.000000,-,-,-,-,-,-,-,-,-,-,-
13,S%RSAYE,4.9e-12,1,6,1.2e-09,1.0e+00,1.0e-03,1.0e+00,1.0e-03,1.2e-03,global-S%RSAYE,CASSIRSAYEQYF,TRBV19*01,TRBJ2-7*01,none:none,1,0.000000,-,-,-,-,-,-,-,-,-,-,-
13,S%RSAYE,4.9e-12,1,6,1.2e-09,1.0e+00,1.0e-03,1.0e+00,1.0e-03,1.2e-03,global-S%RSAYE,CASSIRSAYEQYF,TRBV19*01,TRBJ2-7*01,none:none,1,0.000000,-,-,-,-,-,-,-,-,-,-,-
13,S%RSAYE,4.9e-12,1,6,1.2e-09,1.0e+00,1.0e-03,1.0e+00,1.0e-03,1.2e-03,global-S%RSAYE,CASSVRSAYEQYF,TRBV19*01,TRBJ1-2*01,none:none,1,0.000000,-,-,-,-,-,-,-,-,-,-,-
13,S%RSAYE,4.9e-12,1,6,1.2e-09,1.0e+00,1.0e-03,1.0e+00,1.0e-03,1.2e-03,global-S%RSAYE,CASSTRSAYEQYF,TRBV19*01,TRBJ2-7*01,none:none,1,0.000000,-,-,-,-,-,-,-,-,-,-,-
13,S%RSAYE,4.9e-12,1,6,1.2e-09,1.0e+00,1.0e-03,1.0e+00,1.0e-03,1.2e-03,global-S%RSAYE,CASSTRSAYEQYF,TRBV19*01,TRBJ2-7*01,none:none,1,0.000000,-,-,-,-,-,-,-,-,-,-,-
13,S%RSAYE,4.9e-12,1,6,1.2e-09,1.0e+00,1.0e-03,1.0e+00,1.0e-03,1.2e-03,global-S%RSAYE,CASSTRSAYEQYF,TRBV19*01,TRBJ2-7*01,none:none,1,0.000000,-,-,-,-,-,-,-,-,-,-,-
13,S%RSAYE,4.9e-12,1,6,1.2e-09,1.0e+00,1.0e-03,1.0e+00,1.0e-03,1.2e-03,global-S%RSAYE,CASSTRSAYEQYF,TRBV19*01,TRBJ2-7*01,none:none,1,0.000000,-,-,-,-,-,-,-,-,-,-,-
13,S%RSAYE,4.9e-12,1,6,1.2e-09,1.0e+00,1.0e-03,1.0e+00,1.0e-03,1.2e-03,global-S%RSAYE,CASSTRSAYEQYF,TRBV19*01,TRBJ2-7*01,none:none,1,0.000000,-,-,-,-,-,-,-,-,-,-,-
13,S%RSAYE,4.9e-12,1,6,1.2e-09,1.0e+00,1.0e-03,1.0e+00,1.0e-03,1.2e-03,global-S%RSAYE,CASSSRSAYEQYF,TRBV19*01,TRBJ2-7*01,none:none,1,0.000000,-,-,-,-,-,-,-,-,-,-,-

14,SSRSG%E,4.9e-12,1,6,1.2e-09,1.0e+00,1.0e-03,1.0e+00,1.0e-03,1.2e-03,global-SSRSG%E,CASSSRSGVEQFF,TRBV19*01,TRBJ2-1*01,none:none,1,0.000000,-,-,-,-,-,-,-,-,-,-,-
14,SSRSG%E,4.9e-12,1,6,1.2e-09,1.0e+00,1.0e-03,1.0e+00,1.0e-03,1.2e-03,global-SSRSG%E,CASSSRSGVEQYF,TRBV19*01,TRBJ2-7*01,none:none,1,0.000000,-,-,-,-,-,-,-,-,-,-,-
14,SSRSG%E,4.9e-12,1,6,1.2e-09,1.0e+00,1.0e-03,1.0e+00,1.0e-03,1.2e-03,global-SSRSG%E,CASSSRSGNEQFF,TRBV19*01,TRBJ2-1*01,none:none,1,0.000000,-,-,-,-,-,-,-,-,-,-,-
14,SSRSG%E,4.9e-12,1,6,1.2e-09,1.0e+00,1.0e-03,1.0e+00,1.0e-03,1.2e-03,global-SSRSG%E,CASSSRSGIEQYF,TRBV19*01,TRBJ2-7*01,none:none,1,0.000000,-,-,-,-,-,-,-,-,-,-,-
14,SSRSG%E,4.9e-12,1,6,1.2e-09,1.0e+00,1.0e-03,1.0e+00,1.0e-03,1.2e-03,global-SSRSG%E,CASSSRSGTEQFF,TRBV19*01,TRBJ2-1*01,none:none,1,0.000000,-,-,-,-,-,-,-,-,-,-,-
14,SSRSG%E,4.9e-12,1,6,1.2e-09,1.0e+00,1.0e-03,1.0e+00,1.0e-03,1.2e-03,global-SSRSG%E,CASSSRSGTEAFF,TRBV19*01,TRBJ1-1*01,none:none,1,0.000000,-,-,-,-,-,-,-,-,-,-,-

15,S%RSGVE,9.5e-12,1,5,1.5e-09,1.0e+00,1.0e-03,1.0e+00,1.0e-03,1.5e-03,global-S%RSGVE,CASSIRSGVEQYF,TRBV19*01,TRBJ2-7*01,none:none,1,0.000000,-,-,-,-,-,-,-,-,-,-,-
15,S%RSGVE,9.5e-12,1,5,1.5e-09,1.0e+00,1.0e-03,1.0e+00,1.0e-03,1.5e-03,global-S%RSGVE,CASSIRSGVEQYF,TRBV19*01,TRBJ2-7*01,none:none,1,0.000000,-,-,-,-,-,-,-,-,-,-,-
15,S%RSGVE,9.5e-12,1,5,1.5e-09,1.0e+00,1.0e-03,1.0e+00,1.0e-03,1.5e-03,global-S%RSGVE,CASSGRSGVEQYF,TRBV19*01,TRBJ2-7*01,none:none,1,0.000000,-,-,-,-,-,-,-,-,-,-,-
15,S%RSGVE,9.5e-12,1,5,1.5e-09,1.0e+00,1.0e-03,1.0e+00,1.0e-03,1.5e-03,global-S%RSGVE,CASSPRSGVEQFF,TRBV19*01,TRBJ2-1*01,none:none,1,0.000000,-,-,-,-,-,-,-,-,-,-,-
15,S%RSGVE,9.5e-12,1,5,1.5e-09,1.0e+00,1.0e-03,1.0e+00,1.0e-03,1.5e-03,global-S%RSGVE,CASSSRSGVEQFF,TRBV19*01,TRBJ2-1*01,none:none,1,0.000000,-,-,-,-,-,-,-,-,-,-,-
15,S%RSGVE,9.5e-12,1,5,1.5e-09,1.0e+00,1.0e-03,1.0e+00,1.0e-03,1.5e-03,global-S%RSGVE,CASSSRSGVEQYF,TRBV19*01,TRBJ2-7*01,none:none,1,0.000000,-,-,-,-,-,-,-,-,-,-,-

16,SVRS%YE,9.5e-12,1,5,1.5e-09,1.0e+00,1.0e-03,1.0e+00,1.0e-03,1.5e-03,global-SVRS%YE,CATSVRSSYEQYF,TRBV24-1*01,TRBJ2-7*01,none:none,1,0.000000,-,-,-,-,-,-,-,-,-,-,-
16,SVRS%YE,9.5e-12,1,5,1.5e-09,1.0e+00,1.0e-03,1.0e+00,1.0e-03,1.5e-03,global-SVRS%YE,CVSSVRSSYEQYF,TRBV19*01,TRBJ2-7*01,none:none,1,0.000000,-,-,-,-,-,-,-,-,-,-,-
16,SVRS%YE,9.5e-12,1,5,1.5e-09,1.0e+00,1.0e-03,1.0e+00,1.0e-03,1.5e-03,global-SVRS%YE,CASSVRSTYEQYF,TRBV19*01,TRBJ2-7*01,none:none,1,0.000000,-,-,-,-,-,-,-,-,-,-,-
16,SVRS%YE,9.5e-12,1,5,1.5e-09,1.0e+00,1.0e-03,1.0e+00,1.0e-03,1.5e-03,global-SVRS%YE,CASSVRSAYEQYF,TRBV19*01,TRBJ1-2*01,none:none,1,0.000000,-,-,-,-,-,-,-,-,-,-,-
16,SVRS%YE,9.5e-12,1,5,1.5e-09,1.0e+00,1.0e-03,1.0e+00,1.0e-03,1.5e-03,global-SVRS%YE,CASSVRSSYEQYF,TRBV19*01,TRBJ2-7*01,none:none,1,0.000000,-,-,-,-,-,-,-,-,-,-,-
16,SVRS%YE,9.5e-12,1,5,1.5e-09,1.0e+00,1.0e-03,1.0e+00,1.0e-03,1.5e-03,global-SVRS%YE,CASSVRSSYEQYF,TRBV19*01,TRBJ2-7*01,none:none,1,0.000000,-,-,-,-,-,-,-,-,-,-,-
16,SVRS%YE,9.5e-12,1,5,1.5e-09,1.0e+00,1.0e-03,1.0e+00,1.0e-03,1.5e-03,global-SVRS%YE,CASSVRSSYEQYF,TRBV19*01,TRBJ2-7*01,none:none,1,0.000000,-,-,-,-,-,-,-,-,-,-,-
16,SVRS%YE,9.5e-12,1,5,1.5e-09,1.0e+00,1.0e-03,1.0e+00,1.0e-03,1.5e-03,global-SVRS%YE,CASSVRSSYEQYF,TRBV19*01,TRBJ2-7*01,none:none,1,0.000000,-,-,-,-,-,-,-,-,-,-,-
16,SVRS%YE,9.5e-12,1,5,1.5e-09,1.0e+00,1.0e-03,1.0e+00,1.0e-03,1.5e-03,global-SVRS%YE,CASSVRSSYEQYF,TRBV19*01,TRBJ2-7*01,none:none,1,0.000000,-,-,-,-,-,-,-,-,-,-,-
16,SVRS%YE,9.5e-12,1,5,1.5e-09,1.0e+00,1.0e-03,1.0e+00,1.0e-03,1.5e-03,global-SVRS%YE,CASSVRSSYEQYF,TRBV19*01,TRBJ2-7*01,none:none,1,0.000000,-,-,-,-,-,-,-,-,-,-,-

17,SIRSA%E,9.5e-12,1,5,1.5e-09,1.0e+00,1.0e-03,1.0e+00,1.0e-03,1.5e-03,global-SIRSA%E,CASSIRSAHEQFF,TRBV19*01,TRBJ2-1*01,none:none,1,0.000000,-,-,-,-,-,-,-,-,-,-,-
17,SIRSA%E,9.5e-12,1,5,1.5e-09,1.0e+00,1.0e-03,1.0e+00,1.0e-03,1.5e-03,global-SIRSA%E,CASSIRSAWEQFF,TRBV19*01,TRBJ2-1*01,none:none,1,0.000000,-,-,-,-,-,-,-,-,-,-,-
17,SIRSA%E,9.5e-12,1,5,1.5e-09,1.0e+00,1.0e-03,1.0e+00,1.0e-03,1.5e-03,global-SIRSA%E,CASSIRSAYEQFF,TRBV19*01,TRBJ2-1*01,none:none,1,0.000000,-,-,-,-,-,-,-,-,-,-,-
17,SIRSA%E,9.5e-12,1,5,1.5e-09,1.0e+00,1.0e-03,1.0e+00,1.0e-03,1.5e-03,global-SIRSA%E,CASSIRSAYEQFF,TRBV19*01,TRBJ2-1*01,none:none,1,0.000000,-,-,-,-,-,-,-,-,-,-,-
17,SIRSA%E,9.5e-12,1,5,1.5e-09,1.0e+00,1.0e-03,1.0e+00,1.0e-03,1.5e-03,global-SIRSA%E,CASSIRSAYEQYF,TRBV19*01,TRBJ2-7*01,none:none,1,0.000000,-,-,-,-,-,-,-,-,-,-,-
17,SIRSA%E,9.5e-12,1,5,1.5e-09,1.0e+00,1.0e-03,1.0e+00,1.0e-03,1.5e-03,global-SIRSA%E,CASSIRSAYEQYF,TRBV19*01,TRBJ2-7*01,none:none,1,0.000000,-,-,-,-,-,-,-,-,-,-,-
17,SIRSA%E,9.5e-12,1,5,1.5e-09,1.0e+00,1.0e-03,1.0e+00,1.0e-03,1.5e-03,global-SIRSA%E,CASSIRSAYEQYF,TRBV19*01,TRBJ2-7*01,none:none,1,0.000000,-,-,-,-,-,-,-,-,-,-,-
17,SIRSA%E,9.5e-12,1,5,1.5e-09,1.0e+00,1.0e-03,1.0e+00,1.0e-03,1.5e-03,global-SIRSA%E,CASSIRSAYEQYF,TRBV19*01,TRBJ2-7*01,none:none,1,0.000000,-,-,-,-,-,-,-,-,-,-,-
17,SIRSA%E,9.5e-12,1,5,1.5e-09,1.0e+00,1.0e-03,1.0e+00,1.0e-03,1.5e-03,global-SIRSA%E,CASSIRSAYEQYF,TRBV19*01,TRBJ2-7*01,none:none,1,0.000000,-,-,-,-,-,-,-,-,-,-,-
17,SIRSA%E,9.5e-12,1,5,1.5e-09,1.0e+00,1.0e-03,1.0e+00,1.0e-03,1.5e-03,global-SIRSA%E,CASSIRSAYEQYF,TRBV19*01,TRBJ2-7*01,none:none,1,0.000000,-,-,-,-,-,-,-,-,-,-,-
17,SIRSA%E,9.5e-12,1,5,1.5e-09,1.0e+00,1.0e-03,1.0e+00,1.0e-03,1.5e-03,global-SIRSA%E,CASSIRSAYEQYF,TRBV19*01,TRBJ2-7*01,none:none,1,0.000000,-,-,-,-,-,-,-,-,-,-,-
17,SIRSA%E,9.5e-12,1,5,1.5e-09,1.0e+00,1.0e-03,1.0e+00,1.0e-03,1.5e-03,global-SIRSA%E,CASSIRSAYEQYF,TRBV19*01,TRBJ2-7*01,none:none,1,0.000000,-,-,-,-,-,-,-,-,-,-,-
17,SIRSA%E,9.5e-12,1,5,1.5e-09,1.0e+00,1.0e-03,1.0e+00,1.0e-03,1.5e-03,global-SIRSA%E,CASSIRSAYEQYF,TRBV19*01,TRBJ2-7*01,none:none,1,0.000000,-,-,-,-,-,-,-,-,-,-,-
17,SIRSA%E,9.5e-12,1,5,1.5e-09,1.0e+00,1.0e-03,1.0e+00,1.0e-03,1.5e-03,global-SIRSA%E,CASSIRSAYEQYF,TRBV19*01,TRBJ2-7*01,none:none,1,0.000000,-,-,-,-,-,-,-,-,-,-,-
17,SIRSA%E,9.5e-12,1,5,1.5e-09,1.0e+00,1.0e-03,1.0e+00,1.0e-03,1.5e-03,global-SIRSA%E,CASSIRSAYEQYF,TRBV19*01,TRBJ2-7*01,none:none,1,0.000000,-,-,-,-,-,-,-,-,-,-,-
17,SIRSA%E,9.5e-12,1,5,1.5e-09,1.0e+00,1.0e-03,1.0e+00,1.0e-03,1.5e-03,global-SIRSA%E,CASSIRSAYEQYF,TRBV19*01,TRBJ2-7*01,none:none,1,0.000000,-,-,-,-,-,-,-,-,-,-,-
17,SIRSA%E,9.5e-12,1,5,1.5e-09,1.0e+00,1.0e-03,1.0e+00,1.0e-03,1.5e-03,global-SIRSA%E,CASSIRSAYEQYF,TRBV19*01,TRBJ2-7*01,none:none,1,0.000000,-,-,-,-,-,-,-,-,-,-,-
17,SIRSA%E,9.5e-12,1,5,1.5e-09,1.0e+00,1.0e-03,1.0e+00,1.0e-03,1.5e-03,global-SIRSA%E,CASSIRSAYEQYF,TRBV19*01,TRBJ2-7*01,none:none,1,0.000000,-,-,-,-,-,-,-,-,-,-,-
17,SIRSA%E,9.5e-12,1,5,1.5e-09,1.0e+00,1.0e-03,1.0e+00,1.0e-03,1.5e-03,global-SIRSA%E,CASSIRSAYEQYF,TRBV19*01,TRBJ2-7*01,none:none,1,0.000000,-,-,-,-,-,-,-,-,-,-,-
17,SIRSA%E,9.5e-12,1,5,1.5e-09,1.0e+00,1.0e-03,1.0e+00,1.0e-03,1.5e-03,global-SIRSA%E,CASSIRSAHEAFF,TRBV19*01,TRBJ1-1*01,none:none,1,0.000000,-,-,-,-,-,-,-,-,-,-,-

18,S%GSYG,2.8e-11,1,8,8.3e-10,1.0e+00,1.0e-03,1.0e+00,1.0e-03,8.3e-04,global-S%GSYG,CASSAGSYGYTF,TRBV19*01,TRBJ1-2*01,none:none,1,0.000000,-,-,-,-,-,-,-,-,-,-,-
18,S%GSYG,2.8e-11,1,8,8.3e-10,1.0e+00,1.0e-03,1.0e+00,1.0e-03,8.3e-04,global-S%GSYG,CASSTGSYGCTF,TRBV19*01,TRBJ1-2*01,none:none,1,0.000000,-,-,-,-,-,-,-,-,-,-,-
18,S%GSYG,2.8e-11,1,8,8.3e-10,1.0e+00,1.0e-03,1.0e+00,1.0e-03,8.3e-04,global-S%GSYG,CASSIGSYGYTF,TRBV19*01,TRBJ1-2*01,none:none,1,0.000000,-,-,-,-,-,-,-,-,-,-,-
18,S%GSYG,2.8e-11,1,8,8.3e-10,1.0e+00,1.0e-03,1.0e+00,1.0e-03,8.3e-04,global-S%GSYG,CASSLGSYGYTF,TRBV19*01,TRBJ1-2*01,none:none,1,0.000000,-,-,-,-,-,-,-,-,-,-,-
18,S%GSYG,2.8e-11,1,8,8.3e-10,1.0e+00,1.0e-03,1.0e+00,1.0e-03,8.3e-04,global-S%GSYG,CASSQGSYGYTF,TRBV19*01,TRBJ1-2*01,none:none,1,0.000000,-,-,-,-,-,-,-,-,-,-,-
18,S%GSYG,2.8e-11,1,8,8.3e-10,1.0e+00,1.0e-03,1.0e+00,1.0e-03,8.3e-04,global-S%GSYG,CTSSQGSYGYTF,TRBV7-2*01,TRBJ1-2*01,none:none,1,0.000000,-,-,-,-,-,-,-,-,-,-,-
18,S%GSYG,2.8e-11,1,8,8.3e-10,1.0e+00,1.0e-03,1.0e+00,1.0e-03,8.3e-04,global-S%GSYG,CASSTGSYGYTF,TRBV19*01,TRBJ1-2*01,none:none,1,0.000000,-,-,-,-,-,-,-,-,-,-,-
18,S%GSYG,2.8e-11,1,8,8.3e-10,1.0e+00,1.0e-03,1.0e+00,1.0e-03,8.3e-04,global-S%GSYG,CASSTGSYGYTF,TRBV19*01,TRBJ1-2*01,none:none,1,0.000000,-,-,-,-,-,-,-,-,-,-,-
18,S%GSYG,2.8e-11,1,8,8.3e-10,1.0e+00,1.0e-03,1.0e+00,1.0e-03,8.3e-04,global-S%GSYG,CASSYGSYGYTF,TRBV19*01,TRBJ1-2*01,none:none,1,0.000000,-,-,-,-,-,-,-,-,-,-,-

19,S%RSADT,5.3e-10,1,5,1.5e-09,1.0e+00,1.0e-03,1.0e+00,1.0e-03,1.5e-03,global-S%RSADT,CASSIRSADTQYF,TRBV19*01,TRBJ2-3*01,none:none,1,0.000000,-,-,-,-,-,-,-,-,-,-,-
19,S%RSADT,5.3e-10,1,5,1.5e-09,1.0e+00,1.0e-03,1.0e+00,1.0e-03,1.5e-03,global-S%RSADT,CASSGRSADTQYF,TRBV19*01,TRBJ2-3*01,none:none,1,0.000000,-,-,-,-,-,-,-,-,-,-,-
19,S%RSADT,5.3e-10,1,5,1.5e-09,1.0e+00,1.0e-03,1.0e+00,1.0e-03,1.5e-03,global-S%RSADT,CASSVRSADTQYF,TRBV19*01,TRBJ2-3*01,none:none,1,0.000000,-,-,-,-,-,-,-,-,-,-,-
19,S%RSADT,5.3e-10,1,5,1.5e-09,1.0e+00,1.0e-03,1.0e+00,1.0e-03,1.5e-03,global-S%RSADT,CASSVRSADTQYF,TRBV9*01,TRBJ2-3*01,none:none,1,0.000000,-,-,-,-,-,-,-,-,-,-,-
19,S%RSADT,5.3e-10,1,5,1.5e-09,1.0e+00,1.0e-03,1.0e+00,1.0e-03,1.5e-03,global-S%RSADT,CASSVRSADTQYF,TRBV19*01,TRBJ2-3*01,none:none,1,0.000000,-,-,-,-,-,-,-,-,-,-,-
19,S%RSADT,5.3e-10,1,5,1.5e-09,1.0e+00,1.0e-03,1.0e+00,1.0e-03,1.5e-03,global-S%RSADT,CASSTRSADTQYF,TRBV19*01,TRBJ2-3*01,none:none,1,0.000000,-,-,-,-,-,-,-,-,-,-,-
19,S%RSADT,5.3e-10,1,5,1.5e-09,1.0e+00,1.0e-03,1.0e+00,1.0e-03,1.5e-03,global-S%RSADT,CASSGRSADTRYF,TRBV19*01,TRBJ2-3*01,none:none,1,0.000000,-,-,-,-,-,-,-,-,-,-,-

20,SIRS%ET,5.3e-10,1,5,1.5e-09,1.0e+00,1.0e-03,1.0e+00,1.0e-03,1.5e-03,global-SIRS%ET,CASSIRSAETQYF,TRBV19*01,TRBJ2-5*01,none:none,1,0.000000,-,-,-,-,-,-,-,-,-,-,-
20,SIRS%ET,5.3e-10,1,5,1.5e-09,1.0e+00,1.0e-03,1.0e+00,1.0e-03,1.5e-03,global-SIRS%ET,CASSIRSQETQYF,TRBV19*01,TRBJ2-5*01,none:none,1,0.000000,-,-,-,-,-,-,-,-,-,-,-
20,SIRS%ET,5.3e-10,1,5,1.5e-09,1.0e+00,1.0e-03,1.0e+00,1.0e-03,1.5e-03,global-SIRS%ET,CASSIRSTETQYF,TRBV19*01,TRBJ2-5*01,none:none,1,0.000000,-,-,-,-,-,-,-,-,-,-,-
20,SIRS%ET,5.3e-10,1,5,1.5e-09,1.0e+00,1.0e-03,1.0e+00,1.0e-03,1.5e-03,global-SIRS%ET,CAGSIRSTETQYF,TRBV19*01,TRBJ2-5*01,none:none,1,0.000000,-,-,-,-,-,-,-,-,-,-,-
20,SIRS%ET,5.3e-10,1,5,1.5e-09,1.0e+00,1.0e-03,1.0e+00,1.0e-03,1.5e-03,global-SIRS%ET,CASSIRSSETQYF,TRBV19*01,TRBJ2-5*01,none:none,1,0.000000,-,-,-,-,-,-,-,-,-,-,-
20,SIRS%ET,5.3e-10,1,5,1.5e-09,1.0e+00,1.0e-03,1.0e+00,1.0e-03,1.5e-03,global-SIRS%ET,CASSIRSSETQYF,TRBV19*01,TRBJ2-5*01,none:none,1,0.000000,-,-,-,-,-,-,-,-,-,-,-
20,SIRS%ET,5.3e-10,1,5,1.5e-09,1.0e+00,1.0e-03,1.0e+00,1.0e-03,1.5e-03,global-SIRS%ET,CASSIRSSETQYF,TRBV19*01,TRBJ2-5*01,none:none,1,0.000000,-,-,-,-,-,-,-,-,-,-,-

21,SIRST%E,1.2e-09,1,5,1.5e-09,1.0e+00,1.0e-03,1.0e+00,1.0e-03,1.5e-03,global-SIRST%E,CASSIRSTYEQYF,TRBV19*01,TRBJ2-7*01,none:none,1,0.000000,-,-,-,-,-,-,-,-,-,-,-
21,SIRST%E,1.2e-09,1,5,1.5e-09,1.0e+00,1.0e-03,1.0e+00,1.0e-03,1.5e-03,global-SIRST%E,CASSIRSTYEQYF,TRBV19*01,TRBJ2-7*01,none:none,1,0.000000,-,-,-,-,-,-,-,-,-,-,-
21,SIRST%E,1.2e-09,1,5,1.5e-09,1.0e+00,1.0e-03,1.0e+00,1.0e-03,1.5e-03,global-SIRST%E,CASSIRSTGELFF,TRBV19*01,TRBJ2-2*01,none:none,1,0.000000,-,-,-,-,-,-,-,-,-,-,-
21,SIRST%E,1.2e-09,1,5,1.5e-09,1.0e+00,1.0e-03,1.0e+00,1.0e-03,1.5e-03,global-SIRST%E,CASSIRSTGELFF,TRBV19*01,TRBJ2-2*01,none:none,1,0.000000,-,-,-,-,-,-,-,-,-,-,-
21,SIRST%E,1.2e-09,1,5,1.5e-09,1.0e+00,1.0e-03,1.0e+00,1.0e-03,1.5e-03,global-SIRST%E,CASSIRSTGELFF,TRBV19*01,TRBJ2-2*01,none:none,1,0.000000,-,-,-,-,-,-,-,-,-,-,-
21,SIRST%E,1.2e-09,1,5,1.5e-09,1.0e+00,1.0e-03,1.0e+00,1.0e-03,1.5e-03,global-SIRST%E,CASSIRSTGELFF,TRBV19*01,TRBJ2-2*01,none:none,1,0.000000,-,-,-,-,-,-,-,-,-,-,-
21,SIRST%E,1.2e-09,1,5,1.5e-09,1.0e+00,1.0e-03,1.0e+00,1.0e-03,1.5e-03,global-SIRST%E,CASSIRSTGELFF,TRBV19*01,TRBJ2-2*01,none:none,1,0.000000,-,-,-,-,-,-,-,-,-,-,-
21,SIRST%E,1.2e-09,1,5,1.5e-09,1.0e+00,1.0e-03,1.0e+00,1.0e-03,1.5e-03,global-SIRST%E,CASSIRSTTEAFF,TRBV19*01,TRBJ1-1*01,none:none,1,0.000000,-,-,-,-,-,-,-,-,-,-,-
21,SIRST%E,1.2e-09,1,5,1.5e-09,1.0e+00,1.0e-03,1.0e+00,1.0e-03,1.5e-03,global-SIRST%E,CASSIRSTTEAFF,TRBV19*01,TRBJ1-1*01,none:none,1,0.000000,-,-,-,-,-,-,-,-,-,-,-
21,SIRST%E,1.2e-09,1,5,1.5e-09,1.0e+00,1.0e-03,1.0e+00,1.0e-03,1.5e-03,global-SIRST%E,CASSIRSTSEQYF,TRBV19*01,TRBJ2-7*01,none:none,1,0.000000,-,-,-,-,-,-,-,-,-,-,-
21,SIRST%E,1.2e-09,1,5,1.5e-09,1.0e+00,1.0e-03,1.0e+00,1.0e-03,1.5e-03,global-SIRST%E,CASSIRSTVEQFF,TRBV19*01,TRBJ2-1*01,none:none,1,0.000000,-,-,-,-,-,-,-,-,-,-,-

22,SIG%HG,1.5e-09,1,4,2.3e-09,1.0e+00,1.0e-03,1.0e+00,1.0e-03,2.3e-03,global-SIG%HG,CASSIGSHGYTF,TRBV19*01,TRBJ1-2*01,none:none,1,0.000000,-,-,-,-,-,-,-,-,-,-,-
22,SIG%HG,1.5e-09,1,4,2.3e-09,1.0e+00,1.0e-03,1.0e+00,1.0e-03,2.3e-03,global-SIG%HG,CASSIGAHGYTF,TRBV19*01,TRBJ1-2*01,none:none,1,0.000000,-,-,-,-,-,-,-,-,-,-,-
22,SIG%HG,1.5e-09,1,4,2.3e-09,1.0e+00,1.0e-03,1.0e+00,1.0e-03,2.3e-03,global-SIG%HG,CASSIGVHGYTF,TRBV19*01,TRBJ1-2*01,none:none,1,0.000000,-,-,-,-,-,-,-,-,-,-,-
22,SIG%HG,1.5e-09,1,4,2.3e-09,1.0e+00,1.0e-03,1.0e+00,1.0e-03,2.3e-03,global-SIG%HG,CASSIGVHGYTF,TRBV19*01,TRBJ1-2*01,none:none,1,0.000000,-,-,-,-,-,-,-,-,-,-,-
22,SIG%HG,1.5e-09,1,4,2.3e-09,1.0e+00,1.0e-03,1.0e+00,1.0e-03,2.3e-03,global-SIG%HG,CASSIGVHGYTF,TRBV19*01,TRBJ1-2*01,none:none,1,0.000000,-,-,-,-,-,-,-,-,-,-,-
22,SIG%HG,1.5e-09,1,4,2.3e-09,1.0e+00,1.0e-03,1.0e+00,1.0e-03,2.3e-03,global-SIG%HG,CASSIGVHGYTF,TRBV19*01,TRBJ1-2*01,none:none,1,0.000000,-,-,-,-,-,-,-,-,-,-,-
22,SIG%HG,1.5e-09,1,4,2.3e-09,1.0e+00,1.0e-03,1.0e+00,1.0e-03,2.3e-03,global-SIG%HG,CASSIGYHGYTF,TRBV19*01,TRBJ1-2*01,none:none,1,0.000000,-,-,-,-,-,-,-,-,-,-,-

23,%VRSSYE,1.5e-09,1,4,2.3e-09,1.0e+00,1.0e-03,1.0e+00,1.0e-03,2.3e-03,global-%VRSSYE,CASSVRSSYEQYF,TRBV19*01,TRBJ2-7*01,none:none,1,0.000000,-,-,-,-,-,-,-,-,-,-,-
23,%VRSSYE,1.5e-09,1,4,2.3e-09,1.0e+00,1.0e-03,1.0e+00,1.0e-03,2.3e-03,global-%VRSSYE,CASSVRSSYEQYF,TRBV19*01,TRBJ2-7*01,none:none,1,0.000000,-,-,-,-,-,-,-,-,-,-,-
23,%VRSSYE,1.5e-09,1,4,2.3e-09,1.0e+00,1.0e-03,1.0e+00,1.0e-03,2.3e-03,global-%VRSSYE,CASSVRSSYEQYF,TRBV19*01,TRBJ2-7*01,none:none,1,0.000000,-,-,-,-,-,-,-,-,-,-,-
23,%VRSSYE,1.5e-09,1,4,2.3e-09,1.0e+00,1.0e-03,1.0e+00,1.0e-03,2.3e-03,global-%VRSSYE,CASSVRSSYEQYF,TRBV19*01,TRBJ2-7*01,none:none,1,0.000000,-,-,-,-,-,-,-,-,-,-,-
23,%VRSSYE,1.5e-09,1,4,2.3e-09,1.0e+00,1.0e-03,1.0e+00,1.0e-03,2.3e-03,global-%VRSSYE,CASSVRSSYEQYF,TRBV19*01,TRBJ2-7*01,none:none,1,0.000000,-,-,-,-,-,-,-,-,-,-,-
23,%VRSSYE,1.5e-09,1,4,2.3e-09,1.0e+00,1.0e-03,1.0e+00,1.0e-03,2.3e-03,global-%VRSSYE,CASSVRSSYEQYF,TRBV19*01,TRBJ2-7*01,none:none,1,0.000000,-,-,-,-,-,-,-,-,-,-,-
23,%VRSSYE,1.5e-09,1,4,2.3e-09,1.0e+00,1.0e-03,1.0e+00,1.0e-03,2.3e-03,global-%VRSSYE,CSLGVRSSYEQYF,TRBV20-1*01,TRBJ2-7*01,none:none,1,0.000000,-,-,-,-,-,-,-,-,-,-,-
23,%VRSSYE,1.5e-09,1,4,2.3e-09,1.0e+00,1.0e-03,1.0e+00,1.0e-03,2.3e-03,global-%VRSSYE,CVSSVRSSYEQYF,TRBV19*01,TRBJ2-7*01,none:none,1,0.000000,-,-,-,-,-,-,-,-,-,-,-
23,%VRSSYE,1.5e-09,1,4,2.3e-09,1.0e+00,1.0e-03,1.0e+00,1.0e-03,2.3e-03,global-%VRSSYE,CATSVRSSYEQYF,TRBV24-1*01,TRBJ2-7*01,none:none,1,0.000000,-,-,-,-,-,-,-,-,-,-,-

24,S%RSGIE,1.5e-09,1,4,2.3e-09,1.0e+00,1.0e-03,1.0e+00,1.0e-03,2.3e-03,global-S%RSGIE,CASSFRSGIEQYF,TRBV19*01,TRBJ2-7*01,none:none,1,0.000000,-,-,-,-,-,-,-,-,-,-,-
24,S%RSGIE,1.5e-09,1,4,2.3e-09,1.0e+00,1.0e-03,1.0e+00,1.0e-03,2.3e-03,global-S%RSGIE,CASSSRSGIEQYF,TRBV19*01,TRBJ2-7*01,none:none,1,0.000000,-,-,-,-,-,-,-,-,-,-,-
24,S%RSGIE,1.5e-09,1,4,2.3e-09,1.0e+00,1.0e-03,1.0e+00,1.0e-03,2.3e-03,global-S%RSGIE,CASSMRSGIEQYF,TRBV19*01,TRBJ2-7*01,none:none,1,0.000000,-,-,-,-,-,-,-,-,-,-,-
24,S%RSGIE,1.5e-09,1,4,2.3e-09,1.0e+00,1.0e-03,1.0e+00,1.0e-03,2.3e-03,global-S%RSGIE,CASSPRSGIEAFF,TRBV19*01,TRBJ1-1*01,none:none,1,0.000000,-,-,-,-,-,-,-,-,-,-,-

25,S%RSSQP,1.5e-09,1,4,2.3e-09,1.0e+00,1.0e-03,1.0e+00,1.0e-03,2.3e-03,global-S%RSSQP,CASSFRSSQPQHF,TRBV19*01,TRBJ1-5*01,none:none,1,0.000000,-,-,-,-,-,-,-,-,-,-,-
25,S%RSSQP,1.5e-09,1,4,2.3e-09,1.0e+00,1.0e-03,1.0e+00,1.0e-03,2.3e-03,global-S%RSSQP,CASSIRSSQPQHF,TRBV19*01,TRBJ1-5*01,none:none,1,0.000000,-,-,-,-,-,-,-,-,-,-,-
25,S%RSSQP,1.5e-09,1,4,2.3e-09,1.0e+00,1.0e-03,1.0e+00,1.0e-03,2.3e-03,global-S%RSSQP,CASSGRSSQPQHF,TRBV19*01,TRBJ1-5*01,none:none,1,0.000000,-,-,-,-,-,-,-,-,-,-,-
25,S%RSSQP,1.5e-09,1,4,2.3e-09,1.0e+00,1.0e-03,1.0e+00,1.0e-03,2.3e-03,global-S%RSSQP,CASSGRSSQPQHF,TRBV19*01,TRBJ1-5*01,none:none,1,0.000000,-,-,-,-,-,-,-,-,-,-,-
25,S%RSSQP,1.5e-09,1,4,2.3e-09,1.0e+00,1.0e-03,1.0e+00,1.0e-03,2.3e-03,global-S%RSSQP,CASSPRSSQPQHF,TRBV19*01,TRBJ1-5*01,none:none,1,0.000000,-,-,-,-,-,-,-,-,-,-,-

26,S%RAAYE,1.5e-09,1,4,2.3e-09,1.0e+00,1.0e-03,1.0e+00,1.0e-03,2.3e-03,global-S%RAAYE,CASSIRAAYEQYF,TRBV19*01,TRBJ2-7*01,none:none,1,0.000000,-,-,-,-,-,-,-,-,-,-,-
26,S%RAAYE,1.5e-09,1,4,2.3e-09,1.0e+00,1.0e-03,1.0e+00,1.0e-03,2.3e-03,global-S%RAAYE,CASSIRAAYEQYF,TRBV19*01,TRBJ2-7*01,none:none,1,0.000000,-,-,-,-,-,-,-,-,-,-,-
26,S%RAAYE,1.5e-09,1,4,2.3e-09,1.0e+00,1.0e-03,1.0e+00,1.0e-03,2.3e-03,global-S%RAAYE,CASSVRAAYEQYF,TRBV19*01,TRBJ2-7*01,none:none,1,0.000000,-,-,-,-,-,-,-,-,-,-,-
26,S%RAAYE,1.5e-09,1,4,2.3e-09,1.0e+00,1.0e-03,1.0e+00,1.0e-03,2.3e-03,global-S%RAAYE,CASSTRAAYEQYF,TRBV19*01,TRBJ2-7*01,none:none,1,0.000000,-,-,-,-,-,-,-,-,-,-,-
26,S%RAAYE,1.5e-09,1,4,2.3e-09,1.0e+00,1.0e-03,1.0e+00,1.0e-03,2.3e-03,global-S%RAAYE,CASSSRAAYEQYF,TRBV19*01,TRBJ2-7*01,none:none,1,0.000000,-,-,-,-,-,-,-,-,-,-,-

27,SIR%AYE,1.5e-09,1,4,2.3e-09,1.0e+00,1.0e-03,1.0e+00,1.0e-03,2.3e-03,global-SIR%AYE,CASSIRWAYEQYF,TRBV19*01,TRBJ2-7*01,none:none,1,0.000000,-,-,-,-,-,-,-,-,-,-,-
27,SIR%AYE,1.5e-09,1,4,2.3e-09,1.0e+00,1.0e-03,1.0e+00,1.0e-03,2.3e-03,global-SIR%AYE,CASSIRAAYEQYF,TRBV19*01,TRBJ2-7*01,none:none,1,0.000000,-,-,-,-,-,-,-,-,-,-,-
27,SIR%AYE,1.5e-09,1,4,2.3e-09,1.0e+00,1.0e-03,1.0e+00,1.0e-03,2.3e-03,global-SIR%AYE,CASSIRAAYEQYF,TRBV19*01,TRBJ2-7*01,none:none,1,0.000000,-,-,-,-,-,-,-,-,-,-,-
27,SIR%AYE,1.5e-09,1,4,2.3e-09,1.0e+00,1.0e-03,1.0e+00,1.0e-03,2.3e-03,global-SIR%AYE,CASSIRSAYEQFF,TRBV19*01,TRBJ2-1*01,none:none,1,0.000000,-,-,-,-,-,-,-,-,-,-,-
27,SIR%AYE,1.5e-09,1,4,2.3e-09,1.0e+00,1.0e-03,1.0e+00,1.0e-03,2.3e-03,global-SIR%AYE,CASSIRSAYEQFF,TRBV19*01,TRBJ2-1*01,none:none,1,0.000000,-,-,-,-,-,-,-,-,-,-,-
27,SIR%AYE,1.5e-09,1,4,2.3e-09,1.0e+00,1.0e-03,1.0e+00,1.0e-03,2.3e-03,global-SIR%AYE,CASSIRSAYEQYF,TRBV19*01,TRBJ2-7*01,none:none,1,0.000000,-,-,-,-,-,-,-,-,-,-,-
27,SIR%AYE,1.5e-09,1,4,2.3e-09,1.0e+00,1.0e-03,1.0e+00,1.0e-03,2.3e-03,global-SIR%AYE,CASSIRSAYEQYF,TRBV19*01,TRBJ2-7*01,none:none,1,0.000000,-,-,-,-,-,-,-,-,-,-,-
27,SIR%AYE,1.5e-09,1,4,2.3e-09,1.0e+00,1.0e-03,1.0e+00,1.0e-03,2.3e-03,global-SIR%AYE,CASSIRSAYEQYF,TRBV19*01,TRBJ2-7*01,none:none,1,0.000000,-,-,-,-,-,-,-,-,-,-,-
27,SIR%AYE,1.5e-09,1,4,2.3e-09,1.0e+00,1.0e-03,1.0e+00,1.0e-03,2.3e-03,global-SIR%AYE,CASSIRSAYEQYF,TRBV19*01,TRBJ2-7*01,none:none,1,0.000000,-,-,-,-,-,-,-,-,-,-,-
27,SIR%AYE,1.5e-09,1,4,2.3e-09,1.0e+00,1.0e-03,1.0e+00,1.0e-03,2.3e-03,global-SIR%AYE,CASSIRSAYEQYF,TRBV19*01,TRBJ2-7*01,none:none,1,0.000000,-,-,-,-,-,-,-,-,-,-,-
27,SIR%AYE,1.5e-09,1,4,2.3e-09,1.0e+00,1.0e-03,1.0e+00,1.0e-03,2.3e-03,global-SIR%AYE,CASSIRSAYEQYF,TRBV19*01,TRBJ2-7*01,none:none,1,0.000000,-,-,-,-,-,-,-,-,-,-,-
27,SIR%AYE,1.5e-09,1,4,2.3e-09,1.0e+00,1.0e-03,1.0e+00,1.0e-03,2.3e-03,global-SIR%AYE,CASSIRSAYEQYF,TRBV19*01,TRBJ2-7*01,none:none,1,0.000000,-,-,-,-,-,-,-,-,-,-,-
27,SIR%AYE,1.5e-09,1,4,2.3e-09,1.0e+00,1.0e-03,1.0e+00,1.0e-03,2.3e-03,global-SIR%AYE,CASSIRSAYEQYF,TRBV19*01,TRBJ2-7*01,none:none,1,0.000000,-,-,-,-,-,-,-,-,-,-,-
27,SIR%AYE,1.5e-09,1,4,2.3e-09,1.0e+00,1.0e-03,1.0e+00,1.0e-03,2.3e-03,global-SIR%AYE,CASSIRSAYEQYF,TRBV19*01,TRBJ2-7*01,none:none,1,0.000000,-,-,-,-,-,-,-,-,-,-,-
27,SIR%AYE,1.5e-09,1,4,2.3e-09,1.0e+00,1.0e-03,1.0e+00,1.0e-03,2.3e-03,global-SIR%AYE,CASSIRSAYEQYF,TRBV19*01,TRBJ2-7*01,none:none,1,0.000000,-,-,-,-,-,-,-,-,-,-,-
27,SIR%AYE,1.5e-09,1,4,2.3e-09,1.0e+00,1.0e-03,1.0e+00,1.0e-03,2.3e-03,global-SIR%AYE,CASSIRSAYEQYF,TRBV19*01,TRBJ2-7*01,none:none,1,0.000000,-,-,-,-,-,-,-,-,-,-,-
27,SIR%AYE,1.5e-09,1,4,2.3e-09,1.0e+00,1.0e-03,1.0e+00,1.0e-03,2.3e-03,global-SIR%AYE,CASSIRSAYEQYF,TRBV19*01,TRBJ2-7*01,none:none,1,0.000000,-,-,-,-,-,-,-,-,-,-,-
27,SIR%AYE,1.5e-09,1,4,2.3e-09,1.0e+00,1.0e-03,1.0e+00,1.0e-03,2.3e-03,global-SIR%AYE,CASSIRSAYEQYF,TRBV19*01,TRBJ2-7*01,none:none,1,0.000000,-,-,-,-,-,-,-,-,-,-,-
27,SIR%AYE,1.5e-09,1,4,2.3e-09,1.0e+00,1.0e-03,1.0e+00,1.0e-03,2.3e-03,global-SIR%AYE,CASSIRSAYEQYF,TRBV19*01,TRBJ2-7*01,none:none,1,0.000000,-,-,-,-,-,-,-,-,-,-,-
27,SIR%AYE,1.5e-09,1,4,2.3e-09,1.0e+00,1.0e-03,1.0e+00,1.0e-03,2.3e-03,global-SIR%AYE,CASSIRSAYEQYF,TRBV19*01,TRBJ2-7*01,none:none,1,0.000000,-,-,-,-,-,-,-,-,-,-,-

28,SIRS%HE,1.5e-09,1,4,2.3e-09,1.0e+00,1.0e-03,1.0e+00,1.0e-03,2.3e-03,global-SIRS%HE,CASSIRSAHEQFF,TRBV19*01,TRBJ2-1*01,none:none,1,0.000000,-,-,-,-,-,-,-,-,-,-,-
28,SIRS%HE,1.5e-09,1,4,2.3e-09,1.0e+00,1.0e-03,1.0e+00,1.0e-03,2.3e-03,global-SIRS%HE,CASSIRSGHEQYF,TRBV19*01,TRBJ2-7*01,none:none,1,0.000000,-,-,-,-,-,-,-,-,-,-,-
28,SIRS%HE,1.5e-09,1,4,2.3e-09,1.0e+00,1.0e-03,1.0e+00,1.0e-03,2.3e-03,global-SIRS%HE,CASSIRSSHEQYF,TRBV19*01,TRBJ2-7*01,none:none,1,0.000000,-,-,-,-,-,-,-,-,-,-,-
28,SIRS%HE,1.5e-09,1,4,2.3e-09,1.0e+00,1.0e-03,1.0e+00,1.0e-03,2.3e-03,global-SIRS%HE,CASSIRSAHEAFF,TRBV19*01,TRBJ1-1*01,none:none,1,0.000000,-,-,-,-,-,-,-,-,-,-,-

29,SMRSA%E,1.5e-09,1,4,2.3e-09,1.0e+00,1.0e-03,1.0e+00,1.0e-03,2.3e-03,global-SMRSA%E,CASSMRSAHEQYF,TRBV19*01,TRBJ2-7*01,none:none,1,0.000000,-,-,-,-,-,-,-,-,-,-,-
29,SMRSA%E,1.5e-09,1,4,2.3e-09,1.0e+00,1.0e-03,1.0e+00,1.0e-03,2.3e-03,global-SMRSA%E,CASSMRSAYEQYF,TRBV19*01,TRBJ2-7*01,none:none,1,0.000000,-,-,-,-,-,-,-,-,-,-,-
29,SMRSA%E,1.5e-09,1,4,2.3e-09,1.0e+00,1.0e-03,1.0e+00,1.0e-03,2.3e-03,global-SMRSA%E,CASSMRSAGELFF,TRBV19*01,TRBJ2-2*01,none:none,1,0.000000,-,-,-,-,-,-,-,-,-,-,-
29,SMRSA%E,1.5e-09,1,4,2.3e-09,1.0e+00,1.0e-03,1.0e+00,1.0e-03,2.3e-03,global-SMRSA%E,CASSMRSAWEQFF,TRBV19*01,TRBJ2-1*01,none:none,1,0.000000,-,-,-,-,-,-,-,-,-,-,-

30,SIRST%T,1.5e-09,1,4,2.3e-09,1.0e+00,1.0e-03,1.0e+00,1.0e-03,2.3e-03,global-SIRST%T,CASSIRSTDTQYF,TRBV19*01,TRBJ2-3*01,none:none,1,0.000000,-,-,-,-,-,-,-,-,-,-,-
30,SIRST%T,1.5e-09,1,4,2.3e-09,1.0e+00,1.0e-03,1.0e+00,1.0e-03,2.3e-03,global-SIRST%T,CASSIRSTDTQYF,TRBV19*01,TRBJ2-3*01,none:none,1,0.000000,-,-,-,-,-,-,-,-,-,-,-
30,SIRST%T,1.5e-09,1,4,2.3e-09,1.0e+00,1.0e-03,1.0e+00,1.0e-03,2.3e-03,global-SIRST%T,CASSIRSTDTQYF,TRBV19*01,TRBJ2-3*01,none:none,1,0.000000,-,-,-,-,-,-,-,-,-,-,-
30,SIRST%T,1.5e-09,1,4,2.3e-09,1.0e+00,1.0e-03,1.0e+00,1.0e-03,2.3e-03,global-SIRST%T,CASSIRSTDTQYF,TRBV19*01,TRBJ2-3*01,none:none,1,0.000000,-,-,-,-,-,-,-,-,-,-,-
30,SIRST%T,1.5e-09,1,4,2.3e-09,1.0e+00,1.0e-03,1.0e+00,1.0e-03,2.3e-03,global-SIRST%T,CASSIRSTDTQYF,TRBV19*01,TRBJ2-3*01,none:none,1,0.000000,-,-,-,-,-,-,-,-,-,-,-
30,SIRST%T,1.5e-09,1,4,2.3e-09,1.0e+00,1.0e-03,1.0e+00,1.0e-03,2.3e-03,global-SIRST%T,CASSIRSTDTQYF,TRBV19*01,TRBJ2-3*01,none:none,1,0.000000,-,-,-,-,-,-,-,-,-,-,-
30,SIRST%T,1.5e-09,1,4,2.3e-09,1.0e+00,1.0e-03,1.0e+00,1.0e-03,2.3e-03,global-SIRST%T,CASSIRSTDTQYF,TRBV19*01,TRBJ2-3*01,none:none,1,0.000000,-,-,-,-,-,-,-,-,-,-,-
30,SIRST%T,1.5e-09,1,4,2.3e-09,1.0e+00,1.0e-03,1.0e+00,1.0e-03,2.3e-03,global-SIRST%T,CACSIRSTDTQYF,TRBV19*01,TRBJ2-3*01,none:none,1,0.000000,-,-,-,-,-,-,-,-,-,-,-
30,SIRST%T,1.5e-09,1,4,2.3e-09,1.0e+00,1.0e-03,1.0e+00,1.0e-03,2.3e-03,global-SIRST%T,CASSIRSTETQYF,TRBV19*01,TRBJ2-5*01,none:none,1,0.000000,-,-,-,-,-,-,-,-,-,-,-
30,SIRST%T,1.5e-09,1,4,2.3e-09,1.0e+00,1.0e-03,1.0e+00,1.0e-03,2.3e-03,global-SIRST%T,CAGSIRSTETQYF,TRBV19*01,TRBJ2-5*01,none:none,1,0.000000,-,-,-,-,-,-,-,-,-,-,-

31,SIRAG%E,1.5e-09,1,4,2.3e-09,1.0e+00,1.0e-03,1.0e+00,1.0e-03,2.3e-03,global-SIRAG%E,CASSIRAGTEQFF,TRBV19*01,TRBJ2-1*01,none:none,1,0.000000,-,-,-,-,-,-,-,-,-,-,-
31,SIRAG%E,1.5e-09,1,4,2.3e-09,1.0e+00,1.0e-03,1.0e+00,1.0e-03,2.3e-03,global-SIRAG%E,CASSIRAGDEQFF,TRBV19*01,TRBJ2-1*01,none:none,1,0.000000,-,-,-,-,-,-,-,-,-,-,-
31,SIRAG%E,1.5e-09,1,4,2.3e-09,1.0e+00,1.0e-03,1.0e+00,1.0e-03,2.3e-03,global-SIRAG%E,CASSIRAGVEQFF,TRBV19*01,TRBJ2-1*01,none:none,1,0.000000,-,-,-,-,-,-,-,-,-,-,-
31,SIRAG%E,1.5e-09,1,4,2.3e-09,1.0e+00,1.0e-03,1.0e+00,1.0e-03,2.3e-03,global-SIRAG%E,CASSIRAGFEQYF,TRBV19*01,TRBJ2-7*01,none:none,1,0.000000,-,-,-,-,-,-,-,-,-,-,-

32,SIRSTE%,1.5e-09,1,4,2.3e-09,1.0e+00,1.0e-03,1.0e+00,1.0e-03,2.3e-03,global-SIRSTE%,CAGSIRSTETQYF,TRBV19*01,TRBJ2-5*01,none:none,1,0.000000,-,-,-,-,-,-,-,-,-,-,-
32,SIRSTE%,1.5e-09,1,4,2.3e-09,1.0e+00,1.0e-03,1.0e+00,1.0e-03,2.3e-03,global-SIRSTE%,CASSIRSTEKLFF,TRBV19*01,TRBJ1-4*01,none:none,1,0.000000,-,-,-,-,-,-,-,-,-,-,-
32,SIRSTE%,1.5e-09,1,4,2.3e-09,1.0e+00,1.0e-03,1.0e+00,1.0e-03,2.3e-03,global-SIRSTE%,CASSIRSTEGAFF,TRBV19*01,TRBJ1-1*01,none:none,1,0.000000,-,-,-,-,-,-,-,-,-,-,-
32,SIRSTE%,1.5e-09,1,4,2.3e-09,1.0e+00,1.0e-03,1.0e+00,1.0e-03,2.3e-03,global-SIRSTE%,CASSIRSTETQYF,TRBV19*01,TRBJ2-5*01,none:none,1,0.000000,-,-,-,-,-,-,-,-,-,-,-

33,SMRSGS%,1.5e-09,1,4,2.3e-09,1.0e+00,1.0e-03,1.0e+00,1.0e-03,2.3e-03,global-SMRSGS%,CASSMRSGSKQYF,TRBV19*01,TRBJ2-7*01,none:none,1,0.000000,-,-,-,-,-,-,-,-,-,-,-
33,SMRSGS%,1.5e-09,1,4,2.3e-09,1.0e+00,1.0e-03,1.0e+00,1.0e-03,2.3e-03,global-SMRSGS%,CASSMRSGSEQFF,TRBV19*01,TRBJ2-1*01,none:none,1,0.000000,-,-,-,-,-,-,-,-,-,-,-
33,SMRSGS%,1.5e-09,1,4,2.3e-09,1.0e+00,1.0e-03,1.0e+00,1.0e-03,2.3e-03,global-SMRSGS%,CASSMRSGSEHYF,TRBV19*01,TRBJ2-7*01,none:none,1,0.000000,-,-,-,-,-,-,-,-,-,-,-
33,SMRSGS%,1.5e-09,1,4,2.3e-09,1.0e+00,1.0e-03,1.0e+00,1.0e-03,2.3e-03,global-SMRSGS%,CASSMRSGSGQYF,TRBV19*01,TRBJ2-7*01,none:none,1,0.000000,-,-,-,-,-,-,-,-,-,-,-

34,S%QGLGQP,1.5e-09,1,4,7.0e-09,1.0e+00,3.0e-03,1.0e+00,1.0e-03,2.3e-03,global-S%QGLGQP,CAWSSQGLGQPQHF,TRBV30*01,TRBJ1-5*01,none:none,1,0.000000,-,-,-,-,-,-,-,-,-,-,-
34,S%QGLGQP,1.5e-09,1,4,7.0e-09,1.0e+00,3.0e-03,1.0e+00,1.0e-03,2.3e-03,global-S%QGLGQP,CASSQQGLGQPQHF,TRBV28*01,TRBJ1-5*01,none:none,1,0.000000,-,-,-,-,-,-,-,-,-,-,-
34,S%QGLGQP,1.5e-09,1,4,7.0e-09,1.0e+00,3.0e-03,1.0e+00,1.0e-03,2.3e-03,global-S%QGLGQP,CASSFQGLGQPQHF,TRBV28*01,TRBJ1-5*01,none:none,1,0.000000,-,-,-,-,-,-,-,-,-,-,-
34,S%QGLGQP,1.5e-09,1,4,7.0e-09,1.0e+00,3.0e-03,1.0e+00,1.0e-03,2.3e-03,global-S%QGLGQP,CASSFQGLGQPQHF,TRBV27*01,TRBJ1-5*01,none:none,1,0.000000,-,-,-,-,-,-,-,-,-,-,-
34,S%QGLGQP,1.5e-09,1,4,7.0e-09,1.0e+00,3.0e-03,1.0e+00,1.0e-03,2.3e-03,global-S%QGLGQP,CASSFQGLGQPQHF,TRBV28*01,TRBJ1-5*01,none:none,1,0.000000,-,-,-,-,-,-,-,-,-,-,-
34,S%QGLGQP,1.5e-09,1,4,7.0e-09,1.0e+00,3.0e-03,1.0e+00,1.0e-03,2.3e-03,global-S%QGLGQP,CASSPQGLGQPQHF,TRBV28*01,TRBJ1-5*01,none:none,1,0.000000,-,-,-,-,-,-,-,-,-,-,-
34,S%QGLGQP,1.5e-09,1,4,7.0e-09,1.0e+00,3.0e-03,1.0e+00,1.0e-03,2.3e-03,global-S%QGLGQP,CASSPQGLGQPQHF,TRBV27*01,TRBJ1-5*01,none:none,1,0.000000,-,-,-,-,-,-,-,-,-,-,-

35,SLAPG%TNEK,1.5e-09,1,4,3.1e-08,1.0e+00,1.3e-02,1.0e+00,1.0e-03,2.3e-03,global-SLAPG%TNEK,CASSLAPGTTNEKLFF,TRBV7-6*01,TRBJ1-4*01,none:none,1,0.000000,-,-,-,-,-,-,-,-,-,-,-
35,SLAPG%TNEK,1.5e-09,1,4,3.1e-08,1.0e+00,1.3e-02,1.0e+00,1.0e-03,2.3e-03,global-SLAPG%TNEK,CASSLAPGATNEKTVF,TRBV7-6*01,TRBJ1-4*01,none:none,1,0.000000,-,-,-,-,-,-,-,-,-,-,-
35,SLAPG%TNEK,1.5e-09,1,4,3.1e-08,1.0e+00,1.3e-02,1.0e+00,1.0e-03,2.3e-03,global-SLAPG%TNEK,CTSSLAPGATNEKLFF,TRBV7-2*01,TRBJ1-4*01,none:none,1,0.000000,-,-,-,-,-,-,-,-,-,-,-
35,SLAPG%TNEK,1.5e-09,1,4,3.1e-08,1.0e+00,1.3e-02,1.0e+00,1.0e-03,2.3e-03,global-SLAPG%TNEK,CAGSLAPGATNEKLFF,TRBV7-6*01,TRBJ1-4*01,none:none,1,0.000000,-,-,-,-,-,-,-,-,-,-,-

36,S%RASYE,2.3e-09,1,5,1.5e-09,1.0e+00,1.0e-03,1.0e+00,1.0e-03,1.5e-03,global-S%RASYE,CASSIRASYEQYF,TRBV19*01,TRBJ2-7*01,none:none,1,0.000000,-,-,-,-,-,-,-,-,-,-,-
36,S%RASYE,2.3e-09,1,5,1.5e-09,1.0e+00,1.0e-03,1.0e+00,1.0e-03,1.5e-03,global-S%RASYE,CASSIRASYEQYF,TRBV19*01,TRBJ2-7*01,none:none,1,0.000000,-,-,-,-,-,-,-,-,-,-,-
36,S%RASYE,2.3e-09,1,5,1.5e-09,1.0e+00,1.0e-03,1.0e+00,1.0e-03,1.5e-03,global-S%RASYE,CASSIRASYEQYF,TRBV19*01,TRBJ2-7*01,none:none,1,0.000000,-,-,-,-,-,-,-,-,-,-,-
36,S%RASYE,2.3e-09,1,5,1.5e-09,1.0e+00,1.0e-03,1.0e+00,1.0e-03,1.5e-03,global-S%RASYE,CASSIRASYEQYF,TRBV19*01,TRBJ2-7*01,none:none,1,0.000000,-,-,-,-,-,-,-,-,-,-,-
36,S%RASYE,2.3e-09,1,5,1.5e-09,1.0e+00,1.0e-03,1.0e+00,1.0e-03,1.5e-03,global-S%RASYE,CASSIRASYEQYF,TRBV19*01,TRBJ2-7*01,none:none,1,0.000000,-,-,-,-,-,-,-,-,-,-,-
36,S%RASYE,2.3e-09,1,5,1.5e-09,1.0e+00,1.0e-03,1.0e+00,1.0e-03,1.5e-03,global-S%RASYE,CASSIRASYEQYF,TRBV19*01,TRBJ2-7*01,none:none,1,0.000000,-,-,-,-,-,-,-,-,-,-,-
36,S%RASYE,2.3e-09,1,5,1.5e-09,1.0e+00,1.0e-03,1.0e+00,1.0e-03,1.5e-03,global-S%RASYE,CASSVRASYEQYF,TRBV19*01,TRBJ1-2*01,none:none,1,0.000000,-,-,-,-,-,-,-,-,-,-,-
36,S%RASYE,2.3e-09,1,5,1.5e-09,1.0e+00,1.0e-03,1.0e+00,1.0e-03,1.5e-03,global-S%RASYE,CASSLRASYEQYF,TRBV19*01,TRBJ2-7*01,none:none,1,0.000000,-,-,-,-,-,-,-,-,-,-,-
36,S%RASYE,2.3e-09,1,5,1.5e-09,1.0e+00,1.0e-03,1.0e+00,1.0e-03,1.5e-03,global-S%RASYE,CASSSRASYEQYF,TRBV19*01,TRBJ2-7*01,none:none,1,0.000000,-,-,-,-,-,-,-,-,-,-,-
36,S%RASYE,2.3e-09,1,5,1.5e-09,1.0e+00,1.0e-03,1.0e+00,1.0e-03,1.5e-03,global-S%RASYE,CASSSRASYEQYF,TRBV19*01,TRBJ2-7*01,none:none,1,0.000000,-,-,-,-,-,-,-,-,-,-,-
36,S%RASYE,2.3e-09,1,5,1.5e-09,1.0e+00,1.0e-03,1.0e+00,1.0e-03,1.5e-03,global-S%RASYE,CASSSRASYEQYF,TRBV19*01,TRBJ2-7*01,none:none,1,0.000000,-,-,-,-,-,-,-,-,-,-,-
36,S%RASYE,2.3e-09,1,5,1.5e-09,1.0e+00,1.0e-03,1.0e+00,1.0e-03,1.5e-03,global-S%RASYE,CASSQRASYEQYF,TRBV19*01,TRBJ2-7*01,none:none,1,0.000000,-,-,-,-,-,-,-,-,-,-,-

37,SIRS%DT,7.6e-09,1,4,2.3e-09,1.0e+00,1.0e-03,1.0e+00,1.0e-03,2.3e-03,global-SIRS%DT,CASSIRSTDTQYF,TRBV19*01,TRBJ2-3*01,none:none,1,0.000000,-,-,-,-,-,-,-,-,-,-,-
37,SIRS%DT,7.6e-09,1,4,2.3e-09,1.0e+00,1.0e-03,1.0e+00,1.0e-03,2.3e-03,global-SIRS%DT,CASSIRSTDTQYF,TRBV19*01,TRBJ2-3*01,none:none,1,0.000000,-,-,-,-,-,-,-,-,-,-,-
37,SIRS%DT,7.6e-09,1,4,2.3e-09,1.0e+00,1.0e-03,1.0e+00,1.0e-03,2.3e-03,global-SIRS%DT,CASSIRSTDTQYF,TRBV19*01,TRBJ2-3*01,none:none,1,0.000000,-,-,-,-,-,-,-,-,-,-,-
37,SIRS%DT,7.6e-09,1,4,2.3e-09,1.0e+00,1.0e-03,1.0e+00,1.0e-03,2.3e-03,global-SIRS%DT,CASSIRSTDTQYF,TRBV19*01,TRBJ2-3*01,none:none,1,0.000000,-,-,-,-,-,-,-,-,-,-,-
37,SIRS%DT,7.6e-09,1,4,2.3e-09,1.0e+00,1.0e-03,1.0e+00,1.0e-03,2.3e-03,global-SIRS%DT,CASSIRSTDTQYF,TRBV19*01,TRBJ2-3*01,none:none,1,0.000000,-,-,-,-,-,-,-,-,-,-,-
37,SIRS%DT,7.6e-09,1,4,2.3e-09,1.0e+00,1.0e-03,1.0e+00,1.0e-03,2.3e-03,global-SIRS%DT,CASSIRSTDTQYF,TRBV19*01,TRBJ2-3*01,none:none,1,0.000000,-,-,-,-,-,-,-,-,-,-,-
37,SIRS%DT,7.6e-09,1,4,2.3e-09,1.0e+00,1.0e-03,1.0e+00,1.0e-03,2.3e-03,global-SIRS%DT,CASSIRSTDTQYF,TRBV19*01,TRBJ2-3*01,none:none,1,0.000000,-,-,-,-,-,-,-,-,-,-,-
37,SIRS%DT,7.6e-09,1,4,2.3e-09,1.0e+00,1.0e-03,1.0e+00,1.0e-03,2.3e-03,global-SIRS%DT,CASSIRSADTQYF,TRBV19*01,TRBJ2-3*01,none:none,1,0.000000,-,-,-,-,-,-,-,-,-,-,-
37,SIRS%DT,7.6e-09,1,4,2.3e-09,1.0e+00,1.0e-03,1.0e+00,1.0e-03,2.3e-03,global-SIRS%DT,CACSIRSTDTQYF,TRBV19*01,TRBJ2-3*01,none:none,1,0.000000,-,-,-,-,-,-,-,-,-,-,-
37,SIRS%DT,7.6e-09,1,4,2.3e-09,1.0e+00,1.0e-03,1.0e+00,1.0e-03,2.3e-03,global-SIRS%DT,CASSIRSQDTQYF,TRBV19*01,TRBJ2-3*01,none:none,1,0.000000,-,-,-,-,-,-,-,-,-,-,-

38,S%RSAGE,2.3e-08,1,4,2.3e-09,1.0e+00,1.0e-03,1.0e+00,1.0e-03,2.3e-03,global-S%RSAGE,CASSSRSAGELFF,TRBV19*01,TRBJ2-2*01,none:none,1,0.000000,-,-,-,-,-,-,-,-,-,-,-
38,S%RSAGE,2.3e-08,1,4,2.3e-09,1.0e+00,1.0e-03,1.0e+00,1.0e-03,2.3e-03,global-S%RSAGE,CASSMRSAGELFF,TRBV19*01,TRBJ2-2*01,none:none,1,0.000000,-,-,-,-,-,-,-,-,-,-,-
38,S%RSAGE,2.3e-08,1,4,2.3e-09,1.0e+00,1.0e-03,1.0e+00,1.0e-03,2.3e-03,global-S%RSAGE,CASSGRSAGELFF,TRBV19*01,TRBJ2-2*01,none:none,1,0.000000,-,-,-,-,-,-,-,-,-,-,-
38,S%RSAGE,2.3e-08,1,4,2.3e-09,1.0e+00,1.0e-03,1.0e+00,1.0e-03,2.3e-03,global-S%RSAGE,CASSGRSAGELFF,TRBV19*01,TRBJ2-2*01,none:none,1,0.000000,-,-,-,-,-,-,-,-,-,-,-
38,S%RSAGE,2.3e-08,1,4,2.3e-09,1.0e+00,1.0e-03,1.0e+00,1.0e-03,2.3e-03,global-S%RSAGE,CASSLRSAGEQYF,TRBV19*01,TRBJ2-7*01,none:none,1,0.000000,-,-,-,-,-,-,-,-,-,-,-

39,SL%SATGE,2.3e-08,1,4,2.3e-09,1.0e+00,1.0e-03,1.0e+00,1.0e-03,2.3e-03,global-SL%SATGE,CASSLASATGELFF,TRBV28*01,TRBJ2-2*01,none:none,1,0.000000,-,-,-,-,-,-,-,-,-,-,-
39,SL%SATGE,2.3e-08,1,4,2.3e-09,1.0e+00,1.0e-03,1.0e+00,1.0e-03,2.3e-03,global-SL%SATGE,CASSLYSATGELFF,TRBV28*01,TRBJ2-2*01,none:none,1,0.000000,-,-,-,-,-,-,-,-,-,-,-
39,SL%SATGE,2.3e-08,1,4,2.3e-09,1.0e+00,1.0e-03,1.0e+00,1.0e-03,2.3e-03,global-SL%SATGE,CASSLYSATGELFF,TRBV28*01,TRBJ2-2*01,none:none,1,0.000000,-,-,-,-,-,-,-,-,-,-,-
39,SL%SATGE,2.3e-08,1,4,2.3e-09,1.0e+00,1.0e-03,1.0e+00,1.0e-03,2.3e-03,global-SL%SATGE,CASSLYSATGELFF,TRBV28*01,TRBJ2-2*01,none:none,1,0.000000,-,-,-,-,-,-,-,-,-,-,-
39,SL%SATGE,2.3e-08,1,4,2.3e-09,1.0e+00,1.0e-03,1.0e+00,1.0e-03,2.3e-03,global-SL%SATGE,CASSLYSATGELFF,TRBV28*01,TRBJ2-2*01,none:none,1,0.000000,-,-,-,-,-,-,-,-,-,-,-
39,SL%SATGE,2.3e-08,1,4,2.3e-09,1.0e+00,1.0e-03,1.0e+00,1.0e-03,2.3e-03,global-SL%SATGE,CASSLYSATGELFF,TRBV28*01,TRBJ2-2*01,none:none,1,0.000000,-,-,-,-,-,-,-,-,-,-,-
39,SL%SATGE,2.3e-08,1,4,2.3e-09,1.0e+00,1.0e-03,1.0e+00,1.0e-03,2.3e-03,global-SL%SATGE,CASSLYSATGELFF,TRBV28*01,TRBJ2-2*01,none:none,1,0.000000,-,-,-,-,-,-,-,-,-,-,-
39,SL%SATGE,2.3e-08,1,4,2.3e-09,1.0e+00,1.0e-03,1.0e+00,1.0e-03,2.3e-03,global-SL%SATGE,CASSLYSATGELFF,TRBV28*01,TRBJ2-2*01,none:none,1,0.000000,-,-,-,-,-,-,-,-,-,-,-
39,SL%SATGE,2.3e-08,1,4,2.3e-09,1.0e+00,1.0e-03,1.0e+00,1.0e-03,2.3e-03,global-SL%SATGE,CASSLYSATGELFF,TRBV28*01,TRBJ2-2*01,none:none,1,0.000000,-,-,-,-,-,-,-,-,-,-,-
39,SL%SATGE,2.3e-08,1,4,2.3e-09,1.0e+00,1.0e-03,1.0e+00,1.0e-03,2.3e-03,global-SL%SATGE,CASSLSSATGELFF,TRBV28*01,TRBJ2-2*01,none:none,1,0.000000,-,-,-,-,-,-,-,-,-,-,-
39,SL%SATGE,2.3e-08,1,4,2.3e-09,1.0e+00,1.0e-03,1.0e+00,1.0e-03,2.3e-03,global-SL%SATGE,CASSLTSATGELFF,TRBV28*01,TRBJ2-2*01,none:none,1,0.000000,-,-,-,-,-,-,-,-,-,-,-
39,SL%SATGE,2.3e-08,1,4,2.3e-09,1.0e+00,1.0e-03,1.0e+00,1.0e-03,2.3e-03,global-SL%SATGE,CASSLTSATGELFF,TRBV28*01,TRBJ2-2*01,none:none,1,0.000000,-,-,-,-,-,-,-,-,-,-,-

40,S%YSNQP,3.8e-08,1,6,1.2e-09,1.0e+00,1.0e-03,1.0e+00,1.0e-03,1.2e-03,global-S%YSNQP,CASSIYSNQPQHF,TRBV19*01,TRBJ1-5*01,none:none,1,0.000000,-,-,-,-,-,-,-,-,-,-,-
40,S%YSNQP,3.8e-08,1,6,1.2e-09,1.0e+00,1.0e-03,1.0e+00,1.0e-03,1.2e-03,global-S%YSNQP,CASSIYSNQPQHF,TRBV19*01,TRBJ1-5*01,none:none,1,0.000000,-,-,-,-,-,-,-,-,-,-,-
40,S%YSNQP,3.8e-08,1,6,1.2e-09,1.0e+00,1.0e-03,1.0e+00,1.0e-03,1.2e-03,global-S%YSNQP,CASSIYSNQPQHF,TRBV19*01,TRBJ1-5*01,none:none,1,0.000000,-,-,-,-,-,-,-,-,-,-,-
40,S%YSNQP,3.8e-08,1,6,1.2e-09,1.0e+00,1.0e-03,1.0e+00,1.0e-03,1.2e-03,global-S%YSNQP,CASSVYSNQPQHF,TRBV19*01,TRBJ1-5*01,none:none,1,0.000000,-,-,-,-,-,-,-,-,-,-,-
40,S%YSNQP,3.8e-08,1,6,1.2e-09,1.0e+00,1.0e-03,1.0e+00,1.0e-03,1.2e-03,global-S%YSNQP,CASSTYSNQPQHF,TRBV19*01,TRBJ1-5*01,none:none,1,0.000000,-,-,-,-,-,-,-,-,-,-,-
40,S%YSNQP,3.8e-08,1,6,1.2e-09,1.0e+00,1.0e-03,1.0e+00,1.0e-03,1.2e-03,global-S%YSNQP,CASSFYSNQPQHF,TRBV19*01,TRBJ1-5*01,none:none,1,0.000000,-,-,-,-,-,-,-,-,-,-,-
40,S%YSNQP,3.8e-08,1,6,1.2e-09,1.0e+00,1.0e-03,1.0e+00,1.0e-03,1.2e-03,global-S%YSNQP,CASSFYSNQPQHF,TRBV19*01,TRBJ1-5*01,none:none,1,0.000000,-,-,-,-,-,-,-,-,-,-,-
40,S%YSNQP,3.8e-08,1,6,1.2e-09,1.0e+00,1.0e-03,1.0e+00,1.0e-03,1.2e-03,global-S%YSNQP,CVSSLYSNQPQHF,TRBV19*01,TRBJ1-5*01,none:none,1,0.000000,-,-,-,-,-,-,-,-,-,-,-
40,S%YSNQP,3.8e-08,1,6,1.2e-09,1.0e+00,1.0e-03,1.0e+00,1.0e-03,1.2e-03,global-S%YSNQP,CAGSIYSNQPQHF,TRBV19*01,TRBJ1-5*01,none:none,1,0.000000,-,-,-,-,-,-,-,-,-,-,-

41,SIG%GE,5.3e-08,1,4,2.3e-09,1.0e+00,1.0e-03,1.0e+00,1.0e-03,2.3e-03,global-SIG%GE,CASSIGVGEAFF,TRBV19*01,TRBJ1-1*01,none:none,1,0.000000,-,-,-,-,-,-,-,-,-,-,-
41,SIG%GE,5.3e-08,1,4,2.3e-09,1.0e+00,1.0e-03,1.0e+00,1.0e-03,2.3e-03,global-SIG%GE,CASSIGLGEQYF,TRBV19*01,TRBJ2-7*01,none:none,1,0.000000,-,-,-,-,-,-,-,-,-,-,-
41,SIG%GE,5.3e-08,1,4,2.3e-09,1.0e+00,1.0e-03,1.0e+00,1.0e-03,2.3e-03,global-SIG%GE,CASSIGTGEQFF,TRBV19*01,TRBJ2-1*01,none:none,1,0.000000,-,-,-,-,-,-,-,-,-,-,-
41,SIG%GE,5.3e-08,1,4,2.3e-09,1.0e+00,1.0e-03,1.0e+00,1.0e-03,2.3e-03,global-SIG%GE,CASSIGIGEAFF,TRBV19*01,TRBJ1-1*01,none:none,1,0.000000,-,-,-,-,-,-,-,-,-,-,-

42,SARSS%E,5.3e-08,1,4,2.3e-09,1.0e+00,1.0e-03,1.0e+00,1.0e-03,2.3e-03,global-SARSS%E,CASSARSSGELFF,TRBV19*01,TRBJ2-2*01,none:none,1,0.000000,-,-,-,-,-,-,-,-,-,-,-
42,SARSS%E,5.3e-08,1,4,2.3e-09,1.0e+00,1.0e-03,1.0e+00,1.0e-03,2.3e-03,global-SARSS%E,CASSARSSGELFF,TRBV19*01,TRBJ2-2*01,none:none,1,0.000000,-,-,-,-,-,-,-,-,-,-,-
42,SARSS%E,5.3e-08,1,4,2.3e-09,1.0e+00,1.0e-03,1.0e+00,1.0e-03,2.3e-03,global-SARSS%E,CASSARSSTEQYF,TRBV19*01,TRBJ2-7*01,none:none,1,0.000000,-,-,-,-,-,-,-,-,-,-,-
42,SARSS%E,5.3e-08,1,4,2.3e-09,1.0e+00,1.0e-03,1.0e+00,1.0e-03,2.3e-03,global-SARSS%E,CASSARSSTEQYF,TRBV19*01,TRBJ2-7*01,none:none,1,0.000000,-,-,-,-,-,-,-,-,-,-,-
42,SARSS%E,5.3e-08,1,4,2.3e-09,1.0e+00,1.0e-03,1.0e+00,1.0e-03,2.3e-03,global-SARSS%E,CASSARSSTEQYF,TRBV19*01,TRBJ2-7*01,none:none,1,0.000000,-,-,-,-,-,-,-,-,-,-,-
42,SARSS%E,5.3e-08,1,4,2.3e-09,1.0e+00,1.0e-03,1.0e+00,1.0e-03,2.3e-03,global-SARSS%E,CASSARSSTEQYF,TRBV19*01,TRBJ2-7*01,none:none,1,0.000000,-,-,-,-,-,-,-,-,-,-,-
42,SARSS%E,5.3e-08,1,4,2.3e-09,1.0e+00,1.0e-03,1.0e+00,1.0e-03,2.3e-03,global-SARSS%E,CASSARSSNEQFF,TRBV19*01,TRBJ2-1*01,none:none,1,0.000000,-,-,-,-,-,-,-,-,-,-,-
42,SARSS%E,5.3e-08,1,4,2.3e-09,1.0e+00,1.0e-03,1.0e+00,1.0e-03,2.3e-03,global-SARSS%E,CASSARSSYEQYF,TRBV19*01,TRBJ2-7*01,none:none,1,0.000000,-,-,-,-,-,-,-,-,-,-,-
42,SARSS%E,5.3e-08,1,4,2.3e-09,1.0e+00,1.0e-03,1.0e+00,1.0e-03,2.3e-03,global-SARSS%E,CASSARSSYEQYF,TRBV19*01,TRBJ2-7*01,none:none,1,0.000000,-,-,-,-,-,-,-,-,-,-,-
42,SARSS%E,5.3e-08,1,4,2.3e-09,1.0e+00,1.0e-03,1.0e+00,1.0e-03,2.3e-03,global-SARSS%E,CASSARSSYEQYF,TRBV19*01,TRBJ2-7*01,none:none,1,0.000000,-,-,-,-,-,-,-,-,-,-,-
42,SARSS%E,5.3e-08,1,4,2.3e-09,1.0e+00,1.0e-03,1.0e+00,1.0e-03,2.3e-03,global-SARSS%E,CASSARSSYEQYF,TRBV19*01,TRBJ2-7*01,none:none,1,0.000000,-,-,-,-,-,-,-,-,-,-,-
42,SARSS%E,5.3e-08,1,4,2.3e-09,1.0e+00,1.0e-03,1.0e+00,1.0e-03,2.3e-03,global-SARSS%E,CASSARSSYEQYF,TRBV19*01,TRBJ2-7*01,none:none,1,0.000000,-,-,-,-,-,-,-,-,-,-,-
42,SARSS%E,5.3e-08,1,4,2.3e-09,1.0e+00,1.0e-03,1.0e+00,1.0e-03,2.3e-03,global-SARSS%E,CASSARSSYEQYF,TRBV19*01,TRBJ2-7*01,none:none,1,0.000000,-,-,-,-,-,-,-,-,-,-,-
42,SARSS%E,5.3e-08,1,4,2.3e-09,1.0e+00,1.0e-03,1.0e+00,1.0e-03,2.3e-03,global-SARSS%E,CASSARSSYEQYF,TRBV19*01,TRBJ2-7*01,none:none,1,0.000000,-,-,-,-,-,-,-,-,-,-,-
42,SARSS%E,5.3e-08,1,4,2.3e-09,1.0e+00,1.0e-03,1.0e+00,1.0e-03,2.3e-03,global-SARSS%E,CASSARSSYEQYF,TRBV19*01,TRBJ2-7*01,none:none,1,0.000000,-,-,-,-,-,-,-,-,-,-,-
42,SARSS%E,5.3e-08,1,4,2.3e-09,1.0e+00,1.0e-03,1.0e+00,1.0e-03,2.3e-03,global-SARSS%E,CASSARSSYEQYF,TRBV19*01,TRBJ2-7*01,none:none,1,0.000000,-,-,-,-,-,-,-,-,-,-,-
42,SARSS%E,5.3e-08,1,4,2.3e-09,1.0e+00,1.0e-03,1.0e+00,1.0e-03,2.3e-03,global-SARSS%E,CASSARSSYEQYF,TRBV19*01,TRBJ2-7*01,none:none,1,0.000000,-,-,-,-,-,-,-,-,-,-,-
42,SARSS%E,5.3e-08,1,4,2.3e-09,1.0e+00,1.0e-03,1.0e+00,1.0e-03,2.3e-03,global-SARSS%E,CASSARSSYEQYF,TRBV19*01,TRBJ2-7*01,none:none,1,0.000000,-,-,-,-,-,-,-,-,-,-,-
42,SARSS%E,5.3e-08,1,4,2.3e-09,1.0e+00,1.0e-03,1.0e+00,1.0e-03,2.3e-03,global-SARSS%E,CASSARSSYEQYF,TRBV19*01,TRBJ2-7*01,none:none,1,0.000000,-,-,-,-,-,-,-,-,-,-,-

43,RS%AE,5.5e-08,1,5,1.5e-09,1.0e+00,1.0e-03,1.0e+00,1.0e-03,1.5e-03,global-RS%AE,CASRSGAETFF,TRBV19*01,TRBJ1-1*01,none:none,1,0.000000,-,-,-,-,-,-,-,-,-,-,-
43,RS%AE,5.5e-08,1,5,1.5e-09,1.0e+00,1.0e-03,1.0e+00,1.0e-03,1.5e-03,global-RS%AE,CASRSSAEAFF,TRBV19*01,TRBJ1-1*01,none:none,1,0.000000,-,-,-,-,-,-,-,-,-,-,-
43,RS%AE,5.5e-08,1,5,1.5e-09,1.0e+00,1.0e-03,1.0e+00,1.0e-03,1.5e-03,global-RS%AE,CASRSVAEAFF,TRBV19*01,TRBJ1-1*01,none:none,1,0.000000,-,-,-,-,-,-,-,-,-,-,-
43,RS%AE,5.5e-08,1,5,1.5e-09,1.0e+00,1.0e-03,1.0e+00,1.0e-03,1.5e-03,global-RS%AE,CASRSGAEVFF,TRBV19*01,TRBJ1-1*01,none:none,1,0.000000,-,-,-,-,-,-,-,-,-,-,-
43,RS%AE,5.5e-08,1,5,1.5e-09,1.0e+00,1.0e-03,1.0e+00,1.0e-03,1.5e-03,global-RS%AE,CASRSGAEALF,TRBV19*01,TRBJ1-1*01,none:none,1,0.000000,-,-,-,-,-,-,-,-,-,-,-

44,%SGAE,1.8e-07,1,5,5.8e-09,1.0e+00,4.0e-03,1.0e+00,1.0e-03,1.5e-03,global-%SGAE,CASRSGAETFF,TRBV19*01,TRBJ1-1*01,none:none,1,0.000000,-,-,-,-,-,-,-,-,-,-,-
44,%SGAE,1.8e-07,1,5,5.8e-09,1.0e+00,4.0e-03,1.0e+00,1.0e-03,1.5e-03,global-%SGAE,CASSSGAEAFF,TRBV7-9*01,TRBJ1-1*01,none:none,1,0.000000,-,-,-,-,-,-,-,-,-,-,-
44,%SGAE,1.8e-07,1,5,5.8e-09,1.0e+00,4.0e-03,1.0e+00,1.0e-03,1.5e-03,global-%SGAE,CASGSGAEAFF,TRBV19*01,TRBJ1-1*01,none:none,1,0.000000,-,-,-,-,-,-,-,-,-,-,-
44,%SGAE,1.8e-07,1,5,5.8e-09,1.0e+00,4.0e-03,1.0e+00,1.0e-03,1.5e-03,global-%SGAE,CASRSGAEVFF,TRBV19*01,TRBJ1-1*01,none:none,1,0.000000,-,-,-,-,-,-,-,-,-,-,-
44,%SGAE,1.8e-07,1,5,5.8e-09,1.0e+00,4.0e-03,1.0e+00,1.0e-03,1.5e-03,global-%SGAE,CASRSGAEALF,TRBV19*01,TRBJ1-1*01,none:none,1,0.000000,-,-,-,-,-,-,-,-,-,-,-

45,SQG%YG,1.8e-07,1,5,1.5e-09,1.0e+00,1.0e-03,1.0e+00,1.0e-03,1.5e-03,global-SQG%YG,CTSSQGSYGYTF,TRBV7-2*01,TRBJ1-2*01,none:none,1,0.000000,-,-,-,-,-,-,-,-,-,-,-
45,SQG%YG,1.8e-07,1,5,1.5e-09,1.0e+00,1.0e-03,1.0e+00,1.0e-03,1.5e-03,global-SQG%YG,CASSQGAYGYTF,TRBV19*01,TRBJ1-2*01,none:none,1,0.000000,-,-,-,-,-,-,-,-,-,-,-
45,SQG%YG,1.8e-07,1,5,1.5e-09,1.0e+00,1.0e-03,1.0e+00,1.0e-03,1.5e-03,global-SQG%YG,CASSQGAYGYTF,TRBV19*01,TRBJ1-2*01,none:none,1,0.000000,-,-,-,-,-,-,-,-,-,-,-
45,SQG%YG,1.8e-07,1,5,1.5e-09,1.0e+00,1.0e-03,1.0e+00,1.0e-03,1.5e-03,global-SQG%YG,CASSQGAYGYTF,TRBV19*01,TRBJ1-2*01,none:none,1,0.000000,-,-,-,-,-,-,-,-,-,-,-
45,SQG%YG,1.8e-07,1,5,1.5e-09,1.0e+00,1.0e-03,1.0e+00,1.0e-03,1.5e-03,global-SQG%YG,CASSQGAYGYTF,TRBV19*01,TRBJ1-2*01,none:none,1,0.000000,-,-,-,-,-,-,-,-,-,-,-
45,SQG%YG,1.8e-07,1,5,1.5e-09,1.0e+00,1.0e-03,1.0e+00,1.0e-03,1.5e-03,global-SQG%YG,CASSQGAYGYTF,TRBV19*01,TRBJ1-2*01,none:none,1,0.000000,-,-,-,-,-,-,-,-,-,-,-
45,SQG%YG,1.8e-07,1,5,1.5e-09,1.0e+00,1.0e-03,1.0e+00,1.0e-03,1.5e-03,global-SQG%YG,CASSQGNYGYTF,TRBV19*01,TRBJ1-2*01,none:none,1,0.000000,-,-,-,-,-,-,-,-,-,-,-
45,SQG%YG,1.8e-07,1,5,1.5e-09,1.0e+00,1.0e-03,1.0e+00,1.0e-03,1.5e-03,global-SQG%YG,CASSQGFYGYTF,TRBV19*01,TRBJ1-2*01,none:none,1,0.000000,-,-,-,-,-,-,-,-,-,-,-
45,SQG%YG,1.8e-07,1,5,1.5e-09,1.0e+00,1.0e-03,1.0e+00,1.0e-03,1.5e-03,global-SQG%YG,CASSQGSYGYTF,TRBV19*01,TRBJ1-2*01,none:none,1,0.000000,-,-,-,-,-,-,-,-,-,-,-

46,S%TGLGQP,1.9e-07,1,4,7.0e-07,1.0e+00,3.0e-01,1.0e+00,1.0e-03,2.3e-03,global-S%TGLGQP,CASSLTGLGQPQHF,TRBV28*01,TRBJ1-5*01,none:none,1,0.000000,-,-,-,-,-,-,-,-,-,-,-
46,S%TGLGQP,1.9e-07,1,4,7.0e-07,1.0e+00,3.0e-01,1.0e+00,1.0e-03,2.3e-03,global-S%TGLGQP,CASSFTGLGQPQHF,TRBV7-2*01,TRBJ1-5*01,none:none,1,0.000000,-,-,-,-,-,-,-,-,-,-,-
46,S%TGLGQP,1.9e-07,1,4,7.0e-07,1.0e+00,3.0e-01,1.0e+00,1.0e-03,2.3e-03,global-S%TGLGQP,CSASRTGLGQPQHF,TRBV20-1*01,TRBJ1-5*01,none:none,1,0.000000,-,-,-,-,-,-,-,-,-,-,-
46,S%TGLGQP,1.9e-07,1,4,7.0e-07,1.0e+00,3.0e-01,1.0e+00,1.0e-03,2.3e-03,global-S%TGLGQP,CASSHTGLGQPQHF,TRBV14*01,TRBJ1-5*01,none:none,1,0.000000,-,-,-,-,-,-,-,-,-,-,-

47,SIGV%G,2.4e-07,1,3,6.2e-09,1.0e+00,1.0e-03,1.0e+00,1.0e-03,6.2e-03,global-SIGV%G,CASSIGVYGYTF,TRBV19*01,TRBJ1-2*01,none:none,1,0.000000,-,-,-,-,-,-,-,-,-,-,-
47,SIGV%G,2.4e-07,1,3,6.2e-09,1.0e+00,1.0e-03,1.0e+00,1.0e-03,6.2e-03,global-SIGV%G,CASSIGVYGYTF,TRBV19*01,TRBJ1-2*01,none:none,1,0.000000,-,-,-,-,-,-,-,-,-,-,-
47,SIGV%G,2.4e-07,1,3,6.2e-09,1.0e+00,1.0e-03,1.0e+00,1.0e-03,6.2e-03,global-SIGV%G,CASSIGVYGYTF,TRBV19*01,TRBJ1-2*01,none:none,1,0.000000,-,-,-,-,-,-,-,-,-,-,-
47,SIGV%G,2.4e-07,1,3,6.2e-09,1.0e+00,1.0e-03,1.0e+00,1.0e-03,6.2e-03,global-SIGV%G,CASSIGVHGYTF,TRBV19*01,TRBJ1-2*01,none:none,1,0.000000,-,-,-,-,-,-,-,-,-,-,-
47,SIGV%G,2.4e-07,1,3,6.2e-09,1.0e+00,1.0e-03,1.0e+00,1.0e-03,6.2e-03,global-SIGV%G,CASSIGVHGYTF,TRBV19*01,TRBJ1-2*01,none:none,1,0.000000,-,-,-,-,-,-,-,-,-,-,-
47,SIGV%G,2.4e-07,1,3,6.2e-09,1.0e+00,1.0e-03,1.0e+00,1.0e-03,6.2e-03,global-SIGV%G,CASSIGVHGYTF,TRBV19*01,TRBJ1-2*01,none:none,1,0.000000,-,-,-,-,-,-,-,-,-,-,-
47,SIGV%G,2.4e-07,1,3,6.2e-09,1.0e+00,1.0e-03,1.0e+00,1.0e-03,6.2e-03,global-SIGV%G,CASSIGVHGYTF,TRBV19*01,TRBJ1-2*01,none:none,1,0.000000,-,-,-,-,-,-,-,-,-,-,-
47,SIGV%G,2.4e-07,1,3,6.2e-09,1.0e+00,1.0e-03,1.0e+00,1.0e-03,6.2e-03,global-SIGV%G,CASSIGVWGYTF,TRBV19*01,TRBJ1-2*01,none:none,1,0.000000,-,-,-,-,-,-,-,-,-,-,-

48,S%RSAHE,2.4e-07,1,3,6.2e-09,1.0e+00,1.0e-03,1.0e+00,1.0e-03,6.2e-03,global-S%RSAHE,CASSIRSAHEQFF,TRBV19*01,TRBJ2-1*01,none:none,1,0.000000,-,-,-,-,-,-,-,-,-,-,-
48,S%RSAHE,2.4e-07,1,3,6.2e-09,1.0e+00,1.0e-03,1.0e+00,1.0e-03,6.2e-03,global-S%RSAHE,CASSIRSAHEAFF,TRBV19*01,TRBJ1-1*01,none:none,1,0.000000,-,-,-,-,-,-,-,-,-,-,-
48,S%RSAHE,2.4e-07,1,3,6.2e-09,1.0e+00,1.0e-03,1.0e+00,1.0e-03,6.2e-03,global-S%RSAHE,CASSMRSAHEQYF,TRBV19*01,TRBJ2-7*01,none:none,1,0.000000,-,-,-,-,-,-,-,-,-,-,-

49,S%GMGQP,2.4e-07,1,3,1.2e-06,1.0e+00,1.9e-01,1.0e+00,1.0e-03,6.2e-03,global-S%GMGQP,CASSLGMGQPQHF,TRBV19*01,TRBJ1-5*01,none:none,1,0.000000,-,-,-,-,-,-,-,-,-,-,-
49,S%GMGQP,2.4e-07,1,3,1.2e-06,1.0e+00,1.9e-01,1.0e+00,1.0e-03,6.2e-03,global-S%GMGQP,CASSYGMGQPQHF,TRBV6-3*01,TRBJ1-5*01,none:none,1,0.000000,-,-,-,-,-,-,-,-,-,-,-
49,S%GMGQP,2.4e-07,1,3,1.2e-06,1.0e+00,1.9e-01,1.0e+00,1.0e-03,6.2e-03,global-S%GMGQP,CATSGGMGQPQHF,TRBV15*01,TRBJ1-5*01,none:none,1,0.000000,-,-,-,-,-,-,-,-,-,-,-

50,SIY%NQP,2.4e-07,1,3,6.2e-09,1.0e+00,1.0e-03,1.0e+00,1.0e-03,6.2e-03,global-SIY%NQP,CASSIYNNQPQHF,TRBV19*01,TRBJ1-5*01,none:none,1,0.000000,-,-,-,-,-,-,-,-,-,-,-
50,SIY%NQP,2.4e-07,1,3,6.2e-09,1.0e+00,1.0e-03,1.0e+00,1.0e-03,6.2e-03,global-SIY%NQP,CAGSIYSNQPQHF,TRBV19*01,TRBJ1-5*01,none:none,1,0.000000,-,-,-,-,-,-,-,-,-,-,-
50,SIY%NQP,2.4e-07,1,3,6.2e-09,1.0e+00,1.0e-03,1.0e+00,1.0e-03,6.2e-03,global-SIY%NQP,CASSIYSNQPQHF,TRBV19*01,TRBJ1-5*01,none:none,1,0.000000,-,-,-,-,-,-,-,-,-,-,-
50,SIY%NQP,2.4e-07,1,3,6.2e-09,1.0e+00,1.0e-03,1.0e+00,1.0e-03,6.2e-03,global-SIY%NQP,CASSIYSNQPQHF,TRBV19*01,TRBJ1-5*01,none:none,1,0.000000,-,-,-,-,-,-,-,-,-,-,-
50,SIY%NQP,2.4e-07,1,3,6.2e-09,1.0e+00,1.0e-03,1.0e+00,1.0e-03,6.2e-03,global-SIY%NQP,CASSIYSNQPQHF,TRBV19*01,TRBJ1-5*01,none:none,1,0.000000,-,-,-,-,-,-,-,-,-,-,-

51,SIRS%TE,2.4e-07,1,3,6.2e-09,1.0e+00,1.0e-03,1.0e+00,1.0e-03,6.2e-03,global-SIRS%TE,CASSIRSNTEAFF,TRBV19*01,TRBJ1-1*01,none:none,1,0.000000,-,-,-,-,-,-,-,-,-,-,-
51,SIRS%TE,2.4e-07,1,3,6.2e-09,1.0e+00,1.0e-03,1.0e+00,1.0e-03,6.2e-03,global-SIRS%TE,CASSIRSNTEAFF,TRBV19*01,TRBJ1-1*01,none:none,1,0.000000,-,-,-,-,-,-,-,-,-,-,-
51,SIRS%TE,2.4e-07,1,3,6.2e-09,1.0e+00,1.0e-03,1.0e+00,1.0e-03,6.2e-03,global-SIRS%TE,CASSIRSGTEAFF,TRBV19*01,TRBJ1-1*01,none:none,1,0.000000,-,-,-,-,-,-,-,-,-,-,-
51,SIRS%TE,2.4e-07,1,3,6.2e-09,1.0e+00,1.0e-03,1.0e+00,1.0e-03,6.2e-03,global-SIRS%TE,CASSIRSTTEAFF,TRBV19*01,TRBJ1-1*01,none:none,1,0.000000,-,-,-,-,-,-,-,-,-,-,-
51,SIRS%TE,2.4e-07,1,3,6.2e-09,1.0e+00,1.0e-03,1.0e+00,1.0e-03,6.2e-03,global-SIRS%TE,CASSIRSTTEAFF,TRBV19*01,TRBJ1-1*01,none:none,1,0.000000,-,-,-,-,-,-,-,-,-,-,-

52,SIRS%VE,2.4e-07,1,3,6.2e-09,1.0e+00,1.0e-03,1.0e+00,1.0e-03,6.2e-03,global-SIRS%VE,CASSIRSGVEQYF,TRBV19*01,TRBJ2-7*01,none:none,1,0.000000,-,-,-,-,-,-,-,-,-,-,-
52,SIRS%VE,2.4e-07,1,3,6.2e-09,1.0e+00,1.0e-03,1.0e+00,1.0e-03,6.2e-03,global-SIRS%VE,CASSIRSGVEQYF,TRBV19*01,TRBJ2-7*01,none:none,1,0.000000,-,-,-,-,-,-,-,-,-,-,-
52,SIRS%VE,2.4e-07,1,3,6.2e-09,1.0e+00,1.0e-03,1.0e+00,1.0e-03,6.2e-03,global-SIRS%VE,CASSIRSQVEQFF,TRBV19*01,TRBJ2-1*01,none:none,1,0.000000,-,-,-,-,-,-,-,-,-,-,-
52,SIRS%VE,2.4e-07,1,3,6.2e-09,1.0e+00,1.0e-03,1.0e+00,1.0e-03,6.2e-03,global-SIRS%VE,CASSIRSTVEQFF,TRBV19*01,TRBJ2-1*01,none:none,1,0.000000,-,-,-,-,-,-,-,-,-,-,-

53,SIRSN%E,2.4e-07,1,3,6.2e-09,1.0e+00,1.0e-03,1.0e+00,1.0e-03,6.2e-03,global-SIRSN%E,CASSIRSNTEAFF,TRBV19*01,TRBJ1-1*01,none:none,1,0.000000,-,-,-,-,-,-,-,-,-,-,-
53,SIRSN%E,2.4e-07,1,3,6.2e-09,1.0e+00,1.0e-03,1.0e+00,1.0e-03,6.2e-03,global-SIRSN%E,CASSIRSNTEAFF,TRBV19*01,TRBJ1-1*01,none:none,1,0.000000,-,-,-,-,-,-,-,-,-,-,-
53,SIRSN%E,2.4e-07,1,3,6.2e-09,1.0e+00,1.0e-03,1.0e+00,1.0e-03,6.2e-03,global-SIRSN%E,CASSIRSNGEQFF,TRBV19*01,TRBJ2-1*01,none:none,1,0.000000,-,-,-,-,-,-,-,-,-,-,-
53,SIRSN%E,2.4e-07,1,3,6.2e-09,1.0e+00,1.0e-03,1.0e+00,1.0e-03,6.2e-03,global-SIRSN%E,CASSIRSNNEQFF,TRBV19*01,TRBJ2-1*01,none:none,1,0.000000,-,-,-,-,-,-,-,-,-,-,-

54,STRST%E,2.4e-07,1,3,6.2e-09,1.0e+00,1.0e-03,1.0e+00,1.0e-03,6.2e-03,global-STRST%E,CASSTRSTVEQYF,TRBV19*01,TRBJ2-7*01,none:none,1,0.000000,-,-,-,-,-,-,-,-,-,-,-
54,STRST%E,2.4e-07,1,3,6.2e-09,1.0e+00,1.0e-03,1.0e+00,1.0e-03,6.2e-03,global-STRST%E,CASSTRSTGELFF,TRBV19*01,TRBJ2-2*01,none:none,1,0.000000,-,-,-,-,-,-,-,-,-,-,-
54,STRST%E,2.4e-07,1,3,6.2e-09,1.0e+00,1.0e-03,1.0e+00,1.0e-03,6.2e-03,global-STRST%E,CASSTRSTGELFF,TRBV19*01,TRBJ2-2*01,none:none,1,0.000000,-,-,-,-,-,-,-,-,-,-,-
54,STRST%E,2.4e-07,1,3,6.2e-09,1.0e+00,1.0e-03,1.0e+00,1.0e-03,6.2e-03,global-STRST%E,CASSTRSTHEQYF,TRBV19*01,TRBJ2-7*01,none:none,1,0.000000,-,-,-,-,-,-,-,-,-,-,-

55,SIRAA%E,2.4e-07,1,3,6.2e-09,1.0e+00,1.0e-03,1.0e+00,1.0e-03,6.2e-03,global-SIRAA%E,CASSIRAAYEQYF,TRBV19*01,TRBJ2-7*01,none:none,1,0.000000,-,-,-,-,-,-,-,-,-,-,-
55,SIRAA%E,2.4e-07,1,3,6.2e-09,1.0e+00,1.0e-03,1.0e+00,1.0e-03,6.2e-03,global-SIRAA%E,CASSIRAAYEQYF,TRBV19*01,TRBJ2-7*01,none:none,1,0.000000,-,-,-,-,-,-,-,-,-,-,-
55,SIRAA%E,2.4e-07,1,3,6.2e-09,1.0e+00,1.0e-03,1.0e+00,1.0e-03,6.2e-03,global-SIRAA%E,CASSIRAAGELFF,TRBV19*01,TRBJ2-2*01,none:none,1,0.000000,-,-,-,-,-,-,-,-,-,-,-
55,SIRAA%E,2.4e-07,1,3,6.2e-09,1.0e+00,1.0e-03,1.0e+00,1.0e-03,6.2e-03,global-SIRAA%E,CASSIRAAAEAFF,TRBV19*01,TRBJ1-1*01,none:none,1,0.000000,-,-,-,-,-,-,-,-,-,-,-

56,SMRSG%E,2.4e-07,1,3,6.2e-09,1.0e+00,1.0e-03,1.0e+00,1.0e-03,6.2e-03,global-SMRSG%E,CASSMRSGSEQFF,TRBV19*01,TRBJ2-1*01,none:none,1,0.000000,-,-,-,-,-,-,-,-,-,-,-
56,SMRSG%E,2.4e-07,1,3,6.2e-09,1.0e+00,1.0e-03,1.0e+00,1.0e-03,6.2e-03,global-SMRSG%E,CASSMRSGSEHYF,TRBV19*01,TRBJ2-7*01,none:none,1,0.000000,-,-,-,-,-,-,-,-,-,-,-
56,SMRSG%E,2.4e-07,1,3,6.2e-09,1.0e+00,1.0e-03,1.0e+00,1.0e-03,6.2e-03,global-SMRSG%E,CASSMRSGIEQYF,TRBV19*01,TRBJ2-7*01,none:none,1,0.000000,-,-,-,-,-,-,-,-,-,-,-

57,SF%GLGQP,2.4e-07,1,3,6.2e-07,1.0e+00,1.0e-01,1.0e+00,1.0e-03,6.2e-03,global-SF%GLGQP,CASSFQGLGQPQHF,TRBV28*01,TRBJ1-5*01,none:none,1,0.000000,-,-,-,-,-,-,-,-,-,-,-
57,SF%GLGQP,2.4e-07,1,3,6.2e-07,1.0e+00,1.0e-01,1.0e+00,1.0e-03,6.2e-03,global-SF%GLGQP,CASSFQGLGQPQHF,TRBV27*01,TRBJ1-5*01,none:none,1,0.000000,-,-,-,-,-,-,-,-,-,-,-
57,SF%GLGQP,2.4e-07,1,3,6.2e-07,1.0e+00,1.0e-01,1.0e+00,1.0e-03,6.2e-03,global-SF%GLGQP,CASSFQGLGQPQHF,TRBV28*01,TRBJ1-5*01,none:none,1,0.000000,-,-,-,-,-,-,-,-,-,-,-
57,SF%GLGQP,2.4e-07,1,3,6.2e-07,1.0e+00,1.0e-01,1.0e+00,1.0e-03,6.2e-03,global-SF%GLGQP,CASSFTGLGQPQHF,TRBV7-2*01,TRBJ1-5*01,none:none,1,0.000000,-,-,-,-,-,-,-,-,-,-,-
57,SF%GLGQP,2.4e-07,1,3,6.2e-07,1.0e+00,1.0e-01,1.0e+00,1.0e-03,6.2e-03,global-SF%GLGQP,CASSFRGLGQPQHF,TRBV5-6*01,TRBJ1-5*01,none:none,1,0.000000,-,-,-,-,-,-,-,-,-,-,-

58,SPVAG%PHE,2.4e-07,1,3,3.7e-08,1.0e+00,6.0e-03,1.0e+00,1.0e-03,6.2e-03,global-SPVAG%PHE,CTSSPVAGAPHEQYF,TRBV7-2*01,TRBJ2-7*01,none:none,1,0.000000,-,-,-,-,-,-,-,-,-,-,-
58,SPVAG%PHE,2.4e-07,1,3,3.7e-08,1.0e+00,6.0e-03,1.0e+00,1.0e-03,6.2e-03,global-SPVAG%PHE,CASSPVAGTPHEQYF,TRBV27*01,TRBJ2-7*01,none:none,1,0.000000,-,-,-,-,-,-,-,-,-,-,-
58,SPVAG%PHE,2.4e-07,1,3,3.7e-08,1.0e+00,6.0e-03,1.0e+00,1.0e-03,6.2e-03,global-SPVAG%PHE,CANSPVAGAPHEQYF,TRBV27*01,TRBJ2-7*01,none:none,1,0.000000,-,-,-,-,-,-,-,-,-,-,-

59,SPVAGAPH%,2.4e-07,1,3,6.8e-08,1.0e+00,1.1e-02,1.0e+00,1.0e-03,6.2e-03,global-SPVAGAPH%,CTSSPVAGAPHEQYF,TRBV7-2*01,TRBJ2-7*01,none:none,1,0.000000,-,-,-,-,-,-,-,-,-,-,-
59,SPVAGAPH%,2.4e-07,1,3,6.8e-08,1.0e+00,1.1e-02,1.0e+00,1.0e-03,6.2e-03,global-SPVAGAPH%,CASSPVAGAPHKQYF,TRBV27*01,TRBJ2-7*01,none:none,1,0.000000,-,-,-,-,-,-,-,-,-,-,-
59,SPVAGAPH%,2.4e-07,1,3,6.8e-08,1.0e+00,1.1e-02,1.0e+00,1.0e-03,6.2e-03,global-SPVAGAPH%,CANSPVAGAPHEQYF,TRBV27*01,TRBJ2-7*01,none:none,1,0.000000,-,-,-,-,-,-,-,-,-,-,-

60,S%RSNQP,3.1e-07,1,4,2.3e-09,1.0e+00,1.0e-03,1.0e+00,1.0e-03,2.3e-03,global-S%RSNQP,CASSTRSNQPQHF,TRBV19*01,TRBJ1-5*01,none:none,1,0.000000,-,-,-,-,-,-,-,-,-,-,-
60,S%RSNQP,3.1e-07,1,4,2.3e-09,1.0e+00,1.0e-03,1.0e+00,1.0e-03,2.3e-03,global-S%RSNQP,CASSRRSNQPQHF,TRBV19*01,TRBJ1-5*01,none:none,1,0.000000,-,-,-,-,-,-,-,-,-,-,-
60,S%RSNQP,3.1e-07,1,4,2.3e-09,1.0e+00,1.0e-03,1.0e+00,1.0e-03,2.3e-03,global-S%RSNQP,CASSARSNQPQHF,TRBV19*01,TRBJ1-5*01,none:none,1,0.000000,-,-,-,-,-,-,-,-,-,-,-
60,S%RSNQP,3.1e-07,1,4,2.3e-09,1.0e+00,1.0e-03,1.0e+00,1.0e-03,2.3e-03,global-S%RSNQP,CASSIRSNQPQHF,TRBV19*01,TRBJ1-5*01,none:none,1,0.000000,-,-,-,-,-,-,-,-,-,-,-

61,SVR%SYE,4.9e-07,1,4,2.3e-09,1.0e+00,1.0e-03,1.0e+00,1.0e-03,2.3e-03,global-SVR%SYE,CVSSVRSSYEQYF,TRBV19*01,TRBJ2-7*01,none:none,1,0.000000,-,-,-,-,-,-,-,-,-,-,-
61,SVR%SYE,4.9e-07,1,4,2.3e-09,1.0e+00,1.0e-03,1.0e+00,1.0e-03,2.3e-03,global-SVR%SYE,CASSVRASYEQYF,TRBV19*01,TRBJ1-2*01,none:none,1,0.000000,-,-,-,-,-,-,-,-,-,-,-
61,SVR%SYE,4.9e-07,1,4,2.3e-09,1.0e+00,1.0e-03,1.0e+00,1.0e-03,2.3e-03,global-SVR%SYE,CATSVRSSYEQYF,TRBV24-1*01,TRBJ2-7*01,none:none,1,0.000000,-,-,-,-,-,-,-,-,-,-,-
61,SVR%SYE,4.9e-07,1,4,2.3e-09,1.0e+00,1.0e-03,1.0e+00,1.0e-03,2.3e-03,global-SVR%SYE,CASSVRSSYEQYF,TRBV19*01,TRBJ2-7*01,none:none,1,0.000000,-,-,-,-,-,-,-,-,-,-,-
61,SVR%SYE,4.9e-07,1,4,2.3e-09,1.0e+00,1.0e-03,1.0e+00,1.0e-03,2.3e-03,global-SVR%SYE,CASSVRSSYEQYF,TRBV19*01,TRBJ2-7*01,none:none,1,0.000000,-,-,-,-,-,-,-,-,-,-,-
61,SVR%SYE,4.9e-07,1,4,2.3e-09,1.0e+00,1.0e-03,1.0e+00,1.0e-03,2.3e-03,global-SVR%SYE,CASSVRSSYEQYF,TRBV19*01,TRBJ2-7*01,none:none,1,0.000000,-,-,-,-,-,-,-,-,-,-,-
61,SVR%SYE,4.9e-07,1,4,2.3e-09,1.0e+00,1.0e-03,1.0e+00,1.0e-03,2.3e-03,global-SVR%SYE,CASSVRSSYEQYF,TRBV19*01,TRBJ2-7*01,none:none,1,0.000000,-,-,-,-,-,-,-,-,-,-,-
61,SVR%SYE,4.9e-07,1,4,2.3e-09,1.0e+00,1.0e-03,1.0e+00,1.0e-03,2.3e-03,global-SVR%SYE,CASSVRSSYEQYF,TRBV19*01,TRBJ2-7*01,none:none,1,0.000000,-,-,-,-,-,-,-,-,-,-,-
61,SVR%SYE,4.9e-07,1,4,2.3e-09,1.0e+00,1.0e-03,1.0e+00,1.0e-03,2.3e-03,global-SVR%SYE,CASSVRSSYEQYF,TRBV19*01,TRBJ2-7*01,none:none,1,0.000000,-,-,-,-,-,-,-,-,-,-,-

62,SSV%E,6.9e-07,1,5,1.4e-07,1.0e+00,9.3e-02,1.0e+00,1.0e-03,1.5e-03,global-SSV%E,CASSSVGEQFF,TRBV13*01,TRBJ2-1*01,none:none,1,0.000000,-,-,-,-,-,-,-,-,-,-,-
62,SSV%E,6.9e-07,1,5,1.4e-07,1.0e+00,9.3e-02,1.0e+00,1.0e-03,1.5e-03,global-SSV%E,CASSSVNEQFF,TRBV27*01,TRBJ2-1*01,none:none,1,0.000000,-,-,-,-,-,-,-,-,-,-,-
62,SSV%E,6.9e-07,1,5,1.4e-07,1.0e+00,9.3e-02,1.0e+00,1.0e-03,1.5e-03,global-SSV%E,CASSSVNEQYF,TRBV12-3*01,TRBJ2-7*01,none:none,1,0.000000,-,-,-,-,-,-,-,-,-,-,-
62,SSV%E,6.9e-07,1,5,1.4e-07,1.0e+00,9.3e-02,1.0e+00,1.0e-03,1.5e-03,global-SSV%E,CASSSVSEAFF,TRBV11-1*01,TRBJ1-1*01,none:none,1,0.000000,-,-,-,-,-,-,-,-,-,-,-
62,SSV%E,6.9e-07,1,5,1.4e-07,1.0e+00,9.3e-02,1.0e+00,1.0e-03,1.5e-03,global-SSV%E,CASSSVGEAFF,TRBV12-3*01,TRBJ1-1*01,none:none,1,0.000000,-,-,-,-,-,-,-,-,-,-,-

63,SI%SNQP,6.9e-07,1,5,1.5e-09,1.0e+00,1.0e-03,1.0e+00,1.0e-03,1.5e-03,global-SI%SNQP,CASSIYSNQPQHF,TRBV19*01,TRBJ1-5*01,none:none,1,0.000000,-,-,-,-,-,-,-,-,-,-,-
63,SI%SNQP,6.9e-07,1,5,1.5e-09,1.0e+00,1.0e-03,1.0e+00,1.0e-03,1.5e-03,global-SI%SNQP,CASSIYSNQPQHF,TRBV19*01,TRBJ1-5*01,none:none,1,0.000000,-,-,-,-,-,-,-,-,-,-,-
63,SI%SNQP,6.9e-07,1,5,1.5e-09,1.0e+00,1.0e-03,1.0e+00,1.0e-03,1.5e-03,global-SI%SNQP,CASSIYSNQPQHF,TRBV19*01,TRBJ1-5*01,none:none,1,0.000000,-,-,-,-,-,-,-,-,-,-,-
63,SI%SNQP,6.9e-07,1,5,1.5e-09,1.0e+00,1.0e-03,1.0e+00,1.0e-03,1.5e-03,global-SI%SNQP,CASSIHSNQPQHF,TRBV19*01,TRBJ1-5*01,none:none,1,0.000000,-,-,-,-,-,-,-,-,-,-,-
63,SI%SNQP,6.9e-07,1,5,1.5e-09,1.0e+00,1.0e-03,1.0e+00,1.0e-03,1.5e-03,global-SI%SNQP,CASSIRSNQPQHF,TRBV19*01,TRBJ1-5*01,none:none,1,0.000000,-,-,-,-,-,-,-,-,-,-,-
63,SI%SNQP,6.9e-07,1,5,1.5e-09,1.0e+00,1.0e-03,1.0e+00,1.0e-03,1.5e-03,global-SI%SNQP,CASSINSNQPQHF,TRBV19*01,TRBJ1-5*01,none:none,1,0.000000,-,-,-,-,-,-,-,-,-,-,-
63,SI%SNQP,6.9e-07,1,5,1.5e-09,1.0e+00,1.0e-03,1.0e+00,1.0e-03,1.5e-03,global-SI%SNQP,CAGSIYSNQPQHF,TRBV19*01,TRBJ1-5*01,none:none,1,0.000000,-,-,-,-,-,-,-,-,-,-,-

64,S%GIYG,9.7e-07,1,3,6.2e-09,1.0e+00,1.0e-03,1.0e+00,1.0e-03,6.2e-03,global-S%GIYG,CASSTGIYGYTF,TRBV19*01,TRBJ1-2*01,none:none,1,0.000000,-,-,-,-,-,-,-,-,-,-,-
64,S%GIYG,9.7e-07,1,3,6.2e-09,1.0e+00,1.0e-03,1.0e+00,1.0e-03,6.2e-03,global-S%GIYG,CASSTGIYGYTF,TRBV19*01,TRBJ1-2*01,none:none,1,0.000000,-,-,-,-,-,-,-,-,-,-,-
64,S%GIYG,9.7e-07,1,3,6.2e-09,1.0e+00,1.0e-03,1.0e+00,1.0e-03,6.2e-03,global-S%GIYG,CASSSGIYGYTF,TRBV19*01,TRBJ1-2*01,none:none,1,0.000000,-,-,-,-,-,-,-,-,-,-,-
64,S%GIYG,9.7e-07,1,3,6.2e-09,1.0e+00,1.0e-03,1.0e+00,1.0e-03,6.2e-03,global-S%GIYG,CASSLGIYGYTF,TRBV19*01,TRBJ1-2*01,none:none,1,0.000000,-,-,-,-,-,-,-,-,-,-,-

65,%IRSSYE,9.7e-07,1,3,6.2e-09,1.0e+00,1.0e-03,1.0e+00,1.0e-03,6.2e-03,global-%IRSSYE,CASSIRSSYEQYF,TRBV19*01,TRBJ2-7*01,none:none,1,0.000000,-,-,-,-,-,-,-,-,-,-,-
65,%IRSSYE,9.7e-07,1,3,6.2e-09,1.0e+00,1.0e-03,1.0e+00,1.0e-03,6.2e-03,global-%IRSSYE,CASSIRSSYEQYF,TRBV19*01,TRBJ2-7*01,none:none,1,0.000000,-,-,-,-,-,-,-,-,-,-,-
65,%IRSSYE,9.7e-07,1,3,6.2e-09,1.0e+00,1.0e-03,1.0e+00,1.0e-03,6.2e-03,global-%IRSSYE,CASSIRSSYEQYF,TRBV19*01,TRBJ2-7*01,none:none,1,0.000000,-,-,-,-,-,-,-,-,-,-,-
65,%IRSSYE,9.7e-07,1,3,6.2e-09,1.0e+00,1.0e-03,1.0e+00,1.0e-03,6.2e-03,global-%IRSSYE,CASSIRSSYEQYF,TRBV19*01,TRBJ2-7*01,none:none,1,0.000000,-,-,-,-,-,-,-,-,-,-,-
65,%IRSSYE,9.7e-07,1,3,6.2e-09,1.0e+00,1.0e-03,1.0e+00,1.0e-03,6.2e-03,global-%IRSSYE,CASSIRSSYEQYF,TRBV19*01,TRBJ2-7*01,none:none,1,0.000000,-,-,-,-,-,-,-,-,-,-,-
65,%IRSSYE,9.7e-07,1,3,6.2e-09,1.0e+00,1.0e-03,1.0e+00,1.0e-03,6.2e-03,global-%IRSSYE,CASSIRSSYEQYF,TRBV19*01,TRBJ2-7*01,none:none,1,0.000000,-,-,-,-,-,-,-,-,-,-,-
65,%IRSSYE,9.7e-07,1,3,6.2e-09,1.0e+00,1.0e-03,1.0e+00,1.0e-03,6.2e-03,global-%IRSSYE,CASSIRSSYEQYF,TRBV19*01,TRBJ2-7*01,none:none,1,0.000000,-,-,-,-,-,-,-,-,-,-,-
65,%IRSSYE,9.7e-07,1,3,6.2e-09,1.0e+00,1.0e-03,1.0e+00,1.0e-03,6.2e-03,global-%IRSSYE,CASSIRSSYEQYF,TRBV19*01,TRBJ2-7*01,none:none,1,0.000000,-,-,-,-,-,-,-,-,-,-,-
65,%IRSSYE,9.7e-07,1,3,6.2e-09,1.0e+00,1.0e-03,1.0e+00,1.0e-03,6.2e-03,global-%IRSSYE,CASSIRSSYEQYF,TRBV19*01,TRBJ2-7*01,none:none,1,0.000000,-,-,-,-,-,-,-,-,-,-,-
65,%IRSSYE,9.7e-07,1,3,6.2e-09,1.0e+00,1.0e-03,1.0e+00,1.0e-03,6.2e-03,global-%IRSSYE,CASSIRSSYEQYF,TRBV19*01,TRBJ2-7*01,none:none,1,0.000000,-,-,-,-,-,-,-,-,-,-,-
65,%IRSSYE,9.7e-07,1,3,6.2e-09,1.0e+00,1.0e-03,1.0e+00,1.0e-03,6.2e-03,global-%IRSSYE,CASSIRSSYEQYF,TRBV19*01,TRBJ2-7*01,none:none,1,0.000000,-,-,-,-,-,-,-,-,-,-,-
65,%IRSSYE,9.7e-07,1,3,6.2e-09,1.0e+00,1.0e-03,1.0e+00,1.0e-03,6.2e-03,global-%IRSSYE,CASSIRSSYEQYF,TRBV19*01,TRBJ2-7*01,none:none,1,0.000000,-,-,-,-,-,-,-,-,-,-,-
65,%IRSSYE,9.7e-07,1,3,6.2e-09,1.0e+00,1.0e-03,1.0e+00,1.0e-03,6.2e-03,global-%IRSSYE,CASSIRSSYEQYF,TRBV19*01,TRBJ2-7*01,none:none,1,0.000000,-,-,-,-,-,-,-,-,-,-,-
65,%IRSSYE,9.7e-07,1,3,6.2e-09,1.0e+00,1.0e-03,1.0e+00,1.0e-03,6.2e-03,global-%IRSSYE,CASSIRSSYEQYF,TRBV19*01,TRBJ2-7*01,none:none,1,0.000000,-,-,-,-,-,-,-,-,-,-,-
65,%IRSSYE,9.7e-07,1,3,6.2e-09,1.0e+00,1.0e-03,1.0e+00,1.0e-03,6.2e-03,global-%IRSSYE,CASSIRSSYEQYF,TRBV19*01,TRBJ2-7*01,none:none,1,0.000000,-,-,-,-,-,-,-,-,-,-,-
65,%IRSSYE,9.7e-07,1,3,6.2e-09,1.0e+00,1.0e-03,1.0e+00,1.0e-03,6.2e-03,global-%IRSSYE,CASSIRSSYEQYF,TRBV19*01,TRBJ2-7*01,none:none,1,0.000000,-,-,-,-,-,-,-,-,-,-,-
65,%IRSSYE,9.7e-07,1,3,6.2e-09,1.0e+00,1.0e-03,1.0e+00,1.0e-03,6.2e-03,global-%IRSSYE,CASSIRSSYEQYF,TRBV19*01,TRBJ2-7*01,none:none,1,0.000000,-,-,-,-,-,-,-,-,-,-,-
65,%IRSSYE,9.7e-07,1,3,6.2e-09,1.0e+00,1.0e-03,1.0e+00,1.0e-03,6.2e-03,global-%IRSSYE,CASSIRSSYEQYF,TRBV19*01,TRBJ2-7*01,none:none,1,0.000000,-,-,-,-,-,-,-,-,-,-,-
65,%IRSSYE,9.7e-07,1,3,6.2e-09,1.0e+00,1.0e-03,1.0e+00,1.0e-03,6.2e-03,global-%IRSSYE,CASSIRSSYEQYF,TRBV19*01,TRBJ2-7*01,none:none,1,0.000000,-,-,-,-,-,-,-,-,-,-,-
65,%IRSSYE,9.7e-07,1,3,6.2e-09,1.0e+00,1.0e-03,1.0e+00,1.0e-03,6.2e-03,global-%IRSSYE,CASSIRSSYEQYF,TRBV19*01,TRBJ2-7*01,none:none,1,0.000000,-,-,-,-,-,-,-,-,-,-,-
65,%IRSSYE,9.7e-07,1,3,6.2e-09,1.0e+00,1.0e-03,1.0e+00,1.0e-03,6.2e-03,global-%IRSSYE,CASSIRSSYEQYF,TRBV19*01,TRBJ2-7*01,none:none,1,0.000000,-,-,-,-,-,-,-,-,-,-,-
65,%IRSSYE,9.7e-07,1,3,6.2e-09,1.0e+00,1.0e-03,1.0e+00,1.0e-03,6.2e-03,global-%IRSSYE,CASSIRSSYEQYF,TRBV19*01,TRBJ2-7*01,none:none,1,0.000000,-,-,-,-,-,-,-,-,-,-,-
65,%IRSSYE,9.7e-07,1,3,6.2e-09,1.0e+00,1.0e-03,1.0e+00,1.0e-03,6.2e-03,global-%IRSSYE,CASSIRSSYEQYF,TRBV19*01,TRBJ2-7*01,none:none,1,0.000000,-,-,-,-,-,-,-,-,-,-,-
65,%IRSSYE,9.7e-07,1,3,6.2e-09,1.0e+00,1.0e-03,1.0e+00,1.0e-03,6.2e-03,global-%IRSSYE,CASSIRSSYEQYF,TRBV19*01,TRBJ2-7*01,none:none,1,0.000000,-,-,-,-,-,-,-,-,-,-,-
65,%IRSSYE,9.7e-07,1,3,6.2e-09,1.0e+00,1.0e-03,1.0e+00,1.0e-03,6.2e-03,global-%IRSSYE,CASSIRSSYEQYF,TRBV19*01,TRBJ2-7*01,none:none,1,0.000000,-,-,-,-,-,-,-,-,-,-,-
65,%IRSSYE,9.7e-07,1,3,6.2e-09,1.0e+00,1.0e-03,1.0e+00,1.0e-03,6.2e-03,global-%IRSSYE,CASSIRSSYEQYF,TRBV19*01,TRBJ2-7*01,none:none,1,0.000000,-,-,-,-,-,-,-,-,-,-,-
65,%IRSSYE,9.7e-07,1,3,6.2e-09,1.0e+00,1.0e-03,1.0e+00,1.0e-03,6.2e-03,global-%IRSSYE,CASSIRSSYEQYF,TRBV19*01,TRBJ2-7*01,none:none,1,0.000000,-,-,-,-,-,-,-,-,-,-,-
65,%IRSSYE,9.7e-07,1,3,6.2e-09,1.0e+00,1.0e-03,1.0e+00,1.0e-03,6.2e-03,global-%IRSSYE,CASSIRSSYEQYF,TRBV19*01,TRBJ2-7*01,none:none,1,0.000000,-,-,-,-,-,-,-,-,-,-,-
65,%IRSSYE,9.7e-07,1,3,6.2e-09,1.0e+00,1.0e-03,1.0e+00,1.0e-03,6.2e-03,global-%IRSSYE,CASSIRSSYEQYF,TRBV19*01,TRBJ2-7*01,none:none,1,0.000000,-,-,-,-,-,-,-,-,-,-,-
65,%IRSSYE,9.7e-07,1,3,6.2e-09,1.0e+00,1.0e-03,1.0e+00,1.0e-03,6.2e-03,global-%IRSSYE,CASSIRSSYEQYF,TRBV19*01,TRBJ2-7*01,none:none,1,0.000000,-,-,-,-,-,-,-,-,-,-,-
65,%IRSSYE,9.7e-07,1,3,6.2e-09,1.0e+00,1.0e-03,1.0e+00,1.0e-03,6.2e-03,global-%IRSSYE,CASSIRSSYEQYF,TRBV19*01,TRBJ2-7*01,none:none,1,0.000000,-,-,-,-,-,-,-,-,-,-,-
65,%IRSSYE,9.7e-07,1,3,6.2e-09,1.0e+00,1.0e-03,1.0e+00,1.0e-03,6.2e-03,global-%IRSSYE,CASSIRSSYEQYF,TRBV19*01,TRBJ2-7*01,none:none,1,0.000000,-,-,-,-,-,-,-,-,-,-,-
65,%IRSSYE,9.7e-07,1,3,6.2e-09,1.0e+00,1.0e-03,1.0e+00,1.0e-03,6.2e-03,global-%IRSSYE,CASSIRSSYEQYF,TRBV19*01,TRBJ2-7*01,none:none,1,0.000000,-,-,-,-,-,-,-,-,-,-,-
65,%IRSSYE,9.7e-07,1,3,6.2e-09,1.0e+00,1.0e-03,1.0e+00,1.0e-03,6.2e-03,global-%IRSSYE,CASSIRSSYEQYF,TRBV19*01,TRBJ2-7*01,none:none,1,0.000000,-,-,-,-,-,-,-,-,-,-,-
65,%IRSSYE,9.7e-07,1,3,6.2e-09,1.0e+00,1.0e-03,1.0e+00,1.0e-03,6.2e-03,global-%IRSSYE,CASSIRSSYEQYF,TRBV19*01,TRBJ2-7*01,none:none,1,0.000000,-,-,-,-,-,-,-,-,-,-,-
65,%IRSSYE,9.7e-07,1,3,6.2e-09,1.0e+00,1.0e-03,1.0e+00,1.0e-03,6.2e-03,global-%IRSSYE,CASSIRSSYEQYF,TRBV19*01,TRBJ2-7*01,none:none,1,0.000000,-,-,-,-,-,-,-,-,-,-,-
65,%IRSSYE,9.7e-07,1,3,6.2e-09,1.0e+00,1.0e-03,1.0e+00,1.0e-03,6.2e-03,global-%IRSSYE,CASSIRSSYEQYF,TRBV19*01,TRBJ2-7*01,none:none,1,0.000000,-,-,-,-,-,-,-,-,-,-,-
65,%IRSSYE,9.7e-07,1,3,6.2e-09,1.0e+00,1.0e-03,1.0e+00,1.0e-03,6.2e-03,global-%IRSSYE,CASSIRSSYEQYF,TRBV19*01,TRBJ2-7*01,none:none,1,0.000000,-,-,-,-,-,-,-,-,-,-,-
65,%IRSSYE,9.7e-07,1,3,6.2e-09,1.0e+00,1.0e-03,1.0e+00,1.0e-03,6.2e-03,global-%IRSSYE,CASSIRSSYEQYF,TRBV19*01,TRBJ2-7*01,none:none,1,0.000000,-,-,-,-,-,-,-,-,-,-,-
65,%IRSSYE,9.7e-07,1,3,6.2e-09,1.0e+00,1.0e-03,1.0e+00,1.0e-03,6.2e-03,global-%IRSSYE,CASSIRSSYEQYF,TRBV19*01,TRBJ2-7*01,none:none,1,0.000000,-,-,-,-,-,-,-,-,-,-,-
65,%IRSSYE,9.7e-07,1,3,6.2e-09,1.0e+00,1.0e-03,1.0e+00,1.0e-03,6.2e-03,global-%IRSSYE,CASSIRSSYEQYF,TRBV19*01,TRBJ2-7*01,none:none,1,0.000000,-,-,-,-,-,-,-,-,-,-,-
65,%IRSSYE,9.7e-07,1,3,6.2e-09,1.0e+00,1.0e-03,1.0e+00,1.0e-03,6.2e-03,global-%IRSSYE,CASSIRSSYEQYF,TRBV19*01,TRBJ2-7*01,none:none,1,0.000000,-,-,-,-,-,-,-,-,-,-,-
65,%IRSSYE,9.7e-07,1,3,6.2e-09,1.0e+00,1.0e-03,1.0e+00,1.0e-03,6.2e-03,global-%IRSSYE,CASSIRSSYEQYF,TRBV19*01,TRBJ2-7*01,none:none,1,0.000000,-,-,-,-,-,-,-,-,-,-,-
65,%IRSSYE,9.7e-07,1,3,6.2e-09,1.0e+00,1.0e-03,1.0e+00,1.0e-03,6.2e-03,global-%IRSSYE,CASSIRSSYEQYF,TRBV19*01,TRBJ2-7*01,none:none,1,0.000000,-,-,-,-,-,-,-,-,-,-,-
65,%IRSSYE,9.7e-07,1,3,6.2e-09,1.0e+00,1.0e-03,1.0e+00,1.0e-03,6.2e-03,global-%IRSSYE,CASSIRSSYEQYF,TRBV19*01,TRBJ2-7*01,none:none,1,0.000000,-,-,-,-,-,-,-,-,-,-,-
65,%IRSSYE,9.7e-07,1,3,6.2e-09,1.0e+00,1.0e-03,1.0e+00,1.0e-03,6.2e-03,global-%IRSSYE,CASSIRSSYEQYF,TRBV19*01,TRBJ2-7*01,none:none,1,0.000000,-,-,-,-,-,-,-,-,-,-,-
65,%IRSSYE,9.7e-07,1,3,6.2e-09,1.0e+00,1.0e-03,1.0e+00,1.0e-03,6.2e-03,global-%IRSSYE,CASSIRSSYEQYF,TRBV19*01,TRBJ2-7*01,none:none,1,0.000000,-,-,-,-,-,-,-,-,-,-,-
65,%IRSSYE,9.7e-07,1,3,6.2e-09,1.0e+00,1.0e-03,1.0e+00,1.0e-03,6.2e-03,global-%IRSSYE,CASSIRSSYEQYF,TRBV19*01,TRBJ2-7*01,none:none,1,0.000000,-,-,-,-,-,-,-,-,-,-,-
65,%IRSSYE,9.7e-07,1,3,6.2e-09,1.0e+00,1.0e-03,1.0e+00,1.0e-03,6.2e-03,global-%IRSSYE,CASGIRSSYEQYF,TRBV19*01,TRBJ2-7*01,none:none,1,0.000000,-,-,-,-,-,-,-,-,-,-,-
65,%IRSSYE,9.7e-07,1,3,6.2e-09,1.0e+00,1.0e-03,1.0e+00,1.0e-03,6.2e-03,global-%IRSSYE,CASSIRSSYEQFF,TRBV19*01,TRBJ2-1*01,none:none,1,0.000000,-,-,-,-,-,-,-,-,-,-,-

66,S%RSSGE,9.7e-07,1,3,6.2e-09,1.0e+00,1.0e-03,1.0e+00,1.0e-03,6.2e-03,global-S%RSSGE,CASSLRSSGELFF,TRBV19*01,TRBJ2-2*01,none:none,1,0.000000,-,-,-,-,-,-,-,-,-,-,-
66,S%RSSGE,9.7e-07,1,3,6.2e-09,1.0e+00,1.0e-03,1.0e+00,1.0e-03,6.2e-03,global-S%RSSGE,CASSRRSSGELFF,TRBV19*01,TRBJ2-2*01,none:none,1,0.000000,-,-,-,-,-,-,-,-,-,-,-
66,S%RSSGE,9.7e-07,1,3,6.2e-09,1.0e+00,1.0e-03,1.0e+00,1.0e-03,6.2e-03,global-S%RSSGE,CASSRRSSGELFF,TRBV19*01,TRBJ2-2*01,none:none,1,0.000000,-,-,-,-,-,-,-,-,-,-,-
66,S%RSSGE,9.7e-07,1,3,6.2e-09,1.0e+00,1.0e-03,1.0e+00,1.0e-03,6.2e-03,global-S%RSSGE,CASSARSSGELFF,TRBV19*01,TRBJ2-2*01,none:none,1,0.000000,-,-,-,-,-,-,-,-,-,-,-
66,S%RSSGE,9.7e-07,1,3,6.2e-09,1.0e+00,1.0e-03,1.0e+00,1.0e-03,6.2e-03,global-S%RSSGE,CASSARSSGELFF,TRBV19*01,TRBJ2-2*01,none:none,1,0.000000,-,-,-,-,-,-,-,-,-,-,-

67,S%RSGET,9.7e-07,1,3,6.2e-09,1.0e+00,1.0e-03,1.0e+00,1.0e-03,6.2e-03,global-S%RSGET,CASSGRSGETQYF,TRBV19*01,TRBJ2-5*01,none:none,1,0.000000,-,-,-,-,-,-,-,-,-,-,-
67,S%RSGET,9.7e-07,1,3,6.2e-09,1.0e+00,1.0e-03,1.0e+00,1.0e-03,6.2e-03,global-S%RSGET,CASSFRSGETQYF,TRBV19*01,TRBJ2-5*01,none:none,1,0.000000,-,-,-,-,-,-,-,-,-,-,-
67,S%RSGET,9.7e-07,1,3,6.2e-09,1.0e+00,1.0e-03,1.0e+00,1.0e-03,6.2e-03,global-S%RSGET,CASSMRSGETQYF,TRBV19*01,TRBJ2-5*01,none:none,1,0.000000,-,-,-,-,-,-,-,-,-,-,-

68,SLRS%GE,9.7e-07,1,3,6.2e-09,1.0e+00,1.0e-03,1.0e+00,1.0e-03,6.2e-03,global-SLRS%GE,CASSLRSSGELFF,TRBV19*01,TRBJ2-2*01,none:none,1,0.000000,-,-,-,-,-,-,-,-,-,-,-
68,SLRS%GE,9.7e-07,1,3,6.2e-09,1.0e+00,1.0e-03,1.0e+00,1.0e-03,6.2e-03,global-SLRS%GE,CASSLRSTGELFF,TRBV19*01,TRBJ2-2*01,none:none,1,0.000000,-,-,-,-,-,-,-,-,-,-,-
68,SLRS%GE,9.7e-07,1,3,6.2e-09,1.0e+00,1.0e-03,1.0e+00,1.0e-03,6.2e-03,global-SLRS%GE,CASSLRSTGELFF,TRBV19*01,TRBJ2-2*01,none:none,1,0.000000,-,-,-,-,-,-,-,-,-,-,-
68,SLRS%GE,9.7e-07,1,3,6.2e-09,1.0e+00,1.0e-03,1.0e+00,1.0e-03,6.2e-03,global-SLRS%GE,CASSLRSAGEQYF,TRBV19*01,TRBJ2-7*01,none:none,1,0.000000,-,-,-,-,-,-,-,-,-,-,-

69,SIRA%YE,9.7e-07,1,3,6.2e-09,1.0e+00,1.0e-03,1.0e+00,1.0e-03,6.2e-03,global-SIRA%YE,CASSIRATYEQYF,TRBV19*01,TRBJ2-7*01,none:none,1,0.000000,-,-,-,-,-,-,-,-,-,-,-
69,SIRA%YE,9.7e-07,1,3,6.2e-09,1.0e+00,1.0e-03,1.0e+00,1.0e-03,6.2e-03,global-SIRA%YE,CASSIRASYEQYF,TRBV19*01,TRBJ2-7*01,none:none,1,0.000000,-,-,-,-,-,-,-,-,-,-,-
69,SIRA%YE,9.7e-07,1,3,6.2e-09,1.0e+00,1.0e-03,1.0e+00,1.0e-03,6.2e-03,global-SIRA%YE,CASSIRASYEQYF,TRBV19*01,TRBJ2-7*01,none:none,1,0.000000,-,-,-,-,-,-,-,-,-,-,-
69,SIRA%YE,9.7e-07,1,3,6.2e-09,1.0e+00,1.0e-03,1.0e+00,1.0e-03,6.2e-03,global-SIRA%YE,CASSIRASYEQYF,TRBV19*01,TRBJ2-7*01,none:none,1,0.000000,-,-,-,-,-,-,-,-,-,-,-
69,SIRA%YE,9.7e-07,1,3,6.2e-09,1.0e+00,1.0e-03,1.0e+00,1.0e-03,6.2e-03,global-SIRA%YE,CASSIRASYEQYF,TRBV19*01,TRBJ2-7*01,none:none,1,0.000000,-,-,-,-,-,-,-,-,-,-,-
69,SIRA%YE,9.7e-07,1,3,6.2e-09,1.0e+00,1.0e-03,1.0e+00,1.0e-03,6.2e-03,global-SIRA%YE,CASSIRASYEQYF,TRBV19*01,TRBJ2-7*01,none:none,1,0.000000,-,-,-,-,-,-,-,-,-,-,-
69,SIRA%YE,9.7e-07,1,3,6.2e-09,1.0e+00,1.0e-03,1.0e+00,1.0e-03,6.2e-03,global-SIRA%YE,CASSIRASYEQYF,TRBV19*01,TRBJ2-7*01,none:none,1,0.000000,-,-,-,-,-,-,-,-,-,-,-
69,SIRA%YE,9.7e-07,1,3,6.2e-09,1.0e+00,1.0e-03,1.0e+00,1.0e-03,6.2e-03,global-SIRA%YE,CASSIRAAYEQYF,TRBV19*01,TRBJ2-7*01,none:none,1,0.000000,-,-,-,-,-,-,-,-,-,-,-
69,SIRA%YE,9.7e-07,1,3,6.2e-09,1.0e+00,1.0e-03,1.0e+00,1.0e-03,6.2e-03,global-SIRA%YE,CASSIRAAYEQYF,TRBV19*01,TRBJ2-7*01,none:none,1,0.000000,-,-,-,-,-,-,-,-,-,-,-

70,SIRAS%E,9.7e-07,1,3,6.2e-09,1.0e+00,1.0e-03,1.0e+00,1.0e-03,6.2e-03,global-SIRAS%E,CASSIRASNEQFF,TRBV19*01,TRBJ2-1*01,none:none,1,0.000000,-,-,-,-,-,-,-,-,-,-,-
70,SIRAS%E,9.7e-07,1,3,6.2e-09,1.0e+00,1.0e-03,1.0e+00,1.0e-03,6.2e-03,global-SIRAS%E,CASSIRASYEQYF,TRBV19*01,TRBJ2-7*01,none:none,1,0.000000,-,-,-,-,-,-,-,-,-,-,-
70,SIRAS%E,9.7e-07,1,3,6.2e-09,1.0e+00,1.0e-03,1.0e+00,1.0e-03,6.2e-03,global-SIRAS%E,CASSIRASYEQYF,TRBV19*01,TRBJ2-7*01,none:none,1,0.000000,-,-,-,-,-,-,-,-,-,-,-
70,SIRAS%E,9.7e-07,1,3,6.2e-09,1.0e+00,1.0e-03,1.0e+00,1.0e-03,6.2e-03,global-SIRAS%E,CASSIRASYEQYF,TRBV19*01,TRBJ2-7*01,none:none,1,0.000000,-,-,-,-,-,-,-,-,-,-,-
70,SIRAS%E,9.7e-07,1,3,6.2e-09,1.0e+00,1.0e-03,1.0e+00,1.0e-03,6.2e-03,global-SIRAS%E,CASSIRASYEQYF,TRBV19*01,TRBJ2-7*01,none:none,1,0.000000,-,-,-,-,-,-,-,-,-,-,-
70,SIRAS%E,9.7e-07,1,3,6.2e-09,1.0e+00,1.0e-03,1.0e+00,1.0e-03,6.2e-03,global-SIRAS%E,CASSIRASYEQYF,TRBV19*01,TRBJ2-7*01,none:none,1,0.000000,-,-,-,-,-,-,-,-,-,-,-
70,SIRAS%E,9.7e-07,1,3,6.2e-09,1.0e+00,1.0e-03,1.0e+00,1.0e-03,6.2e-03,global-SIRAS%E,CASSIRASYEQYF,TRBV19*01,TRBJ2-7*01,none:none,1,0.000000,-,-,-,-,-,-,-,-,-,-,-
70,SIRAS%E,9.7e-07,1,3,6.2e-09,1.0e+00,1.0e-03,1.0e+00,1.0e-03,6.2e-03,global-SIRAS%E,CASSIRASHEQFF,TRBV19*01,TRBJ2-1*01,none:none,1,0.000000,-,-,-,-,-,-,-,-,-,-,-

71,SIRAT%E,9.7e-07,1,3,6.2e-09,1.0e+00,1.0e-03,1.0e+00,1.0e-03,6.2e-03,global-SIRAT%E,CASSIRATGELFF,TRBV19*01,TRBJ2-2*01,none:none,1,0.000000,-,-,-,-,-,-,-,-,-,-,-
71,SIRAT%E,9.7e-07,1,3,6.2e-09,1.0e+00,1.0e-03,1.0e+00,1.0e-03,6.2e-03,global-SIRAT%E,CASSIRATWEQYF,TRBV19*01,TRBJ2-7*01,none:none,1,0.000000,-,-,-,-,-,-,-,-,-,-,-
71,SIRAT%E,9.7e-07,1,3,6.2e-09,1.0e+00,1.0e-03,1.0e+00,1.0e-03,6.2e-03,global-SIRAT%E,CASSIRATYEQYF,TRBV19*01,TRBJ2-7*01,none:none,1,0.000000,-,-,-,-,-,-,-,-,-,-,-

72,SSRSA%E,9.7e-07,1,3,6.2e-09,1.0e+00,1.0e-03,1.0e+00,1.0e-03,6.2e-03,global-SSRSA%E,CASSSRSAGELFF,TRBV19*01,TRBJ2-2*01,none:none,1,0.000000,-,-,-,-,-,-,-,-,-,-,-
72,SSRSA%E,9.7e-07,1,3,6.2e-09,1.0e+00,1.0e-03,1.0e+00,1.0e-03,6.2e-03,global-SSRSA%E,CASSSRSANEQFF,TRBV19*01,TRBJ2-1*01,none:none,1,0.000000,-,-,-,-,-,-,-,-,-,-,-
72,SSRSA%E,9.7e-07,1,3,6.2e-09,1.0e+00,1.0e-03,1.0e+00,1.0e-03,6.2e-03,global-SSRSA%E,CASSSRSAYEQYF,TRBV19*01,TRBJ2-7*01,none:none,1,0.000000,-,-,-,-,-,-,-,-,-,-,-

73,SIRSTD%,9.7e-07,1,3,6.2e-09,1.0e+00,1.0e-03,1.0e+00,1.0e-03,6.2e-03,global-SIRSTD%,CACSIRSTDTQYF,TRBV19*01,TRBJ2-3*01,none:none,1,0.000000,-,-,-,-,-,-,-,-,-,-,-
73,SIRSTD%,9.7e-07,1,3,6.2e-09,1.0e+00,1.0e-03,1.0e+00,1.0e-03,6.2e-03,global-SIRSTD%,CASSIRSTDAQYF,TRBV19*01,TRBJ2-3*01,none:none,1,0.000000,-,-,-,-,-,-,-,-,-,-,-
73,SIRSTD%,9.7e-07,1,3,6.2e-09,1.0e+00,1.0e-03,1.0e+00,1.0e-03,6.2e-03,global-SIRSTD%,CASSIRSTDTQYF,TRBV19*01,TRBJ2-3*01,none:none,1,0.000000,-,-,-,-,-,-,-,-,-,-,-
73,SIRSTD%,9.7e-07,1,3,6.2e-09,1.0e+00,1.0e-03,1.0e+00,1.0e-03,6.2e-03,global-SIRSTD%,CASSIRSTDTQYF,TRBV19*01,TRBJ2-3*01,none:none,1,0.000000,-,-,-,-,-,-,-,-,-,-,-
73,SIRSTD%,9.7e-07,1,3,6.2e-09,1.0e+00,1.0e-03,1.0e+00,1.0e-03,6.2e-03,global-SIRSTD%,CASSIRSTDTQYF,TRBV19*01,TRBJ2-3*01,none:none,1,0.000000,-,-,-,-,-,-,-,-,-,-,-
73,SIRSTD%,9.7e-07,1,3,6.2e-09,1.0e+00,1.0e-03,1.0e+00,1.0e-03,6.2e-03,global-SIRSTD%,CASSIRSTDTQYF,TRBV19*01,TRBJ2-3*01,none:none,1,0.000000,-,-,-,-,-,-,-,-,-,-,-
73,SIRSTD%,9.7e-07,1,3,6.2e-09,1.0e+00,1.0e-03,1.0e+00,1.0e-03,6.2e-03,global-SIRSTD%,CASSIRSTDTQYF,TRBV19*01,TRBJ2-3*01,none:none,1,0.000000,-,-,-,-,-,-,-,-,-,-,-
73,SIRSTD%,9.7e-07,1,3,6.2e-09,1.0e+00,1.0e-03,1.0e+00,1.0e-03,6.2e-03,global-SIRSTD%,CASSIRSTDTQYF,TRBV19*01,TRBJ2-3*01,none:none,1,0.000000,-,-,-,-,-,-,-,-,-,-,-
73,SIRSTD%,9.7e-07,1,3,6.2e-09,1.0e+00,1.0e-03,1.0e+00,1.0e-03,6.2e-03,global-SIRSTD%,CASSIRSTDTQYF,TRBV19*01,TRBJ2-3*01,none:none,1,0.000000,-,-,-,-,-,-,-,-,-,-,-

74,S%GGLGQP,9.7e-07,1,3,2.2e-06,1.0e+00,3.6e-01,1.0e+00,1.0e-03,6.2e-03,global-S%GGLGQP,CASSLGGLGQPQHF,TRBV12-4*01,TRBJ1-5*01,none:none,1,0.000000,-,-,-,-,-,-,-,-,-,-,-
74,S%GGLGQP,9.7e-07,1,3,2.2e-06,1.0e+00,3.6e-01,1.0e+00,1.0e-03,6.2e-03,global-S%GGLGQP,CASSLGGLGQPQHF,TRBV5-8*01,TRBJ1-5*01,none:none,1,0.000000,-,-,-,-,-,-,-,-,-,-,-
74,S%GGLGQP,9.7e-07,1,3,2.2e-06,1.0e+00,3.6e-01,1.0e+00,1.0e-03,6.2e-03,global-S%GGLGQP,CASSDGGLGQPQHF,TRBV2*01,TRBJ1-5*01,none:none,1,0.000000,-,-,-,-,-,-,-,-,-,-,-
74,S%GGLGQP,9.7e-07,1,3,2.2e-06,1.0e+00,3.6e-01,1.0e+00,1.0e-03,6.2e-03,global-S%GGLGQP,CASSYGGLGQPQHF,TRBV27*01,TRBJ1-5*01,none:none,1,0.000000,-,-,-,-,-,-,-,-,-,-,-

75,S%TSATGE,9.7e-07,1,3,6.2e-09,1.0e+00,1.0e-03,1.0e+00,1.0e-03,6.2e-03,global-S%TSATGE,CASSLTSATGELFF,TRBV28*01,TRBJ2-2*01,none:none,1,0.000000,-,-,-,-,-,-,-,-,-,-,-
75,S%TSATGE,9.7e-07,1,3,6.2e-09,1.0e+00,1.0e-03,1.0e+00,1.0e-03,6.2e-03,global-S%TSATGE,CASSLTSATGELFF,TRBV28*01,TRBJ2-2*01,none:none,1,0.000000,-,-,-,-,-,-,-,-,-,-,-
75,S%TSATGE,9.7e-07,1,3,6.2e-09,1.0e+00,1.0e-03,1.0e+00,1.0e-03,6.2e-03,global-S%TSATGE,CASSRTSATGELFF,TRBV28*01,TRBJ2-2*01,none:none,1,0.000000,-,-,-,-,-,-,-,-,-,-,-
75,S%TSATGE,9.7e-07,1,3,6.2e-09,1.0e+00,1.0e-03,1.0e+00,1.0e-03,6.2e-03,global-S%TSATGE,CASSRTSATGELFF,TRBV28*01,TRBJ2-2*01,none:none,1,0.000000,-,-,-,-,-,-,-,-,-,-,-
75,S%TSATGE,9.7e-07,1,3,6.2e-09,1.0e+00,1.0e-03,1.0e+00,1.0e-03,6.2e-03,global-S%TSATGE,CASSVTSATGELFF,TRBV28*01,TRBJ2-2*01,none:none,1,0.000000,-,-,-,-,-,-,-,-,-,-,-

76,SI%STGE,1.5e-06,1,4,2.3e-09,1.0e+00,1.0e-03,1.0e+00,1.0e-03,2.3e-03,global-SI%STGE,CASSITSTGELFF,TRBV19*01,TRBJ2-2*01,none:none,1,0.000000,-,-,-,-,-,-,-,-,-,-,-
76,SI%STGE,1.5e-06,1,4,2.3e-09,1.0e+00,1.0e-03,1.0e+00,1.0e-03,2.3e-03,global-SI%STGE,CASSIRSTGELFF,TRBV19*01,TRBJ2-2*01,none:none,1,0.000000,-,-,-,-,-,-,-,-,-,-,-
76,SI%STGE,1.5e-06,1,4,2.3e-09,1.0e+00,1.0e-03,1.0e+00,1.0e-03,2.3e-03,global-SI%STGE,CASSIRSTGELFF,TRBV19*01,TRBJ2-2*01,none:none,1,0.000000,-,-,-,-,-,-,-,-,-,-,-
76,SI%STGE,1.5e-06,1,4,2.3e-09,1.0e+00,1.0e-03,1.0e+00,1.0e-03,2.3e-03,global-SI%STGE,CASSIRSTGELFF,TRBV19*01,TRBJ2-2*01,none:none,1,0.000000,-,-,-,-,-,-,-,-,-,-,-
76,SI%STGE,1.5e-06,1,4,2.3e-09,1.0e+00,1.0e-03,1.0e+00,1.0e-03,2.3e-03,global-SI%STGE,CASSIRSTGELFF,TRBV19*01,TRBJ2-2*01,none:none,1,0.000000,-,-,-,-,-,-,-,-,-,-,-
76,SI%STGE,1.5e-06,1,4,2.3e-09,1.0e+00,1.0e-03,1.0e+00,1.0e-03,2.3e-03,global-SI%STGE,CASSIRSTGELFF,TRBV19*01,TRBJ2-2*01,none:none,1,0.000000,-,-,-,-,-,-,-,-,-,-,-
76,SI%STGE,1.5e-06,1,4,2.3e-09,1.0e+00,1.0e-03,1.0e+00,1.0e-03,2.3e-03,global-SI%STGE,CASSISSTGELFF,TRBV19*01,TRBJ2-2*01,none:none,1,0.000000,-,-,-,-,-,-,-,-,-,-,-
76,SI%STGE,1.5e-06,1,4,2.3e-09,1.0e+00,1.0e-03,1.0e+00,1.0e-03,2.3e-03,global-SI%STGE,CASSIVSTGELFF,TRBV19*01,TRBJ2-2*01,none:none,1,0.000000,-,-,-,-,-,-,-,-,-,-,-

77,SSA%YG,2.4e-06,1,3,1.9e-08,1.0e+00,3.0e-03,1.0e+00,1.0e-03,6.2e-03,global-SSA%YG,CACSSANYGYTF,TRBV12-4*01,TRBJ1-2*01,none:none,1,0.000000,-,-,-,-,-,-,-,-,-,-,-
77,SSA%YG,2.4e-06,1,3,1.9e-08,1.0e+00,3.0e-03,1.0e+00,1.0e-03,6.2e-03,global-SSA%YG,CASSSAFYGYTF,TRBV19*01,TRBJ1-2*01,none:none,1,0.000000,-,-,-,-,-,-,-,-,-,-,-
77,SSA%YG,2.4e-06,1,3,1.9e-08,1.0e+00,3.0e-03,1.0e+00,1.0e-03,6.2e-03,global-SSA%YG,CASSSANYGYTF,TRBV12-4*01,TRBJ1-2*01,none:none,1,0.000000,-,-,-,-,-,-,-,-,-,-,-
77,SSA%YG,2.4e-06,1,3,1.9e-08,1.0e+00,3.0e-03,1.0e+00,1.0e-03,6.2e-03,global-SSA%YG,CASSSANYGYTF,TRBV11-1*01,TRBJ1-2*01,none:none,1,0.000000,-,-,-,-,-,-,-,-,-,-,-
77,SSA%YG,2.4e-06,1,3,1.9e-08,1.0e+00,3.0e-03,1.0e+00,1.0e-03,6.2e-03,global-SSA%YG,CASSSANYGYTF,TRBV11-1*01,TRBJ1-2*01,none:none,1,0.000000,-,-,-,-,-,-,-,-,-,-,-
77,SSA%YG,2.4e-06,1,3,1.9e-08,1.0e+00,3.0e-03,1.0e+00,1.0e-03,6.2e-03,global-SSA%YG,CASSSANYGYTF,TRBV11-1*01,TRBJ1-2*01,none:none,1,0.000000,-,-,-,-,-,-,-,-,-,-,-

78,S%RSSNE,2.4e-06,1,3,6.2e-09,1.0e+00,1.0e-03,1.0e+00,1.0e-03,6.2e-03,global-S%RSSNE,CASSARSSNEQFF,TRBV19*01,TRBJ2-1*01,none:none,1,0.000000,-,-,-,-,-,-,-,-,-,-,-
78,S%RSSNE,2.4e-06,1,3,6.2e-09,1.0e+00,1.0e-03,1.0e+00,1.0e-03,6.2e-03,global-S%RSSNE,CASSSRSSNEQFF,TRBV19*01,TRBJ2-1*01,none:none,1,0.000000,-,-,-,-,-,-,-,-,-,-,-
78,S%RSSNE,2.4e-06,1,3,6.2e-09,1.0e+00,1.0e-03,1.0e+00,1.0e-03,6.2e-03,global-S%RSSNE,CASSIRSSNEQFF,TRBV19*01,TRBJ2-1*01,none:none,1,0.000000,-,-,-,-,-,-,-,-,-,-,-

79,SIR%TDT,2.4e-06,1,3,6.2e-09,1.0e+00,1.0e-03,1.0e+00,1.0e-03,6.2e-03,global-SIR%TDT,CASSIRATDTQYF,TRBV19*01,TRBJ2-3*01,none:none,1,0.000000,-,-,-,-,-,-,-,-,-,-,-
79,SIR%TDT,2.4e-06,1,3,6.2e-09,1.0e+00,1.0e-03,1.0e+00,1.0e-03,6.2e-03,global-SIR%TDT,CASSIRSTDTQYF,TRBV19*01,TRBJ2-3*01,none:none,1,0.000000,-,-,-,-,-,-,-,-,-,-,-
79,SIR%TDT,2.4e-06,1,3,6.2e-09,1.0e+00,1.0e-03,1.0e+00,1.0e-03,6.2e-03,global-SIR%TDT,CASSIRSTDTQYF,TRBV19*01,TRBJ2-3*01,none:none,1,0.000000,-,-,-,-,-,-,-,-,-,-,-
79,SIR%TDT,2.4e-06,1,3,6.2e-09,1.0e+00,1.0e-03,1.0e+00,1.0e-03,6.2e-03,global-SIR%TDT,CASSIRSTDTQYF,TRBV19*01,TRBJ2-3*01,none:none,1,0.000000,-,-,-,-,-,-,-,-,-,-,-
79,SIR%TDT,2.4e-06,1,3,6.2e-09,1.0e+00,1.0e-03,1.0e+00,1.0e-03,6.2e-03,global-SIR%TDT,CASSIRSTDTQYF,TRBV19*01,TRBJ2-3*01,none:none,1,0.000000,-,-,-,-,-,-,-,-,-,-,-
79,SIR%TDT,2.4e-06,1,3,6.2e-09,1.0e+00,1.0e-03,1.0e+00,1.0e-03,6.2e-03,global-SIR%TDT,CASSIRSTDTQYF,TRBV19*01,TRBJ2-3*01,none:none,1,0.000000,-,-,-,-,-,-,-,-,-,-,-
79,SIR%TDT,2.4e-06,1,3,6.2e-09,1.0e+00,1.0e-03,1.0e+00,1.0e-03,6.2e-03,global-SIR%TDT,CASSIRSTDTQYF,TRBV19*01,TRBJ2-3*01,none:none,1,0.000000,-,-,-,-,-,-,-,-,-,-,-
79,SIR%TDT,2.4e-06,1,3,6.2e-09,1.0e+00,1.0e-03,1.0e+00,1.0e-03,6.2e-03,global-SIR%TDT,CASSIRSTDTQYF,TRBV19*01,TRBJ2-3*01,none:none,1,0.000000,-,-,-,-,-,-,-,-,-,-,-
79,SIR%TDT,2.4e-06,1,3,6.2e-09,1.0e+00,1.0e-03,1.0e+00,1.0e-03,6.2e-03,global-SIR%TDT,CACSIRSTDTQYF,TRBV19*01,TRBJ2-3*01,none:none,1,0.000000,-,-,-,-,-,-,-,-,-,-,-

80,SIRS%NE,2.4e-06,1,3,6.2e-09,1.0e+00,1.0e-03,1.0e+00,1.0e-03,6.2e-03,global-SIRS%NE,CASSIRSNNEQFF,TRBV19*01,TRBJ2-1*01,none:none,1,0.000000,-,-,-,-,-,-,-,-,-,-,-
80,SIRS%NE,2.4e-06,1,3,6.2e-09,1.0e+00,1.0e-03,1.0e+00,1.0e-03,6.2e-03,global-SIRS%NE,CASSIRSGNEQYF,TRBV19*01,TRBJ2-7*01,none:none,1,0.000000,-,-,-,-,-,-,-,-,-,-,-
80,SIRS%NE,2.4e-06,1,3,6.2e-09,1.0e+00,1.0e-03,1.0e+00,1.0e-03,6.2e-03,global-SIRS%NE,CASSIRSGNEQYF,TRBV19*01,TRBJ2-7*01,none:none,1,0.000000,-,-,-,-,-,-,-,-,-,-,-
80,SIRS%NE,2.4e-06,1,3,6.2e-09,1.0e+00,1.0e-03,1.0e+00,1.0e-03,6.2e-03,global-SIRS%NE,CASSIRSSNEQFF,TRBV19*01,TRBJ2-1*01,none:none,1,0.000000,-,-,-,-,-,-,-,-,-,-,-

81,S%QGVGQP,2.4e-06,1,3,6.3e-07,1.0e+00,1.0e-01,1.0e+00,1.0e-03,6.2e-03,global-S%QGVGQP,CASSHQGVGQPQHF,TRBV28*01,TRBJ1-5*01,none:none,1,0.000000,-,-,-,-,-,-,-,-,-,-,-
81,S%QGVGQP,2.4e-06,1,3,6.3e-07,1.0e+00,1.0e-01,1.0e+00,1.0e-03,6.2e-03,global-S%QGVGQP,CASSPQGVGQPQHF,TRBV28*01,TRBJ1-5*01,none:none,1,0.000000,-,-,-,-,-,-,-,-,-,-,-
81,S%QGVGQP,2.4e-06,1,3,6.3e-07,1.0e+00,1.0e-01,1.0e+00,1.0e-03,6.2e-03,global-S%QGVGQP,CASSRQGVGQPQHF,TRBV4-3*01,TRBJ1-5*01,none:none,1,0.000000,-,-,-,-,-,-,-,-,-,-,-

82,SI%SGNE,4.8e-06,1,3,6.2e-09,1.0e+00,1.0e-03,1.0e+00,1.0e-03,6.2e-03,global-SI%SGNE,CASSIVSGNEQFF,TRBV19*01,TRBJ2-1*01,none:none,1,0.000000,-,-,-,-,-,-,-,-,-,-,-
82,SI%SGNE,4.8e-06,1,3,6.2e-09,1.0e+00,1.0e-03,1.0e+00,1.0e-03,6.2e-03,global-SI%SGNE,CASSIYSGNEQYF,TRBV19*01,TRBJ2-7*01,none:none,1,0.000000,-,-,-,-,-,-,-,-,-,-,-
82,SI%SGNE,4.8e-06,1,3,6.2e-09,1.0e+00,1.0e-03,1.0e+00,1.0e-03,6.2e-03,global-SI%SGNE,CASSIRSGNEQYF,TRBV19*01,TRBJ2-7*01,none:none,1,0.000000,-,-,-,-,-,-,-,-,-,-,-
82,SI%SGNE,4.8e-06,1,3,6.2e-09,1.0e+00,1.0e-03,1.0e+00,1.0e-03,6.2e-03,global-SI%SGNE,CASSIRSGNEQYF,TRBV19*01,TRBJ2-7*01,none:none,1,0.000000,-,-,-,-,-,-,-,-,-,-,-

83,SSRS%NE,4.8e-06,1,3,6.2e-09,1.0e+00,1.0e-03,1.0e+00,1.0e-03,6.2e-03,global-SSRS%NE,CASSSRSSNEQFF,TRBV19*01,TRBJ2-1*01,none:none,1,0.000000,-,-,-,-,-,-,-,-,-,-,-
83,SSRS%NE,4.8e-06,1,3,6.2e-09,1.0e+00,1.0e-03,1.0e+00,1.0e-03,6.2e-03,global-SSRS%NE,CASSSRSANEQFF,TRBV19*01,TRBJ2-1*01,none:none,1,0.000000,-,-,-,-,-,-,-,-,-,-,-
83,SSRS%NE,4.8e-06,1,3,6.2e-09,1.0e+00,1.0e-03,1.0e+00,1.0e-03,6.2e-03,global-SSRS%NE,CASSSRSGNEQFF,TRBV19*01,TRBJ2-1*01,none:none,1,0.000000,-,-,-,-,-,-,-,-,-,-,-

84,SGRS%DT,4.8e-06,1,3,6.2e-09,1.0e+00,1.0e-03,1.0e+00,1.0e-03,6.2e-03,global-SGRS%DT,CASSGRSADTRYF,TRBV19*01,TRBJ2-3*01,none:none,1,0.000000,-,-,-,-,-,-,-,-,-,-,-
84,SGRS%DT,4.8e-06,1,3,6.2e-09,1.0e+00,1.0e-03,1.0e+00,1.0e-03,6.2e-03,global-SGRS%DT,CASSGRSTDTQYF,TRBV19*01,TRBJ2-3*01,none:none,1,0.000000,-,-,-,-,-,-,-,-,-,-,-
84,SGRS%DT,4.8e-06,1,3,6.2e-09,1.0e+00,1.0e-03,1.0e+00,1.0e-03,6.2e-03,global-SGRS%DT,CASSGRSTDTQYF,TRBV19*01,TRBJ2-3*01,none:none,1,0.000000,-,-,-,-,-,-,-,-,-,-,-
84,SGRS%DT,4.8e-06,1,3,6.2e-09,1.0e+00,1.0e-03,1.0e+00,1.0e-03,6.2e-03,global-SGRS%DT,CASSGRSTDTQYF,TRBV19*01,TRBJ2-3*01,none:none,1,0.000000,-,-,-,-,-,-,-,-,-,-,-
84,SGRS%DT,4.8e-06,1,3,6.2e-09,1.0e+00,1.0e-03,1.0e+00,1.0e-03,6.2e-03,global-SGRS%DT,CASSGRSADTQYF,TRBV19*01,TRBJ2-3*01,none:none,1,0.000000,-,-,-,-,-,-,-,-,-,-,-

85,SQGS%G,8.4e-06,1,3,4.3e-08,1.0e+00,7.0e-03,1.0e+00,1.0e-03,6.2e-03,global-SQGS%G,CASSQGSWGYTF,TRBV19*01,TRBJ1-2*01,none:none,1,0.000000,-,-,-,-,-,-,-,-,-,-,-
85,SQGS%G,8.4e-06,1,3,4.3e-08,1.0e+00,7.0e-03,1.0e+00,1.0e-03,6.2e-03,global-SQGS%G,CASSQGSYGYTF,TRBV19*01,TRBJ1-2*01,none:none,1,0.000000,-,-,-,-,-,-,-,-,-,-,-
85,SQGS%G,8.4e-06,1,3,4.3e-08,1.0e+00,7.0e-03,1.0e+00,1.0e-03,6.2e-03,global-SQGS%G,CTSSQGSYGYTF,TRBV7-2*01,TRBJ1-2*01,none:none,1,0.000000,-,-,-,-,-,-,-,-,-,-,-

86,SIRS%GE,8.4e-06,1,3,6.2e-09,1.0e+00,1.0e-03,1.0e+00,1.0e-03,6.2e-03,global-SIRS%GE,CASSIRSNGEQFF,TRBV19*01,TRBJ2-1*01,none:none,1,0.000000,-,-,-,-,-,-,-,-,-,-,-
86,SIRS%GE,8.4e-06,1,3,6.2e-09,1.0e+00,1.0e-03,1.0e+00,1.0e-03,6.2e-03,global-SIRS%GE,CASSIRSTGELFF,TRBV19*01,TRBJ2-2*01,none:none,1,0.000000,-,-,-,-,-,-,-,-,-,-,-
86,SIRS%GE,8.4e-06,1,3,6.2e-09,1.0e+00,1.0e-03,1.0e+00,1.0e-03,6.2e-03,global-SIRS%GE,CASSIRSTGELFF,TRBV19*01,TRBJ2-2*01,none:none,1,0.000000,-,-,-,-,-,-,-,-,-,-,-
86,SIRS%GE,8.4e-06,1,3,6.2e-09,1.0e+00,1.0e-03,1.0e+00,1.0e-03,6.2e-03,global-SIRS%GE,CASSIRSTGELFF,TRBV19*01,TRBJ2-2*01,none:none,1,0.000000,-,-,-,-,-,-,-,-,-,-,-
86,SIRS%GE,8.4e-06,1,3,6.2e-09,1.0e+00,1.0e-03,1.0e+00,1.0e-03,6.2e-03,global-SIRS%GE,CASSIRSTGELFF,TRBV19*01,TRBJ2-2*01,none:none,1,0.000000,-,-,-,-,-,-,-,-,-,-,-
86,SIRS%GE,8.4e-06,1,3,6.2e-09,1.0e+00,1.0e-03,1.0e+00,1.0e-03,6.2e-03,global-SIRS%GE,CASSIRSTGELFF,TRBV19*01,TRBJ2-2*01,none:none,1,0.000000,-,-,-,-,-,-,-,-,-,-,-
86,SIRS%GE,8.4e-06,1,3,6.2e-09,1.0e+00,1.0e-03,1.0e+00,1.0e-03,6.2e-03,global-SIRS%GE,CASSIRSGGEQFF,TRBV19*01,TRBJ2-1*01,none:none,1,0.000000,-,-,-,-,-,-,-,-,-,-,-

87,%SANYG,1.3e-05,1,3,6.2e-09,1.0e+00,1.0e-03,1.0e+00,1.0e-03,6.2e-03,global-%SANYG,CASSSANYGYTF,TRBV12-4*01,TRBJ1-2*01,none:none,1,0.000000,-,-,-,-,-,-,-,-,-,-,-
87,%SANYG,1.3e-05,1,3,6.2e-09,1.0e+00,1.0e-03,1.0e+00,1.0e-03,6.2e-03,global-%SANYG,CASSSANYGYTF,TRBV11-1*01,TRBJ1-2*01,none:none,1,0.000000,-,-,-,-,-,-,-,-,-,-,-
87,%SANYG,1.3e-05,1,3,6.2e-09,1.0e+00,1.0e-03,1.0e+00,1.0e-03,6.2e-03,global-%SANYG,CASSSANYGYTF,TRBV11-1*01,TRBJ1-2*01,none:none,1,0.000000,-,-,-,-,-,-,-,-,-,-,-
87,%SANYG,1.3e-05,1,3,6.2e-09,1.0e+00,1.0e-03,1.0e+00,1.0e-03,6.2e-03,global-%SANYG,CASSSANYGYTF,TRBV11-1*01,TRBJ1-2*01,none:none,1,0.000000,-,-,-,-,-,-,-,-,-,-,-
87,%SANYG,1.3e-05,1,3,6.2e-09,1.0e+00,1.0e-03,1.0e+00,1.0e-03,6.2e-03,global-%SANYG,CACSSANYGYTF,TRBV12-4*01,TRBJ1-2*01,none:none,1,0.000000,-,-,-,-,-,-,-,-,-,-,-
87,%SANYG,1.3e-05,1,3,6.2e-09,1.0e+00,1.0e-03,1.0e+00,1.0e-03,6.2e-03,global-%SANYG,CASASANYGYTF,TRBV12-4*01,TRBJ1-2*01,none:none,1,0.000000,-,-,-,-,-,-,-,-,-,-,-

88,%LAGVGE,1.3e-05,1,3,9.7e-07,1.0e+00,1.6e-01,1.0e+00,1.0e-03,6.2e-03,global-%LAGVGE,CASSLAGVGELFF,TRBV7-6*01,TRBJ2-2*01,none:none,1,0.000000,-,-,-,-,-,-,-,-,-,-,-
88,%LAGVGE,1.3e-05,1,3,9.7e-07,1.0e+00,1.6e-01,1.0e+00,1.0e-03,6.2e-03,global-%LAGVGE,CASRLAGVGEQYF,TRBV28*01,TRBJ2-7*01,none:none,1,0.000000,-,-,-,-,-,-,-,-,-,-,-
88,%LAGVGE,1.3e-05,1,3,9.7e-07,1.0e+00,1.6e-01,1.0e+00,1.0e-03,6.2e-03,global-%LAGVGE,CASGLAGVGELFF,TRBV12-5*01,TRBJ2-2*01,none:none,1,0.000000,-,-,-,-,-,-,-,-,-,-,-

89,SSRS%YE,1.3e-05,1,3,6.2e-09,1.0e+00,1.0e-03,1.0e+00,1.0e-03,6.2e-03,global-SSRS%YE,CASSSRSSYEQYF,TRBV19*01,TRBJ2-7*01,none:none,1,0.000000,-,-,-,-,-,-,-,-,-,-,-
89,SSRS%YE,1.3e-05,1,3,6.2e-09,1.0e+00,1.0e-03,1.0e+00,1.0e-03,6.2e-03,global-SSRS%YE,CASSSRSSYEQYF,TRBV19*01,TRBJ2-7*01,none:none,1,0.000000,-,-,-,-,-,-,-,-,-,-,-
89,SSRS%YE,1.3e-05,1,3,6.2e-09,1.0e+00,1.0e-03,1.0e+00,1.0e-03,6.2e-03,global-SSRS%YE,CASSSRSSYEQYF,TRBV19*01,TRBJ2-7*01,none:none,1,0.000000,-,-,-,-,-,-,-,-,-,-,-
89,SSRS%YE,1.3e-05,1,3,6.2e-09,1.0e+00,1.0e-03,1.0e+00,1.0e-03,6.2e-03,global-SSRS%YE,CASSSRSSYEQYF,TRBV19*01,TRBJ2-7*01,none:none,1,0.000000,-,-,-,-,-,-,-,-,-,-,-
89,SSRS%YE,1.3e-05,1,3,6.2e-09,1.0e+00,1.0e-03,1.0e+00,1.0e-03,6.2e-03,global-SSRS%YE,CASSSRSAYEQYF,TRBV19*01,TRBJ2-7*01,none:none,1,0.000000,-,-,-,-,-,-,-,-,-,-,-
89,SSRS%YE,1.3e-05,1,3,6.2e-09,1.0e+00,1.0e-03,1.0e+00,1.0e-03,6.2e-03,global-SSRS%YE,CASSSRSQYEQYF,TRBV19*01,TRBJ2-7*01,none:none,1,0.000000,-,-,-,-,-,-,-,-,-,-,-

90,SLG%NE,2.0e-05,1,6,2.3e-07,1.0e+00,1.9e-01,1.0e+00,1.0e-03,1.2e-03,global-SLG%NE,CASSLGDNEQFF,TRBV5-1*01,TRBJ2-1*01,none:none,1,0.000000,-,-,-,-,-,-,-,-,-,-,-
90,SLG%NE,2.0e-05,1,6,2.3e-07,1.0e+00,1.9e-01,1.0e+00,1.0e-03,1.2e-03,global-SLG%NE,CASSLGGNEQFF,TRBV7-9*01,TRBJ2-1*01,none:none,1,0.000000,-,-,-,-,-,-,-,-,-,-,-
90,SLG%NE,2.0e-05,1,6,2.3e-07,1.0e+00,1.9e-01,1.0e+00,1.0e-03,1.2e-03,global-SLG%NE,CASSLGKNEQFF,TRBV11-2*01,TRBJ2-1*01,none:none,1,0.000000,-,-,-,-,-,-,-,-,-,-,-
90,SLG%NE,2.0e-05,1,6,2.3e-07,1.0e+00,1.9e-01,1.0e+00,1.0e-03,1.2e-03,global-SLG%NE,CASSLGSNEQFF,TRBV7-6*01,TRBJ2-1*01,none:none,1,0.000000,-,-,-,-,-,-,-,-,-,-,-
90,SLG%NE,2.0e-05,1,6,2.3e-07,1.0e+00,1.9e-01,1.0e+00,1.0e-03,1.2e-03,global-SLG%NE,CASSLGRNEQFF,TRBV5-1*01,TRBJ2-1*01,none:none,1,0.000000,-,-,-,-,-,-,-,-,-,-,-
90,SLG%NE,2.0e-05,1,6,2.3e-07,1.0e+00,1.9e-01,1.0e+00,1.0e-03,1.2e-03,global-SLG%NE,CASSLGVNEQFF,TRBV5-4*01,TRBJ2-1*01,none:none,1,0.000000,-,-,-,-,-,-,-,-,-,-,-

91,SSL%TE,2.0e-05,1,3,3.7e-08,1.0e+00,6.0e-03,1.0e+00,1.0e-03,6.2e-03,global-SSL%TE,CAGSSLNTEAFF,TRBV10-1*01,TRBJ1-1*01,none:none,1,0.000000,-,-,-,-,-,-,-,-,-,-,-
91,SSL%TE,2.0e-05,1,3,3.7e-08,1.0e+00,6.0e-03,1.0e+00,1.0e-03,6.2e-03,global-SSL%TE,CASSSLSTEAFF,TRBV27*01,TRBJ1-1*01,none:none,1,0.000000,-,-,-,-,-,-,-,-,-,-,-
91,SSL%TE,2.0e-05,1,3,3.7e-08,1.0e+00,6.0e-03,1.0e+00,1.0e-03,6.2e-03,global-SSL%TE,CASSSLNTEAFF,TRBV27*01,TRBJ1-1*01,none:none,1,0.000000,-,-,-,-,-,-,-,-,-,-,-

92,SPVG%GE,2.0e-05,1,3,6.2e-09,1.0e+00,1.0e-03,1.0e+00,1.0e-03,6.2e-03,global-SPVG%GE,CASSPVGVGEQFF,TRBV18*01,TRBJ2-1*01,none:none,1,0.000000,-,-,-,-,-,-,-,-,-,-,-
92,SPVG%GE,2.0e-05,1,3,6.2e-09,1.0e+00,1.0e-03,1.0e+00,1.0e-03,6.2e-03,global-SPVG%GE,CASSPVGIGEAFF,TRBV18*01,TRBJ1-1*01,none:none,1,0.000000,-,-,-,-,-,-,-,-,-,-,-
92,SPVG%GE,2.0e-05,1,3,6.2e-09,1.0e+00,1.0e-03,1.0e+00,1.0e-03,6.2e-03,global-SPVG%GE,CASSPVGVGELFF,TRBV18*01,TRBJ2-2*01,none:none,1,0.000000,-,-,-,-,-,-,-,-,-,-,-

93,SGLAG%NE,2.0e-05,1,3,2.4e-07,1.0e+00,3.8e-02,1.0e+00,1.0e-03,6.2e-03,global-SGLAG%NE,CAISGLAGVNEQFF,TRBV10-3*01,TRBJ2-1*01,none:none,1,0.000000,-,-,-,-,-,-,-,-,-,-,-
93,SGLAG%NE,2.0e-05,1,3,2.4e-07,1.0e+00,3.8e-02,1.0e+00,1.0e-03,6.2e-03,global-SGLAG%NE,CASSGLAGANEQFF,TRBV2*01,TRBJ2-1*01,none:none,1,0.000000,-,-,-,-,-,-,-,-,-,-,-
93,SGLAG%NE,2.0e-05,1,3,2.4e-07,1.0e+00,3.8e-02,1.0e+00,1.0e-03,6.2e-03,global-SGLAG%NE,CASSGLAGLNEQFF,TRBV19*01,TRBJ2-1*01,none:none,1,0.000000,-,-,-,-,-,-,-,-,-,-,-
93,SGLAG%NE,2.0e-05,1,3,2.4e-07,1.0e+00,3.8e-02,1.0e+00,1.0e-03,6.2e-03,global-SGLAG%NE,CASSGLAGLNEQFF,TRBV19*01,TRBJ2-1*01,none:none,1,0.000000,-,-,-,-,-,-,-,-,-,-,-

94,SL%SNE,2.8e-05,1,3,1.2e-06,1.0e+00,2.0e-01,1.0e+00,1.0e-03,6.2e-03,global-SL%SNE,CASSLGSNEQFF,TRBV7-6*01,TRBJ2-1*01,none:none,1,0.000000,-,-,-,-,-,-,-,-,-,-,-
94,SL%SNE,2.8e-05,1,3,1.2e-06,1.0e+00,2.0e-01,1.0e+00,1.0e-03,6.2e-03,global-SL%SNE,CASSLSSNEQFF,TRBV27*01,TRBJ2-1*01,none:none,1,0.000000,-,-,-,-,-,-,-,-,-,-,-
94,SL%SNE,2.8e-05,1,3,1.2e-06,1.0e+00,2.0e-01,1.0e+00,1.0e-03,6.2e-03,global-SL%SNE,CASSLVSNEQFF,TRBV7-9*01,TRBJ2-1*01,none:none,1,0.000000,-,-,-,-,-,-,-,-,-,-,-

95,SI%STDT,2.8e-05,1,3,6.2e-09,1.0e+00,1.0e-03,1.0e+00,1.0e-03,6.2e-03,global-SI%STDT,CACSIRSTDTQYF,TRBV19*01,TRBJ2-3*01,none:none,1,0.000000,-,-,-,-,-,-,-,-,-,-,-
95,SI%STDT,2.8e-05,1,3,6.2e-09,1.0e+00,1.0e-03,1.0e+00,1.0e-03,6.2e-03,global-SI%STDT,CASSIRSTDTQYF,TRBV19*01,TRBJ2-3*01,none:none,1,0.000000,-,-,-,-,-,-,-,-,-,-,-
95,SI%STDT,2.8e-05,1,3,6.2e-09,1.0e+00,1.0e-03,1.0e+00,1.0e-03,6.2e-03,global-SI%STDT,CASSIRSTDTQYF,TRBV19*01,TRBJ2-3*01,none:none,1,0.000000,-,-,-,-,-,-,-,-,-,-,-
95,SI%STDT,2.8e-05,1,3,6.2e-09,1.0e+00,1.0e-03,1.0e+00,1.0e-03,6.2e-03,global-SI%STDT,CASSIRSTDTQYF,TRBV19*01,TRBJ2-3*01,none:none,1,0.000000,-,-,-,-,-,-,-,-,-,-,-
95,SI%STDT,2.8e-05,1,3,6.2e-09,1.0e+00,1.0e-03,1.0e+00,1.0e-03,6.2e-03,global-SI%STDT,CASSIRSTDTQYF,TRBV19*01,TRBJ2-3*01,none:none,1,0.000000,-,-,-,-,-,-,-,-,-,-,-
95,SI%STDT,2.8e-05,1,3,6.2e-09,1.0e+00,1.0e-03,1.0e+00,1.0e-03,6.2e-03,global-SI%STDT,CASSIRSTDTQYF,TRBV19*01,TRBJ2-3*01,none:none,1,0.000000,-,-,-,-,-,-,-,-,-,-,-
95,SI%STDT,2.8e-05,1,3,6.2e-09,1.0e+00,1.0e-03,1.0e+00,1.0e-03,6.2e-03,global-SI%STDT,CASSIRSTDTQYF,TRBV19*01,TRBJ2-3*01,none:none,1,0.000000,-,-,-,-,-,-,-,-,-,-,-
95,SI%STDT,2.8e-05,1,3,6.2e-09,1.0e+00,1.0e-03,1.0e+00,1.0e-03,6.2e-03,global-SI%STDT,CASSIRSTDTQYF,TRBV19*01,TRBJ2-3*01,none:none,1,0.000000,-,-,-,-,-,-,-,-,-,-,-
95,SI%STDT,2.8e-05,1,3,6.2e-09,1.0e+00,1.0e-03,1.0e+00,1.0e-03,6.2e-03,global-SI%STDT,CASSIVSTDTQYF,TRBV19*01,TRBJ2-3*01,none:none,1,0.000000,-,-,-,-,-,-,-,-,-,-,-

96,SIR%SYE,2.8e-05,1,3,6.2e-09,1.0e+00,1.0e-03,1.0e+00,1.0e-03,6.2e-03,global-SIR%SYE,CASSIRSSYEQFF,TRBV19*01,TRBJ2-1*01,none:none,1,0.000000,-,-,-,-,-,-,-,-,-,-,-
96,SIR%SYE,2.8e-05,1,3,6.2e-09,1.0e+00,1.0e-03,1.0e+00,1.0e-03,6.2e-03,global-SIR%SYE,CASSIRSSYEQYF,TRBV19*01,TRBJ2-7*01,none:none,1,0.000000,-,-,-,-,-,-,-,-,-,-,-
96,SIR%SYE,2.8e-05,1,3,6.2e-09,1.0e+00,1.0e-03,1.0e+00,1.0e-03,6.2e-03,global-SIR%SYE,CASSIRSSYEQYF,TRBV19*01,TRBJ2-7*01,none:none,1,0.000000,-,-,-,-,-,-,-,-,-,-,-
96,SIR%SYE,2.8e-05,1,3,6.2e-09,1.0e+00,1.0e-03,1.0e+00,1.0e-03,6.2e-03,global-SIR%SYE,CASSIRSSYEQYF,TRBV19*01,TRBJ2-7*01,none:none,1,0.000000,-,-,-,-,-,-,-,-,-,-,-
96,SIR%SYE,2.8e-05,1,3,6.2e-09,1.0e+00,1.0e-03,1.0e+00,1.0e-03,6.2e-03,global-SIR%SYE,CASSIRSSYEQYF,TRBV19*01,TRBJ2-7*01,none:none,1,0.000000,-,-,-,-,-,-,-,-,-,-,-
96,SIR%SYE,2.8e-05,1,3,6.2e-09,1.0e+00,1.0e-03,1.0e+00,1.0e-03,6.2e-03,global-SIR%SYE,CASSIRSSYEQYF,TRBV19*01,TRBJ2-7*01,none:none,1,0.000000,-,-,-,-,-,-,-,-,-,-,-
96,SIR%SYE,2.8e-05,1,3,6.2e-09,1.0e+00,1.0e-03,1.0e+00,1.0e-03,6.2e-03,global-SIR%SYE,CASSIRSSYEQYF,TRBV19*01,TRBJ2-7*01,none:none,1,0.000000,-,-,-,-,-,-,-,-,-,-,-
96,SIR%SYE,2.8e-05,1,3,6.2e-09,1.0e+00,1.0e-03,1.0e+00,1.0e-03,6.2e-03,global-SIR%SYE,CASSIRSSYEQYF,TRBV19*01,TRBJ2-7*01,none:none,1,0.000000,-,-,-,-,-,-,-,-,-,-,-
96,SIR%SYE,2.8e-05,1,3,6.2e-09,1.0e+00,1.0e-03,1.0e+00,1.0e-03,6.2e-03,global-SIR%SYE,CASSIRSSYEQYF,TRBV19*01,TRBJ2-7*01,none:none,1,0.000000,-,-,-,-,-,-,-,-,-,-,-
96,SIR%SYE,2.8e-05,1,3,6.2e-09,1.0e+00,1.0e-03,1.0e+00,1.0e-03,6.2e-03,global-SIR%SYE,CASSIRSSYEQYF,TRBV19*01,TRBJ2-7*01,none:none,1,0.000000,-,-,-,-,-,-,-,-,-,-,-
96,SIR%SYE,2.8e-05,1,3,6.2e-09,1.0e+00,1.0e-03,1.0e+00,1.0e-03,6.2e-03,global-SIR%SYE,CASSIRSSYEQYF,TRBV19*01,TRBJ2-7*01,none:none,1,0.000000,-,-,-,-,-,-,-,-,-,-,-
96,SIR%SYE,2.8e-05,1,3,6.2e-09,1.0e+00,1.0e-03,1.0e+00,1.0e-03,6.2e-03,global-SIR%SYE,CASSIRSSYEQYF,TRBV19*01,TRBJ2-7*01,none:none,1,0.000000,-,-,-,-,-,-,-,-,-,-,-
96,SIR%SYE,2.8e-05,1,3,6.2e-09,1.0e+00,1.0e-03,1.0e+00,1.0e-03,6.2e-03,global-SIR%SYE,CASSIRSSYEQYF,TRBV19*01,TRBJ2-7*01,none:none,1,0.000000,-,-,-,-,-,-,-,-,-,-,-
96,SIR%SYE,2.8e-05,1,3,6.2e-09,1.0e+00,1.0e-03,1.0e+00,1.0e-03,6.2e-03,global-SIR%SYE,CASSIRSSYEQYF,TRBV19*01,TRBJ2-7*01,none:none,1,0.000000,-,-,-,-,-,-,-,-,-,-,-
96,SIR%SYE,2.8e-05,1,3,6.2e-09,1.0e+00,1.0e-03,1.0e+00,1.0e-03,6.2e-03,global-SIR%SYE,CASSIRSSYEQYF,TRBV19*01,TRBJ2-7*01,none:none,1,0.000000,-,-,-,-,-,-,-,-,-,-,-
96,SIR%SYE,2.8e-05,1,3,6.2e-09,1.0e+00,1.0e-03,1.0e+00,1.0e-03,6.2e-03,global-SIR%SYE,CASSIRSSYEQYF,TRBV19*01,TRBJ2-7*01,none:none,1,0.000000,-,-,-,-,-,-,-,-,-,-,-
96,SIR%SYE,2.8e-05,1,3,6.2e-09,1.0e+00,1.0e-03,1.0e+00,1.0e-03,6.2e-03,global-SIR%SYE,CASSIRSSYEQYF,TRBV19*01,TRBJ2-7*01,none:none,1,0.000000,-,-,-,-,-,-,-,-,-,-,-
96,SIR%SYE,2.8e-05,1,3,6.2e-09,1.0e+00,1.0e-03,1.0e+00,1.0e-03,6.2e-03,global-SIR%SYE,CASSIRSSYEQYF,TRBV19*01,TRBJ2-7*01,none:none,1,0.000000,-,-,-,-,-,-,-,-,-,-,-
96,SIR%SYE,2.8e-05,1,3,6.2e-09,1.0e+00,1.0e-03,1.0e+00,1.0e-03,6.2e-03,global-SIR%SYE,CASSIRSSYEQYF,TRBV19*01,TRBJ2-7*01,none:none,1,0.000000,-,-,-,-,-,-,-,-,-,-,-
96,SIR%SYE,2.8e-05,1,3,6.2e-09,1.0e+00,1.0e-03,1.0e+00,1.0e-03,6.2e-03,global-SIR%SYE,CASSIRSSYEQYF,TRBV19*01,TRBJ2-7*01,none:none,1,0.000000,-,-,-,-,-,-,-,-,-,-,-
96,SIR%SYE,2.8e-05,1,3,6.2e-09,1.0e+00,1.0e-03,1.0e+00,1.0e-03,6.2e-03,global-SIR%SYE,CASSIRSSYEQYF,TRBV19*01,TRBJ2-7*01,none:none,1,0.000000,-,-,-,-,-,-,-,-,-,-,-
96,SIR%SYE,2.8e-05,1,3,6.2e-09,1.0e+00,1.0e-03,1.0e+00,1.0e-03,6.2e-03,global-SIR%SYE,CASSIRSSYEQYF,TRBV19*01,TRBJ2-7*01,none:none,1,0.000000,-,-,-,-,-,-,-,-,-,-,-
96,SIR%SYE,2.8e-05,1,3,6.2e-09,1.0e+00,1.0e-03,1.0e+00,1.0e-03,6.2e-03,global-SIR%SYE,CASSIRSSYEQYF,TRBV19*01,TRBJ2-7*01,none:none,1,0.000000,-,-,-,-,-,-,-,-,-,-,-
96,SIR%SYE,2.8e-05,1,3,6.2e-09,1.0e+00,1.0e-03,1.0e+00,1.0e-03,6.2e-03,global-SIR%SYE,CASSIRSSYEQYF,TRBV19*01,TRBJ2-7*01,none:none,1,0.000000,-,-,-,-,-,-,-,-,-,-,-
96,SIR%SYE,2.8e-05,1,3,6.2e-09,1.0e+00,1.0e-03,1.0e+00,1.0e-03,6.2e-03,global-SIR%SYE,CASSIRSSYEQYF,TRBV19*01,TRBJ2-7*01,none:none,1,0.000000,-,-,-,-,-,-,-,-,-,-,-
96,SIR%SYE,2.8e-05,1,3,6.2e-09,1.0e+00,1.0e-03,1.0e+00,1.0e-03,6.2e-03,global-SIR%SYE,CASSIRSSYEQYF,TRBV19*01,TRBJ2-7*01,none:none,1,0.000000,-,-,-,-,-,-,-,-,-,-,-
96,SIR%SYE,2.8e-05,1,3,6.2e-09,1.0e+00,1.0e-03,1.0e+00,1.0e-03,6.2e-03,global-SIR%SYE,CASSIRSSYEQYF,TRBV19*01,TRBJ2-7*01,none:none,1,0.000000,-,-,-,-,-,-,-,-,-,-,-
96,SIR%SYE,2.8e-05,1,3,6.2e-09,1.0e+00,1.0e-03,1.0e+00,1.0e-03,6.2e-03,global-SIR%SYE,CASSIRSSYEQYF,TRBV19*01,TRBJ2-7*01,none:none,1,0.000000,-,-,-,-,-,-,-,-,-,-,-
96,SIR%SYE,2.8e-05,1,3,6.2e-09,1.0e+00,1.0e-03,1.0e+00,1.0e-03,6.2e-03,global-SIR%SYE,CASSIRSSYEQYF,TRBV19*01,TRBJ2-7*01,none:none,1,0.000000,-,-,-,-,-,-,-,-,-,-,-
96,SIR%SYE,2.8e-05,1,3,6.2e-09,1.0e+00,1.0e-03,1.0e+00,1.0e-03,6.2e-03,global-SIR%SYE,CASSIRSSYEQYF,TRBV19*01,TRBJ2-7*01,none:none,1,0.000000,-,-,-,-,-,-,-,-,-,-,-
96,SIR%SYE,2.8e-05,1,3,6.2e-09,1.0e+00,1.0e-03,1.0e+00,1.0e-03,6.2e-03,global-SIR%SYE,CASSIRSSYEQYF,TRBV19*01,TRBJ2-7*01,none:none,1,0.000000,-,-,-,-,-,-,-,-,-,-,-
96,SIR%SYE,2.8e-05,1,3,6.2e-09,1.0e+00,1.0e-03,1.0e+00,1.0e-03,6.2e-03,global-SIR%SYE,CASSIRSSYEQYF,TRBV19*01,TRBJ2-7*01,none:none,1,0.000000,-,-,-,-,-,-,-,-,-,-,-
96,SIR%SYE,2.8e-05,1,3,6.2e-09,1.0e+00,1.0e-03,1.0e+00,1.0e-03,6.2e-03,global-SIR%SYE,CASSIRSSYEQYF,TRBV19*01,TRBJ2-7*01,none:none,1,0.000000,-,-,-,-,-,-,-,-,-,-,-
96,SIR%SYE,2.8e-05,1,3,6.2e-09,1.0e+00,1.0e-03,1.0e+00,1.0e-03,6.2e-03,global-SIR%SYE,CASSIRSSYEQYF,TRBV19*01,TRBJ2-7*01,none:none,1,0.000000,-,-,-,-,-,-,-,-,-,-,-
96,SIR%SYE,2.8e-05,1,3,6.2e-09,1.0e+00,1.0e-03,1.0e+00,1.0e-03,6.2e-03,global-SIR%SYE,CASSIRSSYEQYF,TRBV19*01,TRBJ2-7*01,none:none,1,0.000000,-,-,-,-,-,-,-,-,-,-,-
96,SIR%SYE,2.8e-05,1,3,6.2e-09,1.0e+00,1.0e-03,1.0e+00,1.0e-03,6.2e-03,global-SIR%SYE,CASSIRSSYEQYF,TRBV19*01,TRBJ2-7*01,none:none,1,0.000000,-,-,-,-,-,-,-,-,-,-,-
96,SIR%SYE,2.8e-05,1,3,6.2e-09,1.0e+00,1.0e-03,1.0e+00,1.0e-03,6.2e-03,global-SIR%SYE,CASSIRSSYEQYF,TRBV19*01,TRBJ2-7*01,none:none,1,0.000000,-,-,-,-,-,-,-,-,-,-,-
96,SIR%SYE,2.8e-05,1,3,6.2e-09,1.0e+00,1.0e-03,1.0e+00,1.0e-03,6.2e-03,global-SIR%SYE,CASSIRSSYEQYF,TRBV19*01,TRBJ2-7*01,none:none,1,0.000000,-,-,-,-,-,-,-,-,-,-,-
96,SIR%SYE,2.8e-05,1,3,6.2e-09,1.0e+00,1.0e-03,1.0e+00,1.0e-03,6.2e-03,global-SIR%SYE,CASSIRSSYEQYF,TRBV19*01,TRBJ2-7*01,none:none,1,0.000000,-,-,-,-,-,-,-,-,-,-,-
96,SIR%SYE,2.8e-05,1,3,6.2e-09,1.0e+00,1.0e-03,1.0e+00,1.0e-03,6.2e-03,global-SIR%SYE,CASSIRSSYEQYF,TRBV19*01,TRBJ2-7*01,none:none,1,0.000000,-,-,-,-,-,-,-,-,-,-,-
96,SIR%SYE,2.8e-05,1,3,6.2e-09,1.0e+00,1.0e-03,1.0e+00,1.0e-03,6.2e-03,global-SIR%SYE,CASSIRSSYEQYF,TRBV19*01,TRBJ2-7*01,none:none,1,0.000000,-,-,-,-,-,-,-,-,-,-,-
96,SIR%SYE,2.8e-05,1,3,6.2e-09,1.0e+00,1.0e-03,1.0e+00,1.0e-03,6.2e-03,global-SIR%SYE,CASSIRSSYEQYF,TRBV19*01,TRBJ2-7*01,none:none,1,0.000000,-,-,-,-,-,-,-,-,-,-,-
96,SIR%SYE,2.8e-05,1,3,6.2e-09,1.0e+00,1.0e-03,1.0e+00,1.0e-03,6.2e-03,global-SIR%SYE,CASSIRSSYEQYF,TRBV19*01,TRBJ2-7*01,none:none,1,0.000000,-,-,-,-,-,-,-,-,-,-,-
96,SIR%SYE,2.8e-05,1,3,6.2e-09,1.0e+00,1.0e-03,1.0e+00,1.0e-03,6.2e-03,global-SIR%SYE,CASSIRSSYEQYF,TRBV19*01,TRBJ2-7*01,none:none,1,0.000000,-,-,-,-,-,-,-,-,-,-,-
96,SIR%SYE,2.8e-05,1,3,6.2e-09,1.0e+00,1.0e-03,1.0e+00,1.0e-03,6.2e-03,global-SIR%SYE,CASSIRSSYEQYF,TRBV19*01,TRBJ2-7*01,none:none,1,0.000000,-,-,-,-,-,-,-,-,-,-,-
96,SIR%SYE,2.8e-05,1,3,6.2e-09,1.0e+00,1.0e-03,1.0e+00,1.0e-03,6.2e-03,global-SIR%SYE,CASSIRSSYEQYF,TRBV19*01,TRBJ2-7*01,none:none,1,0.000000,-,-,-,-,-,-,-,-,-,-,-
96,SIR%SYE,2.8e-05,1,3,6.2e-09,1.0e+00,1.0e-03,1.0e+00,1.0e-03,6.2e-03,global-SIR%SYE,CASSIRSSYEQYF,TRBV19*01,TRBJ2-7*01,none:none,1,0.000000,-,-,-,-,-,-,-,-,-,-,-
96,SIR%SYE,2.8e-05,1,3,6.2e-09,1.0e+00,1.0e-03,1.0e+00,1.0e-03,6.2e-03,global-SIR%SYE,CASSIRSSYEQYF,TRBV19*01,TRBJ2-7*01,none:none,1,0.000000,-,-,-,-,-,-,-,-,-,-,-
96,SIR%SYE,2.8e-05,1,3,6.2e-09,1.0e+00,1.0e-03,1.0e+00,1.0e-03,6.2e-03,global-SIR%SYE,CASSIRSSYEQYF,TRBV19*01,TRBJ2-7*01,none:none,1,0.000000,-,-,-,-,-,-,-,-,-,-,-
96,SIR%SYE,2.8e-05,1,3,6.2e-09,1.0e+00,1.0e-03,1.0e+00,1.0e-03,6.2e-03,global-SIR%SYE,CASSIRASYEQYF,TRBV19*01,TRBJ2-7*01,none:none,1,0.000000,-,-,-,-,-,-,-,-,-,-,-
96,SIR%SYE,2.8e-05,1,3,6.2e-09,1.0e+00,1.0e-03,1.0e+00,1.0e-03,6.2e-03,global-SIR%SYE,CASSIRASYEQYF,TRBV19*01,TRBJ2-7*01,none:none,1,0.000000,-,-,-,-,-,-,-,-,-,-,-
96,SIR%SYE,2.8e-05,1,3,6.2e-09,1.0e+00,1.0e-03,1.0e+00,1.0e-03,6.2e-03,global-SIR%SYE,CASSIRASYEQYF,TRBV19*01,TRBJ2-7*01,none:none,1,0.000000,-,-,-,-,-,-,-,-,-,-,-
96,SIR%SYE,2.8e-05,1,3,6.2e-09,1.0e+00,1.0e-03,1.0e+00,1.0e-03,6.2e-03,global-SIR%SYE,CASSIRASYEQYF,TRBV19*01,TRBJ2-7*01,none:none,1,0.000000,-,-,-,-,-,-,-,-,-,-,-
96,SIR%SYE,2.8e-05,1,3,6.2e-09,1.0e+00,1.0e-03,1.0e+00,1.0e-03,6.2e-03,global-SIR%SYE,CASSIRASYEQYF,TRBV19*01,TRBJ2-7*01,none:none,1,0.000000,-,-,-,-,-,-,-,-,-,-,-
96,SIR%SYE,2.8e-05,1,3,6.2e-09,1.0e+00,1.0e-03,1.0e+00,1.0e-03,6.2e-03,global-SIR%SYE,CASSIRASYEQYF,TRBV19*01,TRBJ2-7*01,none:none,1,0.000000,-,-,-,-,-,-,-,-,-,-,-

97,SL%GLGQP,2.8e-05,1,3,1.9e-06,1.0e+00,3.1e-01,1.0e+00,1.0e-03,6.2e-03,global-SL%GLGQP,CASSLGGLGQPQHF,TRBV12-4*01,TRBJ1-5*01,none:none,1,0.000000,-,-,-,-,-,-,-,-,-,-,-
97,SL%GLGQP,2.8e-05,1,3,1.9e-06,1.0e+00,3.1e-01,1.0e+00,1.0e-03,6.2e-03,global-SL%GLGQP,CASSLGGLGQPQHF,TRBV5-8*01,TRBJ1-5*01,none:none,1,0.000000,-,-,-,-,-,-,-,-,-,-,-
97,SL%GLGQP,2.8e-05,1,3,1.9e-06,1.0e+00,3.1e-01,1.0e+00,1.0e-03,6.2e-03,global-SL%GLGQP,CASSLTGLGQPQHF,TRBV28*01,TRBJ1-5*01,none:none,1,0.000000,-,-,-,-,-,-,-,-,-,-,-
97,SL%GLGQP,2.8e-05,1,3,1.9e-06,1.0e+00,3.1e-01,1.0e+00,1.0e-03,6.2e-03,global-SL%GLGQP,CASSLRGLGQPQHF,TRBV5-6*01,TRBJ1-5*01,none:none,1,0.000000,-,-,-,-,-,-,-,-,-,-,-

98,SPGQGG%E,2.8e-05,1,3,1.1e-06,1.0e+00,1.7e-01,1.0e+00,1.0e-03,6.2e-03,global-SPGQGG%E,CASSPGQGGYEQYF,TRBV7-8*01,TRBJ2-7*01,none:none,1,0.000000,-,-,-,-,-,-,-,-,-,-,-
98,SPGQGG%E,2.8e-05,1,3,1.1e-06,1.0e+00,1.7e-01,1.0e+00,1.0e-03,6.2e-03,global-SPGQGG%E,CASSPGQGGTEAFF,TRBV4-1*01,TRBJ1-1*01,none:none,1,0.000000,-,-,-,-,-,-,-,-,-,-,-
98,SPGQGG%E,2.8e-05,1,3,1.1e-06,1.0e+00,1.7e-01,1.0e+00,1.0e-03,6.2e-03,global-SPGQGG%E,CASSPGQGGDEQYF,TRBV13*01,TRBJ2-7*01,none:none,1,0.000000,-,-,-,-,-,-,-,-,-,-,-

99,SSGLAG%NE,2.8e-05,1,3,6.2e-09,1.0e+00,1.0e-03,1.0e+00,1.0e-03,6.2e-03,global-SSGLAG%NE,CASSSGLAGLNEQFF,TRBV7-9*01,TRBJ2-1*01,none:none,1,0.000000,-,-,-,-,-,-,-,-,-,-,-
99,SSGLAG%NE,2.8e-05,1,3,6.2e-09,1.0e+00,1.0e-03,1.0e+00,1.0e-03,6.2e-03,global-SSGLAG%NE,CASSSGLAGGNEQFF,TRBV7-9*01,TRBJ2-1*01,none:none,1,0.000000,-,-,-,-,-,-,-,-,-,-,-
99,SSGLAG%NE,2.8e-05,1,3,6.2e-09,1.0e+00,1.0e-03,1.0e+00,1.0e-03,6.2e-03,global-SSGLAG%NE,CASSSGLAGVNEQFF,TRBV7-9*01,TRBJ2-1*01,none:none,1,0.000000,-,-,-,-,-,-,-,-,-,-,-
99,SSGLAG%NE,2.8e-05,1,3,6.2e-09,1.0e+00,1.0e-03,1.0e+00,1.0e-03,6.2e-03,global-SSGLAG%NE,CASSSGLAGVNEQFF,TRBV7-9*01,TRBJ2-1*01,none:none,1,0.000000,-,-,-,-,-,-,-,-,-,-,-

100,STG%P,3.9e-05,1,2,2.9e-08,1.0e+00,1.0e-03,1.0e+00,1.0e-03,2.9e-02,global-STG%P,CASSTGQPQHF,TRBV19*01,TRBJ1-5*01,none:none,1,0.000000,-,-,-,-,-,-,-,-,-,-,-
100,STG%P,3.9e-05,1,2,2.9e-08,1.0e+00,1.0e-03,1.0e+00,1.0e-03,2.9e-02,global-STG%P,CASSTGTPQFF,TRBV19*01,TRBJ2-1*01,none:none,1,0.000000,-,-,-,-,-,-,-,-,-,-,-

101,%GINNE,3.9e-05,1,2,1.6e-06,1.0e+00,5.6e-02,1.0e+00,1.0e-03,2.9e-02,global-%GINNE,CASSGINNEQFF,TRBV11-1*01,TRBJ2-1*01,none:none,1,0.000000,-,-,-,-,-,-,-,-,-,-,-
101,%GINNE,3.9e-05,1,2,1.6e-06,1.0e+00,5.6e-02,1.0e+00,1.0e-03,2.9e-02,global-%GINNE,CASQGINNEQFF,TRBV5-4*01,TRBJ2-1*01,none:none,1,0.000000,-,-,-,-,-,-,-,-,-,-,-

102,%DGLNE,3.9e-05,1,2,1.8e-06,1.0e+00,6.3e-02,1.0e+00,1.0e-03,2.9e-02,global-%DGLNE,CASSDGLNEQFF,TRBV6-4*01,TRBJ2-1*01,none:none,1,0.000000,-,-,-,-,-,-,-,-,-,-,-
102,%DGLNE,3.9e-05,1,2,1.8e-06,1.0e+00,6.3e-02,1.0e+00,1.0e-03,2.9e-02,global-%DGLNE,CSARDGLNEQFF,TRBV20-1*01,TRBJ2-1*01,none:none,1,0.000000,-,-,-,-,-,-,-,-,-,-,-

103,E%RNYG,3.9e-05,1,2,2.9e-08,1.0e+00,1.0e-03,1.0e+00,1.0e-03,2.9e-02,global-E%RNYG,CSVESRNYGYTF,TRBV29-1*01,TRBJ1-2*01,none:none,1,0.000000,-,-,-,-,-,-,-,-,-,-,-
103,E%RNYG,3.9e-05,1,2,2.9e-08,1.0e+00,1.0e-03,1.0e+00,1.0e-03,2.9e-02,global-E%RNYG,CSVEGRNYGYTF,TRBV29-1*01,TRBJ1-2*01,none:none,1,0.000000,-,-,-,-,-,-,-,-,-,-,-

104,STG%WG,3.9e-05,1,2,2.9e-08,1.0e+00,1.0e-03,1.0e+00,1.0e-03,2.9e-02,global-STG%WG,CASSTGLWGYTF,TRBV19*01,TRBJ1-2*01,none:none,1,0.000000,-,-,-,-,-,-,-,-,-,-,-
104,STG%WG,3.9e-05,1,2,2.9e-08,1.0e+00,1.0e-03,1.0e+00,1.0e-03,2.9e-02,global-STG%WG,CASSTGAWGYTF,TRBV19*01,TRBJ1-2*01,none:none,1,0.000000,-,-,-,-,-,-,-,-,-,-,-

105,SFG%HG,3.9e-05,1,2,2.9e-08,1.0e+00,1.0e-03,1.0e+00,1.0e-03,2.9e-02,global-SFG%HG,CASSFGVHGYTF,TRBV19*01,TRBJ1-2*01,none:none,1,0.000000,-,-,-,-,-,-,-,-,-,-,-
105,SFG%HG,3.9e-05,1,2,2.9e-08,1.0e+00,1.0e-03,1.0e+00,1.0e-03,2.9e-02,global-SFG%HG,CASSFGLHGYTF,TRBV19*01,TRBJ1-2*01,none:none,1,0.000000,-,-,-,-,-,-,-,-,-,-,-

106,SFGL%G,3.9e-05,1,2,2.9e-08,1.0e+00,1.0e-03,1.0e+00,1.0e-03,2.9e-02,global-SFGL%G,CASSFGLHGYTF,TRBV19*01,TRBJ1-2*01,none:none,1,0.000000,-,-,-,-,-,-,-,-,-,-,-
106,SFGL%G,3.9e-05,1,2,2.9e-08,1.0e+00,1.0e-03,1.0e+00,1.0e-03,2.9e-02,global-SFGL%G,CASSFGLYGYTF,TRBV19*01,TRBJ1-2*01,none:none,1,0.000000,-,-,-,-,-,-,-,-,-,-,-

107,SIGL%G,3.9e-05,1,2,2.9e-08,1.0e+00,1.0e-03,1.0e+00,1.0e-03,2.9e-02,global-SIGL%G,CASSIGLYGYTF,TRBV19*01,TRBJ1-2*01,none:none,1,0.000000,-,-,-,-,-,-,-,-,-,-,-
107,SIGL%G,3.9e-05,1,2,2.9e-08,1.0e+00,1.0e-03,1.0e+00,1.0e-03,2.9e-02,global-SIGL%G,CASSIGLYGYTF,TRBV19*01,TRBJ1-2*01,none:none,1,0.000000,-,-,-,-,-,-,-,-,-,-,-
107,SIGL%G,3.9e-05,1,2,2.9e-08,1.0e+00,1.0e-03,1.0e+00,1.0e-03,2.9e-02,global-SIGL%G,CASSIGLYGYTF,TRBV19*01,TRBJ1-2*01,none:none,1,0.000000,-,-,-,-,-,-,-,-,-,-,-
107,SIGL%G,3.9e-05,1,2,2.9e-08,1.0e+00,1.0e-03,1.0e+00,1.0e-03,2.9e-02,global-SIGL%G,CASSIGLYGYTF,TRBV19*01,TRBJ1-2*01,none:none,1,0.000000,-,-,-,-,-,-,-,-,-,-,-
107,SIGL%G,3.9e-05,1,2,2.9e-08,1.0e+00,1.0e-03,1.0e+00,1.0e-03,2.9e-02,global-SIGL%G,CASSIGLFGYTF,TRBV19*01,TRBJ1-2*01,none:none,1,0.000000,-,-,-,-,-,-,-,-,-,-,-

108,SIGY%G,3.9e-05,1,2,2.9e-08,1.0e+00,1.0e-03,1.0e+00,1.0e-03,2.9e-02,global-SIGY%G,CASSIGYHGYTF,TRBV19*01,TRBJ1-2*01,none:none,1,0.000000,-,-,-,-,-,-,-,-,-,-,-
108,SIGY%G,3.9e-05,1,2,2.9e-08,1.0e+00,1.0e-03,1.0e+00,1.0e-03,2.9e-02,global-SIGY%G,CASSIGYYGYTF,TRBV19*01,TRBJ1-2*01,none:none,1,0.000000,-,-,-,-,-,-,-,-,-,-,-
108,SIGY%G,3.9e-05,1,2,2.9e-08,1.0e+00,1.0e-03,1.0e+00,1.0e-03,2.9e-02,global-SIGY%G,CASSIGYYGYTF,TRBV19*01,TRBJ1-2*01,none:none,1,0.000000,-,-,-,-,-,-,-,-,-,-,-

109,TPSG%G,3.9e-05,1,2,1.8e-06,1.0e+00,6.3e-02,1.0e+00,1.0e-03,2.9e-02,global-TPSG%G,CASTPSGDGYTF,TRBV19*01,TRBJ1-2*01,none:none,1,0.000000,-,-,-,-,-,-,-,-,-,-,-
109,TPSG%G,3.9e-05,1,2,1.8e-06,1.0e+00,6.3e-02,1.0e+00,1.0e-03,2.9e-02,global-TPSG%G,CSATPSGYGYTF,TRBV20-1*01,TRBJ1-2*01,none:none,1,0.000000,-,-,-,-,-,-,-,-,-,-,-

110,SIGVH%,3.9e-05,1,2,2.9e-08,1.0e+00,1.0e-03,1.0e+00,1.0e-03,2.9e-02,global-SIGVH%,CASSIGVHEQYF,TRBV19*01,TRBJ2-7*01,none:none,1,0.000000,-,-,-,-,-,-,-,-,-,-,-
110,SIGVH%,3.9e-05,1,2,2.9e-08,1.0e+00,1.0e-03,1.0e+00,1.0e-03,2.9e-02,global-SIGVH%,CASSIGVHGYTF,TRBV19*01,TRBJ1-2*01,none:none,1,0.000000,-,-,-,-,-,-,-,-,-,-,-
110,SIGVH%,3.9e-05,1,2,2.9e-08,1.0e+00,1.0e-03,1.0e+00,1.0e-03,2.9e-02,global-SIGVH%,CASSIGVHGYTF,TRBV19*01,TRBJ1-2*01,none:none,1,0.000000,-,-,-,-,-,-,-,-,-,-,-
110,SIGVH%,3.9e-05,1,2,2.9e-08,1.0e+00,1.0e-03,1.0e+00,1.0e-03,2.9e-02,global-SIGVH%,CASSIGVHGYTF,TRBV19*01,TRBJ1-2*01,none:none,1,0.000000,-,-,-,-,-,-,-,-,-,-,-
110,SIGVH%,3.9e-05,1,2,2.9e-08,1.0e+00,1.0e-03,1.0e+00,1.0e-03,2.9e-02,global-SIGVH%,CASSIGVHGYTF,TRBV19*01,TRBJ1-2*01,none:none,1,0.000000,-,-,-,-,-,-,-,-,-,-,-

111,S%RASEG,3.9e-05,1,2,2.9e-08,1.0e+00,1.0e-03,1.0e+00,1.0e-03,2.9e-02,global-S%RASEG,CASSARASEGAFF,TRBV19*01,TRBJ1-1*01,none:none,1,0.000000,-,-,-,-,-,-,-,-,-,-,-
111,S%RASEG,3.9e-05,1,2,2.9e-08,1.0e+00,1.0e-03,1.0e+00,1.0e-03,2.9e-02,global-S%RASEG,CASSTRASEGQYF,TRBV19*01,TRBJ2-7*01,none:none,1,0.000000,-,-,-,-,-,-,-,-,-,-,-

112,S%RATGE,3.9e-05,1,3,6.2e-09,1.0e+00,1.0e-03,1.0e+00,1.0e-03,6.2e-03,global-S%RATGE,CASSIRATGELFF,TRBV19*01,TRBJ2-2*01,none:none,1,0.000000,-,-,-,-,-,-,-,-,-,-,-
112,S%RATGE,3.9e-05,1,3,6.2e-09,1.0e+00,1.0e-03,1.0e+00,1.0e-03,6.2e-03,global-S%RATGE,CASSSRATGELFF,TRBV19*01,TRBJ2-2*01,none:none,1,0.000000,-,-,-,-,-,-,-,-,-,-,-
112,S%RATGE,3.9e-05,1,3,6.2e-09,1.0e+00,1.0e-03,1.0e+00,1.0e-03,6.2e-03,global-S%RATGE,CASSMRATGELFF,TRBV19*01,TRBJ2-2*01,none:none,1,0.000000,-,-,-,-,-,-,-,-,-,-,-

113,S%RSANE,3.9e-05,1,2,2.9e-08,1.0e+00,1.0e-03,1.0e+00,1.0e-03,2.9e-02,global-S%RSANE,CASSFRSANEQFF,TRBV19*01,TRBJ2-1*01,none:none,1,0.000000,-,-,-,-,-,-,-,-,-,-,-
113,S%RSANE,3.9e-05,1,2,2.9e-08,1.0e+00,1.0e-03,1.0e+00,1.0e-03,2.9e-02,global-S%RSANE,CASSSRSANEQFF,TRBV19*01,TRBJ2-1*01,none:none,1,0.000000,-,-,-,-,-,-,-,-,-,-,-

114,S%RSAWE,3.9e-05,1,2,2.9e-08,1.0e+00,1.0e-03,1.0e+00,1.0e-03,2.9e-02,global-S%RSAWE,CASSMRSAWEQFF,TRBV19*01,TRBJ2-1*01,none:none,1,0.000000,-,-,-,-,-,-,-,-,-,-,-
114,S%RSAWE,3.9e-05,1,2,2.9e-08,1.0e+00,1.0e-03,1.0e+00,1.0e-03,2.9e-02,global-S%RSAWE,CASSIRSAWEQFF,TRBV19*01,TRBJ2-1*01,none:none,1,0.000000,-,-,-,-,-,-,-,-,-,-,-

115,S%RSTVE,3.9e-05,1,2,2.9e-08,1.0e+00,1.0e-03,1.0e+00,1.0e-03,2.9e-02,global-S%RSTVE,CASSTRSTVEQYF,TRBV19*01,TRBJ2-7*01,none:none,1,0.000000,-,-,-,-,-,-,-,-,-,-,-
115,S%RSTVE,3.9e-05,1,2,2.9e-08,1.0e+00,1.0e-03,1.0e+00,1.0e-03,2.9e-02,global-S%RSTVE,CASSIRSTVEQFF,TRBV19*01,TRBJ2-1*01,none:none,1,0.000000,-,-,-,-,-,-,-,-,-,-,-

116,S%RASHE,3.9e-05,1,2,2.9e-08,1.0e+00,1.0e-03,1.0e+00,1.0e-03,2.9e-02,global-S%RASHE,CASSSRASHEQYF,TRBV19*01,TRBJ2-7*01,none:none,1,0.000000,-,-,-,-,-,-,-,-,-,-,-
116,S%RASHE,3.9e-05,1,2,2.9e-08,1.0e+00,1.0e-03,1.0e+00,1.0e-03,2.9e-02,global-S%RASHE,CASSIRASHEQFF,TRBV19*01,TRBJ2-1*01,none:none,1,0.000000,-,-,-,-,-,-,-,-,-,-,-

117,S%SFGTE,3.9e-05,1,2,2.9e-08,1.0e+00,1.0e-03,1.0e+00,1.0e-03,2.9e-02,global-S%SFGTE,CASSLSFGTEAFF,TRBV6-4*01,TRBJ1-1*01,none:none,1,0.000000,-,-,-,-,-,-,-,-,-,-,-
117,S%SFGTE,3.9e-05,1,2,2.9e-08,1.0e+00,1.0e-03,1.0e+00,1.0e-03,2.9e-02,global-S%SFGTE,CASSWSFGTEAFF,TRBV6-4*01,TRBJ1-1*01,none:none,1,0.000000,-,-,-,-,-,-,-,-,-,-,-

118,S%YSVNE,3.9e-05,1,2,2.9e-08,1.0e+00,1.0e-03,1.0e+00,1.0e-03,2.9e-02,global-S%YSVNE,CASSKYSVNEQFF,TRBV19*01,TRBJ2-1*01,none:none,1,0.000000,-,-,-,-,-,-,-,-,-,-,-
118,S%YSVNE,3.9e-05,1,2,2.9e-08,1.0e+00,1.0e-03,1.0e+00,1.0e-03,2.9e-02,global-S%YSVNE,CASSHYSVNEQFF,TRBV19*01,TRBJ2-1*01,none:none,1,0.000000,-,-,-,-,-,-,-,-,-,-,-

119,G%GDGGE,3.9e-05,1,2,2.9e-08,1.0e+00,1.0e-03,1.0e+00,1.0e-03,2.9e-02,global-G%GDGGE,CSVGSGDGGEQFF,TRBV29-1*01,TRBJ2-1*01,none:none,1,0.000000,-,-,-,-,-,-,-,-,-,-,-
119,G%GDGGE,3.9e-05,1,2,2.9e-08,1.0e+00,1.0e-03,1.0e+00,1.0e-03,2.9e-02,global-G%GDGGE,CSSGTGDGGEQFF,TRBV29-1*01,TRBJ2-1*01,none:none,1,0.000000,-,-,-,-,-,-,-,-,-,-,-

120,P%GPNEK,3.9e-05,1,2,2.9e-08,1.0e+00,1.0e-03,1.0e+00,1.0e-03,2.9e-02,global-P%GPNEK,CSAPWGPNEKLFF,TRBV20-1*01,TRBJ1-4*01,none:none,1,0.000000,-,-,-,-,-,-,-,-,-,-,-
120,P%GPNEK,3.9e-05,1,2,2.9e-08,1.0e+00,1.0e-03,1.0e+00,1.0e-03,2.9e-02,global-P%GPNEK,CSSPGGPNEKLFF,TRBV20-1*01,TRBJ1-4*01,none:none,1,0.000000,-,-,-,-,-,-,-,-,-,-,-
120,P%GPNEK,3.9e-05,1,2,2.9e-08,1.0e+00,1.0e-03,1.0e+00,1.0e-03,2.9e-02,global-P%GPNEK,CSSPGGPNEKLFF,TRBV20-1*01,TRBJ1-4*01,none:none,1,0.000000,-,-,-,-,-,-,-,-,-,-,-

121,S%RSTGG,3.9e-05,1,2,2.9e-08,1.0e+00,1.0e-03,1.0e+00,1.0e-03,2.9e-02,global-S%RSTGG,CASSIRSTGGLFF,TRBV19*01,TRBJ2-2*01,none:none,1,0.000000,-,-,-,-,-,-,-,-,-,-,-
121,S%RSTGG,3.9e-05,1,2,2.9e-08,1.0e+00,1.0e-03,1.0e+00,1.0e-03,2.9e-02,global-S%RSTGG,CASSVRSTGGLFF,TRBV19*01,TRBJ2-2*01,none:none,1,0.000000,-,-,-,-,-,-,-,-,-,-,-

122,S%RSGHE,3.9e-05,1,2,2.9e-08,1.0e+00,1.0e-03,1.0e+00,1.0e-03,2.9e-02,global-S%RSGHE,CASSIRSGHEQYF,TRBV19*01,TRBJ2-7*01,none:none,1,0.000000,-,-,-,-,-,-,-,-,-,-,-
122,S%RSGHE,3.9e-05,1,2,2.9e-08,1.0e+00,1.0e-03,1.0e+00,1.0e-03,2.9e-02,global-S%RSGHE,CASSVRSGHEQYF,TRBV19*01,TRBJ2-7*01,none:none,1,0.000000,-,-,-,-,-,-,-,-,-,-,-

123,SM%SAHE,3.9e-05,1,2,2.9e-08,1.0e+00,1.0e-03,1.0e+00,1.0e-03,2.9e-02,global-SM%SAHE,CASSMRSAHEQYF,TRBV19*01,TRBJ2-7*01,none:none,1,0.000000,-,-,-,-,-,-,-,-,-,-,-
123,SM%SAHE,3.9e-05,1,2,2.9e-08,1.0e+00,1.0e-03,1.0e+00,1.0e-03,2.9e-02,global-SM%SAHE,CASSMWSAHEQYF,TRBV19*01,TRBJ2-7*01,none:none,1,0.000000,-,-,-,-,-,-,-,-,-,-,-

124,AG%GVEK,3.9e-05,1,2,2.9e-08,1.0e+00,1.0e-03,1.0e+00,1.0e-03,2.9e-02,global-AG%GVEK,CASAGTGVEKLFF,TRBV19*01,TRBJ1-4*01,none:none,1,0.000000,-,-,-,-,-,-,-,-,-,-,-
124,AG%GVEK,3.9e-05,1,2,2.9e-08,1.0e+00,1.0e-03,1.0e+00,1.0e-03,2.9e-02,global-AG%GVEK,CASAGAGVEKLFF,TRBV19*01,TRBJ1-4*01,none:none,1,0.000000,-,-,-,-,-,-,-,-,-,-,-

125,SL%GYNE,3.9e-05,1,5,3.3e-07,1.0e+00,2.3e-01,1.0e+00,1.0e-03,1.5e-03,global-SL%GYNE,CASSLQGYNEQFF,TRBV19*01,TRBJ2-1*01,none:none,1,0.000000,-,-,-,-,-,-,-,-,-,-,-
125,SL%GYNE,3.9e-05,1,5,3.3e-07,1.0e+00,2.3e-01,1.0e+00,1.0e-03,1.5e-03,global-SL%GYNE,CASSLAGYNEQFF,TRBV7-2*01,TRBJ2-1*01,none:none,1,0.000000,-,-,-,-,-,-,-,-,-,-,-
125,SL%GYNE,3.9e-05,1,5,3.3e-07,1.0e+00,2.3e-01,1.0e+00,1.0e-03,1.5e-03,global-SL%GYNE,CASSLAGYNEQFF,TRBV5-1*01,TRBJ2-1*01,none:none,1,0.000000,-,-,-,-,-,-,-,-,-,-,-
125,SL%GYNE,3.9e-05,1,5,3.3e-07,1.0e+00,2.3e-01,1.0e+00,1.0e-03,1.5e-03,global-SL%GYNE,CASSLPGYNEQFF,TRBV7-2*01,TRBJ2-1*01,none:none,1,0.000000,-,-,-,-,-,-,-,-,-,-,-
125,SL%GYNE,3.9e-05,1,5,3.3e-07,1.0e+00,2.3e-01,1.0e+00,1.0e-03,1.5e-03,global-SL%GYNE,CASSLPGYNEQFF,TRBV7-2*01,TRBJ2-1*01,none:none,1,0.000000,-,-,-,-,-,-,-,-,-,-,-
125,SL%GYNE,3.9e-05,1,5,3.3e-07,1.0e+00,2.3e-01,1.0e+00,1.0e-03,1.5e-03,global-SL%GYNE,CASSLGGYNEQFF,TRBV11-2*01,TRBJ2-1*01,none:none,1,0.000000,-,-,-,-,-,-,-,-,-,-,-
125,SL%GYNE,3.9e-05,1,5,3.3e-07,1.0e+00,2.3e-01,1.0e+00,1.0e-03,1.5e-03,global-SL%GYNE,CASSLLGYNEQFF,TRBV7-3*01,TRBJ2-1*01,none:none,1,0.000000,-,-,-,-,-,-,-,-,-,-,-

126,SG%SGTE,3.9e-05,1,2,1.7e-06,1.0e+00,6.0e-02,1.0e+00,1.0e-03,2.9e-02,global-SG%SGTE,CASSGTSGTEQYF,TRBV19*01,TRBJ2-7*01,none:none,1,0.000000,-,-,-,-,-,-,-,-,-,-,-
126,SG%SGTE,3.9e-05,1,2,1.7e-06,1.0e+00,6.0e-02,1.0e+00,1.0e-03,2.9e-02,global-SG%SGTE,CATSGSSGTEAFF,TRBV15*01,TRBJ1-1*01,none:none,1,0.000000,-,-,-,-,-,-,-,-,-,-,-

127,SLI%PGE,3.9e-05,1,2,1.8e-06,1.0e+00,6.2e-02,1.0e+00,1.0e-03,2.9e-02,global-SLI%PGE,CASSLIFPGELFF,TRBV27*01,TRBJ2-2*01,none:none,1,0.000000,-,-,-,-,-,-,-,-,-,-,-
127,SLI%PGE,3.9e-05,1,2,1.8e-06,1.0e+00,6.2e-02,1.0e+00,1.0e-03,2.9e-02,global-SLI%PGE,CAISLIYPGELFF,TRBV10-3*01,TRBJ2-2*01,none:none,1,0.000000,-,-,-,-,-,-,-,-,-,-,-

128,SIR%GVE,3.9e-05,1,2,2.9e-08,1.0e+00,1.0e-03,1.0e+00,1.0e-03,2.9e-02,global-SIR%GVE,CASSIRSGVEQYF,TRBV19*01,TRBJ2-7*01,none:none,1,0.000000,-,-,-,-,-,-,-,-,-,-,-
128,SIR%GVE,3.9e-05,1,2,2.9e-08,1.0e+00,1.0e-03,1.0e+00,1.0e-03,2.9e-02,global-SIR%GVE,CASSIRSGVEQYF,TRBV19*01,TRBJ2-7*01,none:none,1,0.000000,-,-,-,-,-,-,-,-,-,-,-
128,SIR%GVE,3.9e-05,1,2,2.9e-08,1.0e+00,1.0e-03,1.0e+00,1.0e-03,2.9e-02,global-SIR%GVE,CASSIRAGVEQFF,TRBV19*01,TRBJ2-1*01,none:none,1,0.000000,-,-,-,-,-,-,-,-,-,-,-

129,SIR%GTE,3.9e-05,1,2,2.9e-08,1.0e+00,1.0e-03,1.0e+00,1.0e-03,2.9e-02,global-SIR%GTE,CASSIRAGTEQFF,TRBV19*01,TRBJ2-1*01,none:none,1,0.000000,-,-,-,-,-,-,-,-,-,-,-
129,SIR%GTE,3.9e-05,1,2,2.9e-08,1.0e+00,1.0e-03,1.0e+00,1.0e-03,2.9e-02,global-SIR%GTE,CASSIRSGTEAFF,TRBV19*01,TRBJ1-1*01,none:none,1,0.000000,-,-,-,-,-,-,-,-,-,-,-

130,SIR%GFE,3.9e-05,1,2,2.9e-08,1.0e+00,1.0e-03,1.0e+00,1.0e-03,2.9e-02,global-SIR%GFE,CASSIRSGFEQFF,TRBV19*01,TRBJ2-1*01,none:none,1,0.000000,-,-,-,-,-,-,-,-,-,-,-
130,SIR%GFE,3.9e-05,1,2,2.9e-08,1.0e+00,1.0e-03,1.0e+00,1.0e-03,2.9e-02,global-SIR%GFE,CASSIRAGFEQYF,TRBV19*01,TRBJ2-7*01,none:none,1,0.000000,-,-,-,-,-,-,-,-,-,-,-

131,SQA%MAE,3.9e-05,1,2,2.9e-08,1.0e+00,1.0e-03,1.0e+00,1.0e-03,2.9e-02,global-SQA%MAE,CVSSQAGMAEQFF,TRBV3-1*01,TRBJ2-1*01,none:none,1,0.000000,-,-,-,-,-,-,-,-,-,-,-
131,SQA%MAE,3.9e-05,1,2,2.9e-08,1.0e+00,1.0e-03,1.0e+00,1.0e-03,2.9e-02,global-SQA%MAE,CASSQARMAEQFF,TRBV3-1*01,TRBJ2-1*01,none:none,1,0.000000,-,-,-,-,-,-,-,-,-,-,-

132,SIV%LDT,3.9e-05,1,2,2.9e-08,1.0e+00,1.0e-03,1.0e+00,1.0e-03,2.9e-02,global-SIV%LDT,CASSIVPLDTQYF,TRBV19*01,TRBJ2-3*01,none:none,1,0.000000,-,-,-,-,-,-,-,-,-,-,-
132,SIV%LDT,3.9e-05,1,2,2.9e-08,1.0e+00,1.0e-03,1.0e+00,1.0e-03,2.9e-02,global-SIV%LDT,CASSIVALDTQYF,TRBV19*01,TRBJ2-3*01,none:none,1,0.000000,-,-,-,-,-,-,-,-,-,-,-

133,SYS%GET,3.9e-05,1,2,2.3e-07,1.0e+00,8.0e-03,1.0e+00,1.0e-03,2.9e-02,global-SYS%GET,CASSYSGGETQYF,TRBV6-5*01,TRBJ2-5*01,none:none,1,0.000000,-,-,-,-,-,-,-,-,-,-,-
133,SYS%GET,3.9e-05,1,2,2.3e-07,1.0e+00,8.0e-03,1.0e+00,1.0e-03,2.9e-02,global-SYS%GET,CASSYSIGETQYF,TRBV6-3*01,TRBJ2-5*01,none:none,1,0.000000,-,-,-,-,-,-,-,-,-,-,-
133,SYS%GET,3.9e-05,1,2,2.3e-07,1.0e+00,8.0e-03,1.0e+00,1.0e-03,2.9e-02,global-SYS%GET,CASSYSIGETQYF,TRBV6-3*01,TRBJ2-5*01,none:none,1,0.000000,-,-,-,-,-,-,-,-,-,-,-

134,SIR%SHE,3.9e-05,1,2,2.9e-08,1.0e+00,1.0e-03,1.0e+00,1.0e-03,2.9e-02,global-SIR%SHE,CASSIRSSHEQYF,TRBV19*01,TRBJ2-7*01,none:none,1,0.000000,-,-,-,-,-,-,-,-,-,-,-
134,SIR%SHE,3.9e-05,1,2,2.9e-08,1.0e+00,1.0e-03,1.0e+00,1.0e-03,2.9e-02,global-SIR%SHE,CASSIRASHEQFF,TRBV19*01,TRBJ2-1*01,none:none,1,0.000000,-,-,-,-,-,-,-,-,-,-,-

135,SMR%GET,3.9e-05,1,2,2.9e-08,1.0e+00,1.0e-03,1.0e+00,1.0e-03,2.9e-02,global-SMR%GET,CASSMRSGETQYF,TRBV19*01,TRBJ2-5*01,none:none,1,0.000000,-,-,-,-,-,-,-,-,-,-,-
135,SMR%GET,3.9e-05,1,2,2.9e-08,1.0e+00,1.0e-03,1.0e+00,1.0e-03,2.9e-02,global-SMR%GET,CASSMRAGETQYF,TRBV19*01,TRBJ2-5*01,none:none,1,0.000000,-,-,-,-,-,-,-,-,-,-,-
135,SMR%GET,3.9e-05,1,2,2.9e-08,1.0e+00,1.0e-03,1.0e+00,1.0e-03,2.9e-02,global-SMR%GET,CASSMRAGETQYF,TRBV19*01,TRBJ2-5*01,none:none,1,0.000000,-,-,-,-,-,-,-,-,-,-,-

136,SIH%NQP,3.9e-05,1,2,2.9e-08,1.0e+00,1.0e-03,1.0e+00,1.0e-03,2.9e-02,global-SIH%NQP,CASSIHSNQPQHF,TRBV19*01,TRBJ1-5*01,none:none,1,0.000000,-,-,-,-,-,-,-,-,-,-,-
136,SIH%NQP,3.9e-05,1,2,2.9e-08,1.0e+00,1.0e-03,1.0e+00,1.0e-03,2.9e-02,global-SIH%NQP,CASSIHKNQPQHF,TRBV19*01,TRBJ1-5*01,none:none,1,0.000000,-,-,-,-,-,-,-,-,-,-,-

137,SIY%TDT,3.9e-05,1,2,2.9e-08,1.0e+00,1.0e-03,1.0e+00,1.0e-03,2.9e-02,global-SIY%TDT,CASSIYGTDTQYF,TRBV19*01,TRBJ2-3*01,none:none,1,0.000000,-,-,-,-,-,-,-,-,-,-,-
137,SIY%TDT,3.9e-05,1,2,2.9e-08,1.0e+00,1.0e-03,1.0e+00,1.0e-03,2.9e-02,global-SIY%TDT,CASSIYHTDTQYF,TRBV19*01,TRBJ2-3*01,none:none,1,0.000000,-,-,-,-,-,-,-,-,-,-,-

138,STR%GNT,3.9e-05,1,2,2.9e-08,1.0e+00,1.0e-03,1.0e+00,1.0e-03,2.9e-02,global-STR%GNT,CASSTRFGNTIYF,TRBV19*01,TRBJ1-3*01,none:none,1,0.000000,-,-,-,-,-,-,-,-,-,-,-
138,STR%GNT,3.9e-05,1,2,2.9e-08,1.0e+00,1.0e-03,1.0e+00,1.0e-03,2.9e-02,global-STR%GNT,CASSTRSGNTIYF,TRBV19*01,TRBJ1-3*01,none:none,1,0.000000,-,-,-,-,-,-,-,-,-,-,-

139,SIRA%NE,3.9e-05,1,2,2.9e-08,1.0e+00,1.0e-03,1.0e+00,1.0e-03,2.9e-02,global-SIRA%NE,CASSIRASNEQFF,TRBV19*01,TRBJ2-1*01,none:none,1,0.000000,-,-,-,-,-,-,-,-,-,-,-
139,SIRA%NE,3.9e-05,1,2,2.9e-08,1.0e+00,1.0e-03,1.0e+00,1.0e-03,2.9e-02,global-SIRA%NE,CASSIRADNEQFF,TRBV19*01,TRBJ2-1*01,none:none,1,0.000000,-,-,-,-,-,-,-,-,-,-,-

140,STRS%VE,3.9e-05,1,2,2.9e-08,1.0e+00,1.0e-03,1.0e+00,1.0e-03,2.9e-02,global-STRS%VE,CASSTRSTVEQYF,TRBV19*01,TRBJ2-7*01,none:none,1,0.000000,-,-,-,-,-,-,-,-,-,-,-
140,STRS%VE,3.9e-05,1,2,2.9e-08,1.0e+00,1.0e-03,1.0e+00,1.0e-03,2.9e-02,global-STRS%VE,CASSTRSSVEQYF,TRBV19*01,TRBJ2-7*01,none:none,1,0.000000,-,-,-,-,-,-,-,-,-,-,-

141,SVRA%YE,3.9e-05,1,2,2.9e-08,1.0e+00,1.0e-03,1.0e+00,1.0e-03,2.9e-02,global-SVRA%YE,CASSVRASYEQYF,TRBV19*01,TRBJ1-2*01,none:none,1,0.000000,-,-,-,-,-,-,-,-,-,-,-
141,SVRA%YE,3.9e-05,1,2,2.9e-08,1.0e+00,1.0e-03,1.0e+00,1.0e-03,2.9e-02,global-SVRA%YE,CASSVRAAYEQYF,TRBV19*01,TRBJ2-7*01,none:none,1,0.000000,-,-,-,-,-,-,-,-,-,-,-

142,SMRS%YE,3.9e-05,1,2,2.9e-08,1.0e+00,1.0e-03,1.0e+00,1.0e-03,2.9e-02,global-SMRS%YE,CASSMRSSYEQYF,TRBV19*01,TRBJ2-7*01,none:none,1,0.000000,-,-,-,-,-,-,-,-,-,-,-
142,SMRS%YE,3.9e-05,1,2,2.9e-08,1.0e+00,1.0e-03,1.0e+00,1.0e-03,2.9e-02,global-SMRS%YE,CASSMRSAYEQYF,TRBV19*01,TRBJ2-7*01,none:none,1,0.000000,-,-,-,-,-,-,-,-,-,-,-

143,SMTS%NE,3.9e-05,1,2,2.0e-06,1.0e+00,6.9e-02,1.0e+00,1.0e-03,2.9e-02,global-SMTS%NE,CASSMTSINEQYF,TRBV19*01,TRBJ2-7*01,none:none,1,0.000000,-,-,-,-,-,-,-,-,-,-,-
143,SMTS%NE,3.9e-05,1,2,2.0e-06,1.0e+00,6.9e-02,1.0e+00,1.0e-03,2.9e-02,global-SMTS%NE,CASSMTSYNEQFF,TRBV27*01,TRBJ2-1*01,none:none,1,0.000000,-,-,-,-,-,-,-,-,-,-,-

144,SIRS%EK,3.9e-05,1,2,2.9e-08,1.0e+00,1.0e-03,1.0e+00,1.0e-03,2.9e-02,global-SIRS%EK,CASSIRSDEKLFF,TRBV19*01,TRBJ1-4*01,none:none,1,0.000000,-,-,-,-,-,-,-,-,-,-,-
144,SIRS%EK,3.9e-05,1,2,2.9e-08,1.0e+00,1.0e-03,1.0e+00,1.0e-03,2.9e-02,global-SIRS%EK,CASSIRSDEKLFF,TRBV19*01,TRBJ1-4*01,none:none,1,0.000000,-,-,-,-,-,-,-,-,-,-,-
144,SIRS%EK,3.9e-05,1,2,2.9e-08,1.0e+00,1.0e-03,1.0e+00,1.0e-03,2.9e-02,global-SIRS%EK,CASSIRSDEKLFF,TRBV19*01,TRBJ1-4*01,none:none,1,0.000000,-,-,-,-,-,-,-,-,-,-,-
144,SIRS%EK,3.9e-05,1,2,2.9e-08,1.0e+00,1.0e-03,1.0e+00,1.0e-03,2.9e-02,global-SIRS%EK,CASSIRSTEKLFF,TRBV19*01,TRBJ1-4*01,none:none,1,0.000000,-,-,-,-,-,-,-,-,-,-,-

145,SMRA%VE,3.9e-05,1,2,2.9e-08,1.0e+00,1.0e-03,1.0e+00,1.0e-03,2.9e-02,global-SMRA%VE,CASSMRAGVEQFF,TRBV19*01,TRBJ2-1*01,none:none,1,0.000000,-,-,-,-,-,-,-,-,-,-,-
145,SMRA%VE,3.9e-05,1,2,2.9e-08,1.0e+00,1.0e-03,1.0e+00,1.0e-03,2.9e-02,global-SMRA%VE,CASSMRASVEQFF,TRBV19*01,TRBJ2-1*01,none:none,1,0.000000,-,-,-,-,-,-,-,-,-,-,-
145,SMRA%VE,3.9e-05,1,2,2.9e-08,1.0e+00,1.0e-03,1.0e+00,1.0e-03,2.9e-02,global-SMRA%VE,CASSMRASVEQFF,TRBV19*01,TRBJ2-1*01,none:none,1,0.000000,-,-,-,-,-,-,-,-,-,-,-

146,SRRS%QP,3.9e-05,1,2,2.9e-08,1.0e+00,1.0e-03,1.0e+00,1.0e-03,2.9e-02,global-SRRS%QP,CASSRRSNQPQHF,TRBV19*01,TRBJ1-5*01,none:none,1,0.000000,-,-,-,-,-,-,-,-,-,-,-
146,SRRS%QP,3.9e-05,1,2,2.9e-08,1.0e+00,1.0e-03,1.0e+00,1.0e-03,2.9e-02,global-SRRS%QP,CASSRRSTQPQHF,TRBV19*01,TRBJ1-5*01,none:none,1,0.000000,-,-,-,-,-,-,-,-,-,-,-

147,STRS%DT,3.9e-05,1,2,2.9e-08,1.0e+00,1.0e-03,1.0e+00,1.0e-03,2.9e-02,global-STRS%DT,CASSTRSTDTQYF,TRBV19*01,TRBJ2-3*01,none:none,1,0.000000,-,-,-,-,-,-,-,-,-,-,-
147,STRS%DT,3.9e-05,1,2,2.9e-08,1.0e+00,1.0e-03,1.0e+00,1.0e-03,2.9e-02,global-STRS%DT,CASSTRSTDTQYF,TRBV19*01,TRBJ2-3*01,none:none,1,0.000000,-,-,-,-,-,-,-,-,-,-,-
147,STRS%DT,3.9e-05,1,2,2.9e-08,1.0e+00,1.0e-03,1.0e+00,1.0e-03,2.9e-02,global-STRS%DT,CASSTRSTDTQYF,TRBV19*01,TRBJ2-3*01,none:none,1,0.000000,-,-,-,-,-,-,-,-,-,-,-
147,STRS%DT,3.9e-05,1,2,2.9e-08,1.0e+00,1.0e-03,1.0e+00,1.0e-03,2.9e-02,global-STRS%DT,CASSTRSTDTQYF,TRBV19*01,TRBJ2-3*01,none:none,1,0.000000,-,-,-,-,-,-,-,-,-,-,-
147,STRS%DT,3.9e-05,1,2,2.9e-08,1.0e+00,1.0e-03,1.0e+00,1.0e-03,2.9e-02,global-STRS%DT,CASSTRSADTQYF,TRBV19*01,TRBJ2-3*01,none:none,1,0.000000,-,-,-,-,-,-,-,-,-,-,-

148,SIRS%QP,3.9e-05,1,2,2.9e-08,1.0e+00,1.0e-03,1.0e+00,1.0e-03,2.9e-02,global-SIRS%QP,CASSIRSSQPQHF,TRBV19*01,TRBJ1-5*01,none:none,1,0.000000,-,-,-,-,-,-,-,-,-,-,-
148,SIRS%QP,3.9e-05,1,2,2.9e-08,1.0e+00,1.0e-03,1.0e+00,1.0e-03,2.9e-02,global-SIRS%QP,CASSIRSNQPQHF,TRBV19*01,TRBJ1-5*01,none:none,1,0.000000,-,-,-,-,-,-,-,-,-,-,-

149,GSGD%GE,3.9e-05,1,2,2.9e-08,1.0e+00,1.0e-03,1.0e+00,1.0e-03,2.9e-02,global-GSGD%GE,CSVGSGDGGEQFF,TRBV29-1*01,TRBJ2-1*01,none:none,1,0.000000,-,-,-,-,-,-,-,-,-,-,-
149,GSGD%GE,3.9e-05,1,2,2.9e-08,1.0e+00,1.0e-03,1.0e+00,1.0e-03,2.9e-02,global-GSGD%GE,CSVGSGDHGEQFF,TRBV29-1*01,TRBJ2-1*01,none:none,1,0.000000,-,-,-,-,-,-,-,-,-,-,-
149,GSGD%GE,3.9e-05,1,2,2.9e-08,1.0e+00,1.0e-03,1.0e+00,1.0e-03,2.9e-02,global-GSGD%GE,CSVGSGDHGEQFF,TRBV29-1*01,TRBJ2-1*01,none:none,1,0.000000,-,-,-,-,-,-,-,-,-,-,-
149,GSGD%GE,3.9e-05,1,2,2.9e-08,1.0e+00,1.0e-03,1.0e+00,1.0e-03,2.9e-02,global-GSGD%GE,CSVGSGDHGEQFF,TRBV29-1*01,TRBJ2-1*01,none:none,1,0.000000,-,-,-,-,-,-,-,-,-,-,-
149,GSGD%GE,3.9e-05,1,2,2.9e-08,1.0e+00,1.0e-03,1.0e+00,1.0e-03,2.9e-02,global-GSGD%GE,CSVGSGDHGEQFF,TRBV29-1*01,TRBJ2-1*01,none:none,1,0.000000,-,-,-,-,-,-,-,-,-,-,-
149,GSGD%GE,3.9e-05,1,2,2.9e-08,1.0e+00,1.0e-03,1.0e+00,1.0e-03,2.9e-02,global-GSGD%GE,CSVGSGDHGEQFF,TRBV29-1*01,TRBJ2-1*01,none:none,1,0.000000,-,-,-,-,-,-,-,-,-,-,-
149,GSGD%GE,3.9e-05,1,2,2.9e-08,1.0e+00,1.0e-03,1.0e+00,1.0e-03,2.9e-02,global-GSGD%GE,CSVGSGDHGEQFF,TRBV29-1*01,TRBJ2-1*01,none:none,1,0.000000,-,-,-,-,-,-,-,-,-,-,-
149,GSGD%GE,3.9e-05,1,2,2.9e-08,1.0e+00,1.0e-03,1.0e+00,1.0e-03,2.9e-02,global-GSGD%GE,CSVGSGDHGEQFF,TRBV29-1*01,TRBJ2-1*01,none:none,1,0.000000,-,-,-,-,-,-,-,-,-,-,-
149,GSGD%GE,3.9e-05,1,2,2.9e-08,1.0e+00,1.0e-03,1.0e+00,1.0e-03,2.9e-02,global-GSGD%GE,CSVGSGDHGEQFF,TRBV29-1*01,TRBJ2-1*01,none:none,1,0.000000,-,-,-,-,-,-,-,-,-,-,-
149,GSGD%GE,3.9e-05,1,2,2.9e-08,1.0e+00,1.0e-03,1.0e+00,1.0e-03,2.9e-02,global-GSGD%GE,CSVGSGDHGEQFF,TRBV29-1*01,TRBJ2-1*01,none:none,1,0.000000,-,-,-,-,-,-,-,-,-,-,-
149,GSGD%GE,3.9e-05,1,2,2.9e-08,1.0e+00,1.0e-03,1.0e+00,1.0e-03,2.9e-02,global-GSGD%GE,CSVGSGDHGEQFF,TRBV29-1*01,TRBJ2-1*01,none:none,1,0.000000,-,-,-,-,-,-,-,-,-,-,-
149,GSGD%GE,3.9e-05,1,2,2.9e-08,1.0e+00,1.0e-03,1.0e+00,1.0e-03,2.9e-02,global-GSGD%GE,CSVGSGDHGEQFF,TRBV29-1*01,TRBJ2-1*01,none:none,1,0.000000,-,-,-,-,-,-,-,-,-,-,-

150,SIVS%GE,3.9e-05,1,2,2.9e-08,1.0e+00,1.0e-03,1.0e+00,1.0e-03,2.9e-02,global-SIVS%GE,CASSIVSQGELFF,TRBV19*01,TRBJ2-2*01,none:none,1,0.000000,-,-,-,-,-,-,-,-,-,-,-
150,SIVS%GE,3.9e-05,1,2,2.9e-08,1.0e+00,1.0e-03,1.0e+00,1.0e-03,2.9e-02,global-SIVS%GE,CASSIVSTGELFF,TRBV19*01,TRBJ2-2*01,none:none,1,0.000000,-,-,-,-,-,-,-,-,-,-,-

151,PPGGA%E,3.9e-05,1,2,2.9e-08,1.0e+00,1.0e-03,1.0e+00,1.0e-03,2.9e-02,global-PPGGA%E,CSVPPGGASEAFF,TRBV29-1*01,TRBJ1-1*01,none:none,1,0.000000,-,-,-,-,-,-,-,-,-,-,-
151,PPGGA%E,3.9e-05,1,2,2.9e-08,1.0e+00,1.0e-03,1.0e+00,1.0e-03,2.9e-02,global-PPGGA%E,CSVPPGGANEQFF,TRBV29-1*01,TRBJ2-1*01,none:none,1,0.000000,-,-,-,-,-,-,-,-,-,-,-

152,SPRSG%E,3.9e-05,1,3,6.2e-09,1.0e+00,1.0e-03,1.0e+00,1.0e-03,6.2e-03,global-SPRSG%E,CASSPRSGIEAFF,TRBV19*01,TRBJ1-1*01,none:none,1,0.000000,-,-,-,-,-,-,-,-,-,-,-
152,SPRSG%E,3.9e-05,1,3,6.2e-09,1.0e+00,1.0e-03,1.0e+00,1.0e-03,6.2e-03,global-SPRSG%E,CASSPRSGTEQYF,TRBV19*01,TRBJ2-7*01,none:none,1,0.000000,-,-,-,-,-,-,-,-,-,-,-
152,SPRSG%E,3.9e-05,1,3,6.2e-09,1.0e+00,1.0e-03,1.0e+00,1.0e-03,6.2e-03,global-SPRSG%E,CASSPRSGVEQFF,TRBV19*01,TRBJ2-1*01,none:none,1,0.000000,-,-,-,-,-,-,-,-,-,-,-

153,SSRAS%E,3.9e-05,1,2,2.9e-08,1.0e+00,1.0e-03,1.0e+00,1.0e-03,2.9e-02,global-SSRAS%E,CASSSRASHEQYF,TRBV19*01,TRBJ2-7*01,none:none,1,0.000000,-,-,-,-,-,-,-,-,-,-,-
153,SSRAS%E,3.9e-05,1,2,2.9e-08,1.0e+00,1.0e-03,1.0e+00,1.0e-03,2.9e-02,global-SSRAS%E,CASSSRASYEQYF,TRBV19*01,TRBJ2-7*01,none:none,1,0.000000,-,-,-,-,-,-,-,-,-,-,-
153,SSRAS%E,3.9e-05,1,2,2.9e-08,1.0e+00,1.0e-03,1.0e+00,1.0e-03,2.9e-02,global-SSRAS%E,CASSSRASYEQYF,TRBV19*01,TRBJ2-7*01,none:none,1,0.000000,-,-,-,-,-,-,-,-,-,-,-
153,SSRAS%E,3.9e-05,1,2,2.9e-08,1.0e+00,1.0e-03,1.0e+00,1.0e-03,2.9e-02,global-SSRAS%E,CASSSRASYEQYF,TRBV19*01,TRBJ2-7*01,none:none,1,0.000000,-,-,-,-,-,-,-,-,-,-,-

154,STRSG%E,3.9e-05,1,2,2.9e-08,1.0e+00,1.0e-03,1.0e+00,1.0e-03,2.9e-02,global-STRSG%E,CASSTRSGYEQYF,TRBV19*01,TRBJ2-7*01,none:none,1,0.000000,-,-,-,-,-,-,-,-,-,-,-
154,STRSG%E,3.9e-05,1,2,2.9e-08,1.0e+00,1.0e-03,1.0e+00,1.0e-03,2.9e-02,global-STRSG%E,CASSTRSGTEAFF,TRBV19*01,TRBJ1-1*01,none:none,1,0.000000,-,-,-,-,-,-,-,-,-,-,-

155,STRAA%E,3.9e-05,1,2,2.9e-08,1.0e+00,1.0e-03,1.0e+00,1.0e-03,2.9e-02,global-STRAA%E,CASSTRAAYEQYF,TRBV19*01,TRBJ2-7*01,none:none,1,0.000000,-,-,-,-,-,-,-,-,-,-,-
155,STRAA%E,3.9e-05,1,2,2.9e-08,1.0e+00,1.0e-03,1.0e+00,1.0e-03,2.9e-02,global-STRAA%E,CASSTRAAGELFF,TRBV19*01,TRBJ2-2*01,none:none,1,0.000000,-,-,-,-,-,-,-,-,-,-,-

156,SPRSS%P,3.9e-05,1,2,2.9e-08,1.0e+00,1.0e-03,1.0e+00,1.0e-03,2.9e-02,global-SPRSS%P,CASSPRSSGPQHF,TRBV19*01,TRBJ1-5*01,none:none,1,0.000000,-,-,-,-,-,-,-,-,-,-,-
156,SPRSS%P,3.9e-05,1,2,2.9e-08,1.0e+00,1.0e-03,1.0e+00,1.0e-03,2.9e-02,global-SPRSS%P,CASSPRSSQPQHF,TRBV19*01,TRBJ1-5*01,none:none,1,0.000000,-,-,-,-,-,-,-,-,-,-,-

157,SIRSA%T,3.9e-05,1,2,2.9e-08,1.0e+00,1.0e-03,1.0e+00,1.0e-03,2.9e-02,global-SIRSA%T,CASSIRSAETQYF,TRBV19*01,TRBJ2-5*01,none:none,1,0.000000,-,-,-,-,-,-,-,-,-,-,-
157,SIRSA%T,3.9e-05,1,2,2.9e-08,1.0e+00,1.0e-03,1.0e+00,1.0e-03,2.9e-02,global-SIRSA%T,CASSIRSADTQYF,TRBV19*01,TRBJ2-3*01,none:none,1,0.000000,-,-,-,-,-,-,-,-,-,-,-

158,SIRST%G,3.9e-05,1,2,2.9e-08,1.0e+00,1.0e-03,1.0e+00,1.0e-03,2.9e-02,global-SIRST%G,CASSIRSTGGLFF,TRBV19*01,TRBJ2-2*01,none:none,1,0.000000,-,-,-,-,-,-,-,-,-,-,-
158,SIRST%G,3.9e-05,1,2,2.9e-08,1.0e+00,1.0e-03,1.0e+00,1.0e-03,2.9e-02,global-SIRST%G,CASSIRSTEGAFF,TRBV19*01,TRBJ1-1*01,none:none,1,0.000000,-,-,-,-,-,-,-,-,-,-,-

159,SLIFPG%,3.9e-05,1,2,2.9e-08,1.0e+00,1.0e-03,1.0e+00,1.0e-03,2.9e-02,global-SLIFPG%,CASSLIFPGELFF,TRBV27*01,TRBJ2-2*01,none:none,1,0.000000,-,-,-,-,-,-,-,-,-,-,-
159,SLIFPG%,3.9e-05,1,2,2.9e-08,1.0e+00,1.0e-03,1.0e+00,1.0e-03,2.9e-02,global-SLIFPG%,CASSLIFPGRAFF,TRBV27*01,TRBJ1-1*01,none:none,1,0.000000,-,-,-,-,-,-,-,-,-,-,-

160,SPHGAA%,3.9e-05,1,2,2.9e-08,1.0e+00,1.0e-03,1.0e+00,1.0e-03,2.9e-02,global-SPHGAA%,CASSPHGAAERYF,TRBV19*01,TRBJ2-7*01,none:none,1,0.000000,-,-,-,-,-,-,-,-,-,-,-
160,SPHGAA%,3.9e-05,1,2,2.9e-08,1.0e+00,1.0e-03,1.0e+00,1.0e-03,2.9e-02,global-SPHGAA%,CASSPHGAAKQYF,TRBV19*01,TRBJ2-7*01,none:none,1,0.000000,-,-,-,-,-,-,-,-,-,-,-

161,SQAGMA%,3.9e-05,1,2,2.9e-08,1.0e+00,1.0e-03,1.0e+00,1.0e-03,2.9e-02,global-SQAGMA%,CASSQAGMAKQFF,TRBV3-1*01,TRBJ2-1*01,none:none,1,0.000000,-,-,-,-,-,-,-,-,-,-,-
161,SQAGMA%,3.9e-05,1,2,2.9e-08,1.0e+00,1.0e-03,1.0e+00,1.0e-03,2.9e-02,global-SQAGMA%,CVSSQAGMAEQFF,TRBV3-1*01,TRBJ2-1*01,none:none,1,0.000000,-,-,-,-,-,-,-,-,-,-,-

162,%LGGLGQP,3.9e-05,1,2,5.3e-06,1.0e+00,1.8e-01,1.0e+00,1.0e-03,2.9e-02,global-%LGGLGQP,CASSLGGLGQPQHF,TRBV12-4*01,TRBJ1-5*01,none:none,1,0.000000,-,-,-,-,-,-,-,-,-,-,-
162,%LGGLGQP,3.9e-05,1,2,5.3e-06,1.0e+00,1.8e-01,1.0e+00,1.0e-03,2.9e-02,global-%LGGLGQP,CASSLGGLGQPQHF,TRBV5-8*01,TRBJ1-5*01,none:none,1,0.000000,-,-,-,-,-,-,-,-,-,-,-
162,%LGGLGQP,3.9e-05,1,2,5.3e-06,1.0e+00,1.8e-01,1.0e+00,1.0e-03,2.9e-02,global-%LGGLGQP,CASTLGGLGQPQHF,TRBV28*01,TRBJ1-5*01,none:none,1,0.000000,-,-,-,-,-,-,-,-,-,-,-

163,%LTGLGQP,3.9e-05,1,2,2.9e-08,1.0e+00,1.0e-03,1.0e+00,1.0e-03,2.9e-02,global-%LTGLGQP,CASSLTGLGQPQHF,TRBV28*01,TRBJ1-5*01,none:none,1,0.000000,-,-,-,-,-,-,-,-,-,-,-
163,%LTGLGQP,3.9e-05,1,2,2.9e-08,1.0e+00,1.0e-03,1.0e+00,1.0e-03,2.9e-02,global-%LTGLGQP,CASTLTGLGQPQHF,TRBV28*01,TRBJ1-5*01,none:none,1,0.000000,-,-,-,-,-,-,-,-,-,-,-

164,%DRDRGHE,3.9e-05,1,2,1.6e-06,1.0e+00,5.6e-02,1.0e+00,1.0e-03,2.9e-02,global-%DRDRGHE,CASSDRDRGHEQFF,TRBV25-1*01,TRBJ2-1*01,none:none,1,0.000000,-,-,-,-,-,-,-,-,-,-,-
164,%DRDRGHE,3.9e-05,1,2,1.6e-06,1.0e+00,5.6e-02,1.0e+00,1.0e-03,2.9e-02,global-%DRDRGHE,CASTDRDRGHEQYF,TRBV3-1*01,TRBJ2-7*01,none:none,1,0.000000,-,-,-,-,-,-,-,-,-,-,-

165,R%QGLGQP,3.9e-05,1,2,2.9e-08,1.0e+00,1.0e-03,1.0e+00,1.0e-03,2.9e-02,global-R%QGLGQP,CASRLQGLGQPQHF,TRBV28*01,TRBJ1-5*01,none:none,1,0.000000,-,-,-,-,-,-,-,-,-,-,-
165,R%QGLGQP,3.9e-05,1,2,2.9e-08,1.0e+00,1.0e-03,1.0e+00,1.0e-03,2.9e-02,global-R%QGLGQP,CASRGQGLGQPQHF,TRBV28*01,TRBJ1-5*01,none:none,1,0.000000,-,-,-,-,-,-,-,-,-,-,-

166,S%GGVVDT,3.9e-05,1,2,1.8e-06,1.0e+00,6.3e-02,1.0e+00,1.0e-03,2.9e-02,global-S%GGVVDT,CASSLGGVVDTQYF,TRBV5-4*01,TRBJ2-3*01,none:none,1,0.000000,-,-,-,-,-,-,-,-,-,-,-
166,S%GGVVDT,3.9e-05,1,2,1.8e-06,1.0e+00,6.3e-02,1.0e+00,1.0e-03,2.9e-02,global-S%GGVVDT,CASSGGGVVDTQYF,TRBV5-6*01,TRBJ2-3*01,none:none,1,0.000000,-,-,-,-,-,-,-,-,-,-,-

167,S%TSAAGE,3.9e-05,1,2,2.9e-08,1.0e+00,1.0e-03,1.0e+00,1.0e-03,2.9e-02,global-S%TSAAGE,CASSPTSAAGELFF,TRBV28*01,TRBJ2-2*01,none:none,1,0.000000,-,-,-,-,-,-,-,-,-,-,-
167,S%TSAAGE,3.9e-05,1,2,2.9e-08,1.0e+00,1.0e-03,1.0e+00,1.0e-03,2.9e-02,global-S%TSAAGE,CASSLTSAAGELFF,TRBV28*01,TRBJ2-2*01,none:none,1,0.000000,-,-,-,-,-,-,-,-,-,-,-
167,S%TSAAGE,3.9e-05,1,2,2.9e-08,1.0e+00,1.0e-03,1.0e+00,1.0e-03,2.9e-02,global-S%TSAAGE,CASSLTSAAGELFF,TRBV28*01,TRBJ2-2*01,none:none,1,0.000000,-,-,-,-,-,-,-,-,-,-,-

168,S%EASYNE,3.9e-05,1,2,1.7e-06,1.0e+00,5.7e-02,1.0e+00,1.0e-03,2.9e-02,global-S%EASYNE,CAWSDEASYNEQFF,TRBV30*01,TRBJ2-1*01,none:none,1,0.000000,-,-,-,-,-,-,-,-,-,-,-
168,S%EASYNE,3.9e-05,1,2,1.7e-06,1.0e+00,5.7e-02,1.0e+00,1.0e-03,2.9e-02,global-S%EASYNE,CASSQEASYNEQFF,TRBV3-1*01,TRBJ2-1*01,none:none,1,0.000000,-,-,-,-,-,-,-,-,-,-,-

169,P%TGLGQP,3.9e-05,1,2,2.9e-08,1.0e+00,1.0e-03,1.0e+00,1.0e-03,2.9e-02,global-P%TGLGQP,CSAPQTGLGQPQHF,TRBV20-1*01,TRBJ1-5*01,none:none,1,0.000000,-,-,-,-,-,-,-,-,-,-,-
169,P%TGLGQP,3.9e-05,1,2,2.9e-08,1.0e+00,1.0e-03,1.0e+00,1.0e-03,2.9e-02,global-P%TGLGQP,CSAPDTGLGQPQHF,TRBV20-1*01,TRBJ1-5*01,none:none,1,0.000000,-,-,-,-,-,-,-,-,-,-,-

170,SY%GSGNE,3.9e-05,1,2,2.1e-06,1.0e+00,7.3e-02,1.0e+00,1.0e-03,2.9e-02,global-SY%GSGNE,CASSYLGSGNEQFF,TRBV6-1*01,TRBJ2-1*01,none:none,1,0.000000,-,-,-,-,-,-,-,-,-,-,-
170,SY%GSGNE,3.9e-05,1,2,2.1e-06,1.0e+00,7.3e-02,1.0e+00,1.0e-03,2.9e-02,global-SY%GSGNE,CASSYSGSGNEQFF,TRBV6-3*01,TRBJ2-1*01,none:none,1,0.000000,-,-,-,-,-,-,-,-,-,-,-

171,SL%GPGQP,3.9e-05,1,2,1.9e-06,1.0e+00,6.5e-02,1.0e+00,1.0e-03,2.9e-02,global-SL%GPGQP,CASSLLGPGQPQHF,TRBV3-1*01,TRBJ1-5*01,none:none,1,0.000000,-,-,-,-,-,-,-,-,-,-,-
171,SL%GPGQP,3.9e-05,1,2,1.9e-06,1.0e+00,6.5e-02,1.0e+00,1.0e-03,2.9e-02,global-SL%GPGQP,CASSLMGPGQPQHF,TRBV5-1*01,TRBJ1-5*01,none:none,1,0.000000,-,-,-,-,-,-,-,-,-,-,-

172,TL%GLGQP,3.9e-05,1,2,2.9e-08,1.0e+00,1.0e-03,1.0e+00,1.0e-03,2.9e-02,global-TL%GLGQP,CASTLGGLGQPQHF,TRBV28*01,TRBJ1-5*01,none:none,1,0.000000,-,-,-,-,-,-,-,-,-,-,-
172,TL%GLGQP,3.9e-05,1,2,2.9e-08,1.0e+00,1.0e-03,1.0e+00,1.0e-03,2.9e-02,global-TL%GLGQP,CASTLTGLGQPQHF,TRBV28*01,TRBJ1-5*01,none:none,1,0.000000,-,-,-,-,-,-,-,-,-,-,-

173,SLS%ATGE,3.9e-05,1,2,2.9e-08,1.0e+00,1.0e-03,1.0e+00,1.0e-03,2.9e-02,global-SLS%ATGE,CASSLSSATGELFF,TRBV28*01,TRBJ2-2*01,none:none,1,0.000000,-,-,-,-,-,-,-,-,-,-,-
173,SLS%ATGE,3.9e-05,1,2,2.9e-08,1.0e+00,1.0e-03,1.0e+00,1.0e-03,2.9e-02,global-SLS%ATGE,CASSLSRATGELFF,TRBV28*01,TRBJ2-2*01,none:none,1,0.000000,-,-,-,-,-,-,-,-,-,-,-

174,RPP%GGEK,3.9e-05,1,2,2.9e-08,1.0e+00,1.0e-03,1.0e+00,1.0e-03,2.9e-02,global-RPP%GGEK,CASRPPTGGEKLFF,TRBV7-9*01,TRBJ1-4*01,none:none,1,0.000000,-,-,-,-,-,-,-,-,-,-,-
174,RPP%GGEK,3.9e-05,1,2,2.9e-08,1.0e+00,1.0e-03,1.0e+00,1.0e-03,2.9e-02,global-RPP%GGEK,CASRPPRGGEKLFF,TRBV7-9*01,TRBJ1-4*01,none:none,1,0.000000,-,-,-,-,-,-,-,-,-,-,-

175,SQG%GRET,3.9e-05,1,2,1.4e-06,1.0e+00,4.7e-02,1.0e+00,1.0e-03,2.9e-02,global-SQG%GRET,CASSQGLGRETQYF,TRBV13*01,TRBJ2-5*01,none:none,1,0.000000,-,-,-,-,-,-,-,-,-,-,-
175,SQG%GRET,3.9e-05,1,2,1.4e-06,1.0e+00,4.7e-02,1.0e+00,1.0e-03,2.9e-02,global-SQG%GRET,CASSQGEGRETQYF,TRBV4-1*01,TRBJ2-5*01,none:none,1,0.000000,-,-,-,-,-,-,-,-,-,-,-

176,RPTG%GQP,3.9e-05,1,2,2.2e-06,1.0e+00,7.7e-02,1.0e+00,1.0e-03,2.9e-02,global-RPTG%GQP,CASRPTGMGQPQHF,TRBV27*01,TRBJ2-5*01,none:none,1,0.000000,-,-,-,-,-,-,-,-,-,-,-
176,RPTG%GQP,3.9e-05,1,2,2.2e-06,1.0e+00,7.7e-02,1.0e+00,1.0e-03,2.9e-02,global-RPTG%GQP,CASRPTGLGQPQHF,TRBV28*01,TRBJ1-5*01,none:none,1,0.000000,-,-,-,-,-,-,-,-,-,-,-

177,GTGD%NQP,3.9e-05,1,2,2.0e-06,1.0e+00,6.9e-02,1.0e+00,1.0e-03,2.9e-02,global-GTGD%NQP,CATGTGDSNQPQHF,TRBV19*01,TRBJ1-5*01,none:none,1,0.000000,-,-,-,-,-,-,-,-,-,-,-
177,GTGD%NQP,3.9e-05,1,2,2.0e-06,1.0e+00,6.9e-02,1.0e+00,1.0e-03,2.9e-02,global-GTGD%NQP,CAIGTGDTNQPQHF,TRBV10-3*01,TRBJ1-5*01,none:none,1,0.000000,-,-,-,-,-,-,-,-,-,-,-

178,SYFG%NTE,3.9e-05,1,2,2.9e-08,1.0e+00,1.0e-03,1.0e+00,1.0e-03,2.9e-02,global-SYFG%NTE,CASSYFGANTEAFF,TRBV6-5*01,TRBJ1-1*01,none:none,1,0.000000,-,-,-,-,-,-,-,-,-,-,-
178,SYFG%NTE,3.9e-05,1,2,2.9e-08,1.0e+00,1.0e-03,1.0e+00,1.0e-03,2.9e-02,global-SYFG%NTE,CASSYFGGNTEAFF,TRBV6-5*01,TRBJ1-1*01,none:none,1,0.000000,-,-,-,-,-,-,-,-,-,-,-

179,SFGGP%YE,3.9e-05,1,2,2.9e-08,1.0e+00,1.0e-03,1.0e+00,1.0e-03,2.9e-02,global-SFGGP%YE,CASSFGGPYYEQYF,TRBV11-2*01,TRBJ2-7*01,none:none,1,0.000000,-,-,-,-,-,-,-,-,-,-,-
179,SFGGP%YE,3.9e-05,1,2,2.9e-08,1.0e+00,1.0e-03,1.0e+00,1.0e-03,2.9e-02,global-SFGGP%YE,CASSFGGPIYEQFF,TRBV11-2*01,TRBJ2-1*01,none:none,1,0.000000,-,-,-,-,-,-,-,-,-,-,-

180,SPGTL%DT,3.9e-05,1,2,1.8e-06,1.0e+00,6.2e-02,1.0e+00,1.0e-03,2.9e-02,global-SPGTL%DT,CASSPGTLSDTQYF,TRBV4-1*01,TRBJ2-3*01,none:none,1,0.000000,-,-,-,-,-,-,-,-,-,-,-
180,SPGTL%DT,3.9e-05,1,2,1.8e-06,1.0e+00,6.2e-02,1.0e+00,1.0e-03,2.9e-02,global-SPGTL%DT,CASSPGTLADTQYF,TRBV18*01,TRBJ2-3*01,none:none,1,0.000000,-,-,-,-,-,-,-,-,-,-,-

181,SQGLLG%E,3.9e-05,1,2,1.9e-06,1.0e+00,6.6e-02,1.0e+00,1.0e-03,2.9e-02,global-SQGLLG%E,CASSQGLLGGELFF,TRBV4-3*01,TRBJ2-2*01,none:none,1,0.000000,-,-,-,-,-,-,-,-,-,-,-
181,SQGLLG%E,3.9e-05,1,2,1.9e-06,1.0e+00,6.6e-02,1.0e+00,1.0e-03,2.9e-02,global-SQGLLG%E,CASSQGLLGYEQYF,TRBV4-1*01,TRBJ2-7*01,none:none,1,0.000000,-,-,-,-,-,-,-,-,-,-,-

182,%ISDLAKNI,3.9e-05,1,2,2.9e-08,1.0e+00,1.0e-03,1.0e+00,1.0e-03,2.9e-02,global-%ISDLAKNI,CAWTISDLAKNIQYF,TRBV30*01,TRBJ2-4*01,none:none,1,0.000000,-,-,-,-,-,-,-,-,-,-,-
182,%ISDLAKNI,3.9e-05,1,2,2.9e-08,1.0e+00,1.0e-03,1.0e+00,1.0e-03,2.9e-02,global-%ISDLAKNI,CAWSISDLAKNIQYF,TRBV30*01,TRBJ2-4*01,none:none,1,0.000000,-,-,-,-,-,-,-,-,-,-,-
182,%ISDLAKNI,3.9e-05,1,2,2.9e-08,1.0e+00,1.0e-03,1.0e+00,1.0e-03,2.9e-02,global-%ISDLAKNI,CAWSISDLAKNIQYF,TRBV30*01,TRBJ2-4*01,none:none,1,0.000000,-,-,-,-,-,-,-,-,-,-,-
182,%ISDLAKNI,3.9e-05,1,2,2.9e-08,1.0e+00,1.0e-03,1.0e+00,1.0e-03,2.9e-02,global-%ISDLAKNI,CAWSISDLAKNIQYF,TRBV30*01,TRBJ2-4*01,none:none,1,0.000000,-,-,-,-,-,-,-,-,-,-,-

183,%PIAGGPYE,3.9e-05,1,2,2.0e-06,1.0e+00,6.9e-02,1.0e+00,1.0e-03,2.9e-02,global-%PIAGGPYE,CSARPIAGGPYEQFF,TRBV20-1*01,TRBJ2-1*01,none:none,1,0.000000,-,-,-,-,-,-,-,-,-,-,-
183,%PIAGGPYE,3.9e-05,1,2,2.0e-06,1.0e+00,6.9e-02,1.0e+00,1.0e-03,2.9e-02,global-%PIAGGPYE,CASSPIAGGPYEQYF,TRBV9*01,TRBJ2-7*01,none:none,1,0.000000,-,-,-,-,-,-,-,-,-,-,-

184,S%DYYSNQP,3.9e-05,1,2,2.9e-08,1.0e+00,1.0e-03,1.0e+00,1.0e-03,2.9e-02,global-S%DYYSNQP,CASSLDYYSNQPQHF,TRBV7-2*01,TRBJ1-5*01,none:none,1,0.000000,-,-,-,-,-,-,-,-,-,-,-
184,S%DYYSNQP,3.9e-05,1,2,2.9e-08,1.0e+00,1.0e-03,1.0e+00,1.0e-03,2.9e-02,global-S%DYYSNQP,CASSIDYYSNQPQHF,TRBV7-2*01,TRBJ1-5*01,none:none,1,0.000000,-,-,-,-,-,-,-,-,-,-,-

185,S%LAGVGET,3.9e-05,1,2,1.9e-06,1.0e+00,6.5e-02,1.0e+00,1.0e-03,2.9e-02,global-S%LAGVGET,CASSPLAGVGETQYF,TRBV12-3*01,TRBJ2-5*01,none:none,1,0.000000,-,-,-,-,-,-,-,-,-,-,-
185,S%LAGVGET,3.9e-05,1,2,1.9e-06,1.0e+00,6.5e-02,1.0e+00,1.0e-03,2.9e-02,global-S%LAGVGET,CASSELAGVGETQYF,TRBV11-2*01,TRBJ2-5*01,none:none,1,0.000000,-,-,-,-,-,-,-,-,-,-,-

186,SW%GGSHYG,3.9e-05,1,2,2.9e-08,1.0e+00,1.0e-03,1.0e+00,1.0e-03,2.9e-02,global-SW%GGSHYG,CASSWGGGSHYGYTF,TRBV11-2*01,TRBJ1-2*01,none:none,1,0.000000,-,-,-,-,-,-,-,-,-,-,-
186,SW%GGSHYG,3.9e-05,1,2,2.9e-08,1.0e+00,1.0e-03,1.0e+00,1.0e-03,2.9e-02,global-SW%GGSHYG,CASSWGGGSHYGYTF,TRBV7-2*01,TRBJ1-2*01,none:none,1,0.000000,-,-,-,-,-,-,-,-,-,-,-
186,SW%GGSHYG,3.9e-05,1,2,2.9e-08,1.0e+00,1.0e-03,1.0e+00,1.0e-03,2.9e-02,global-SW%GGSHYG,CASSWGGGSHYGYTF,TRBV11-2*01,TRBJ1-2*01,none:none,1,0.000000,-,-,-,-,-,-,-,-,-,-,-
186,SW%GGSHYG,3.9e-05,1,2,2.9e-08,1.0e+00,1.0e-03,1.0e+00,1.0e-03,2.9e-02,global-SW%GGSHYG,CASSWGGGSHYGYTF,TRBV11-2*01,TRBJ1-2*01,none:none,1,0.000000,-,-,-,-,-,-,-,-,-,-,-
186,SW%GGSHYG,3.9e-05,1,2,2.9e-08,1.0e+00,1.0e-03,1.0e+00,1.0e-03,2.9e-02,global-SW%GGSHYG,CASSWGGGSHYGYTF,TRBV11-2*01,TRBJ1-2*01,none:none,1,0.000000,-,-,-,-,-,-,-,-,-,-,-
186,SW%GGSHYG,3.9e-05,1,2,2.9e-08,1.0e+00,1.0e-03,1.0e+00,1.0e-03,2.9e-02,global-SW%GGSHYG,CASSWSGGSHYGYTF,TRBV11-2*01,TRBJ1-2*01,none:none,1,0.000000,-,-,-,-,-,-,-,-,-,-,-

187,SE%AGVGET,3.9e-05,1,2,2.9e-08,1.0e+00,1.0e-03,1.0e+00,1.0e-03,2.9e-02,global-SE%AGVGET,CASSELAGVGETQYF,TRBV11-2*01,TRBJ2-5*01,none:none,1,0.000000,-,-,-,-,-,-,-,-,-,-,-
187,SE%AGVGET,3.9e-05,1,2,2.9e-08,1.0e+00,1.0e-03,1.0e+00,1.0e-03,2.9e-02,global-SE%AGVGET,CASSEPAGVGETQYF,TRBV11-2*01,TRBJ2-5*01,none:none,1,0.000000,-,-,-,-,-,-,-,-,-,-,-

188,SYV%GPGDT,3.9e-05,1,2,1.7e-06,1.0e+00,5.7e-02,1.0e+00,1.0e-03,2.9e-02,global-SYV%GPGDT,CASSYVRGPGDTQYF,TRBV6-6*01,TRBJ2-3*01,none:none,1,0.000000,-,-,-,-,-,-,-,-,-,-,-
188,SYV%GPGDT,3.9e-05,1,2,1.7e-06,1.0e+00,5.7e-02,1.0e+00,1.0e-03,2.9e-02,global-SYV%GPGDT,CASSYVGGPGDTQYF,TRBV6-5*01,TRBJ2-3*01,none:none,1,0.000000,-,-,-,-,-,-,-,-,-,-,-

189,SQG%GENTE,3.9e-05,1,2,2.9e-08,1.0e+00,1.0e-03,1.0e+00,1.0e-03,2.9e-02,global-SQG%GENTE,CASSQGVGENTEAFF,TRBV4-1*01,TRBJ1-1*01,none:none,1,0.000000,-,-,-,-,-,-,-,-,-,-,-
189,SQG%GENTE,3.9e-05,1,2,2.9e-08,1.0e+00,1.0e-03,1.0e+00,1.0e-03,2.9e-02,global-SQG%GENTE,CASSQGLGENTEAFF,TRBV4-1*01,TRBJ1-1*01,none:none,1,0.000000,-,-,-,-,-,-,-,-,-,-,-

190,SLSP%GSYE,3.9e-05,1,2,2.9e-08,1.0e+00,1.0e-03,1.0e+00,1.0e-03,2.9e-02,global-SLSP%GSYE,CASSLSPSGSYEQYF,TRBV27*01,TRBJ2-7*01,none:none,1,0.000000,-,-,-,-,-,-,-,-,-,-,-
190,SLSP%GSYE,3.9e-05,1,2,2.9e-08,1.0e+00,1.0e-03,1.0e+00,1.0e-03,2.9e-02,global-SLSP%GSYE,CASSLSPGGSYEQYF,TRBV27*01,TRBJ2-7*01,none:none,1,0.000000,-,-,-,-,-,-,-,-,-,-,-

191,SIVGS%YNE,3.9e-05,1,2,2.9e-08,1.0e+00,1.0e-03,1.0e+00,1.0e-03,2.9e-02,global-SIVGS%YNE,CASSIVGSAYNEQFF,TRBV19*01,TRBJ2-1*01,none:none,1,0.000000,-,-,-,-,-,-,-,-,-,-,-
191,SIVGS%YNE,3.9e-05,1,2,2.9e-08,1.0e+00,1.0e-03,1.0e+00,1.0e-03,2.9e-02,global-SIVGS%YNE,CASSIVGSSYNEQFF,TRBV19*01,TRBJ2-1*01,none:none,1,0.000000,-,-,-,-,-,-,-,-,-,-,-

192,SQGTS%GET,3.9e-05,1,2,1.9e-06,1.0e+00,6.4e-02,1.0e+00,1.0e-03,2.9e-02,global-SQGTS%GET,CASSQGTSIGETQYF,TRBV4-3*01,TRBJ2-5*01,none:none,1,0.000000,-,-,-,-,-,-,-,-,-,-,-
192,SQGTS%GET,3.9e-05,1,2,1.9e-06,1.0e+00,6.4e-02,1.0e+00,1.0e-03,2.9e-02,global-SQGTS%GET,CASSQGTSGGETQYF,TRBV4-2*01,TRBJ2-5*01,none:none,1,0.000000,-,-,-,-,-,-,-,-,-,-,-

193,SSSWD%NQP,3.9e-05,1,2,2.9e-08,1.0e+00,1.0e-03,1.0e+00,1.0e-03,2.9e-02,global-SSSWD%NQP,CATSSSWDPNQPQHF,TRBV15*01,TRBJ1-5*01,none:none,1,0.000000,-,-,-,-,-,-,-,-,-,-,-
193,SSSWD%NQP,3.9e-05,1,2,2.9e-08,1.0e+00,1.0e-03,1.0e+00,1.0e-03,2.9e-02,global-SSSWD%NQP,CATSSSWDRNQPQHF,TRBV15*01,TRBJ1-5*01,none:none,1,0.000000,-,-,-,-,-,-,-,-,-,-,-

194,SYSMG%NQP,3.9e-05,1,2,2.9e-08,1.0e+00,1.0e-03,1.0e+00,1.0e-03,2.9e-02,global-SYSMG%NQP,CASSYSMGPNQPQHF,TRBV6-5*01,TRBJ1-5*01,none:none,1,0.000000,-,-,-,-,-,-,-,-,-,-,-
194,SYSMG%NQP,3.9e-05,1,2,2.9e-08,1.0e+00,1.0e-03,1.0e+00,1.0e-03,2.9e-02,global-SYSMG%NQP,CASSYSMGSNQPQHF,TRBV6-5*01,TRBJ1-5*01,none:none,1,0.000000,-,-,-,-,-,-,-,-,-,-,-

195,SLTAGNN%G,3.9e-05,1,2,2.9e-08,1.0e+00,1.0e-03,1.0e+00,1.0e-03,2.9e-02,global-SLTAGNN%G,CASSLTAGNNYGYTF,TRBV5-1*01,TRBJ1-2*01,none:none,1,0.000000,-,-,-,-,-,-,-,-,-,-,-
195,SLTAGNN%G,3.9e-05,1,2,2.9e-08,1.0e+00,1.0e-03,1.0e+00,1.0e-03,2.9e-02,global-SLTAGNN%G,CASSLTAGNNCGYTF,TRBV5-1*01,TRBJ1-2*01,none:none,1,0.000000,-,-,-,-,-,-,-,-,-,-,-

196,%YPRGGEGSP,3.9e-05,1,2,2.9e-08,1.0e+00,1.0e-03,1.0e+00,1.0e-03,2.9e-02,global-%YPRGGEGSP,CASNYPRGGEGSPLHF,TRBV6-1*01,TRBJ1-6*01,none:none,1,0.000000,-,-,-,-,-,-,-,-,-,-,-
196,%YPRGGEGSP,3.9e-05,1,2,2.9e-08,1.0e+00,1.0e-03,1.0e+00,1.0e-03,2.9e-02,global-%YPRGGEGSP,CASSYPRGGEGSPLHF,TRBV6-1*01,TRBJ1-6*01,none:none,1,0.000000,-,-,-,-,-,-,-,-,-,-,-

197,%DRGAENTGE,3.9e-05,1,2,2.9e-08,1.0e+00,1.0e-03,1.0e+00,1.0e-03,2.9e-02,global-%DRGAENTGE,CSARDRGAENTGELFF,TRBV20-1*01,TRBJ2-2*01,none:none,1,0.000000,-,-,-,-,-,-,-,-,-,-,-
197,%DRGAENTGE,3.9e-05,1,2,2.9e-08,1.0e+00,1.0e-03,1.0e+00,1.0e-03,2.9e-02,global-%DRGAENTGE,CSAKDRGAENTGELFF,TRBV20-1*01,TRBJ2-2*01,none:none,1,0.000000,-,-,-,-,-,-,-,-,-,-,-

198,S%LDVTENTE,3.9e-05,1,2,2.9e-08,1.0e+00,1.0e-03,1.0e+00,1.0e-03,2.9e-02,global-S%LDVTENTE,CASSSLDVTENTEAFF,TRBV6-2*01,TRBJ1-1*01,none:none,1,0.000000,-,-,-,-,-,-,-,-,-,-,-
198,S%LDVTENTE,3.9e-05,1,2,2.9e-08,1.0e+00,1.0e-03,1.0e+00,1.0e-03,2.9e-02,global-S%LDVTENTE,CASSPLDVTENTEAFF,TRBV6-2*01,TRBJ1-1*01,none:none,1,0.000000,-,-,-,-,-,-,-,-,-,-,-

199,SL%GGGMGWE,3.9e-05,1,2,2.9e-08,1.0e+00,1.0e-03,1.0e+00,1.0e-03,2.9e-02,global-SL%GGGMGWE,CASSLVGGGMGWEQLF,TRBV7-8*01,TRBJ2-1*01,none:none,1,0.000000,-,-,-,-,-,-,-,-,-,-,-
199,SL%GGGMGWE,3.9e-05,1,2,2.9e-08,1.0e+00,1.0e-03,1.0e+00,1.0e-03,2.9e-02,global-SL%GGGMGWE,CASSLIGGGMGWEQFF,TRBV7-8*01,TRBJ2-1*01,none:none,1,0.000000,-,-,-,-,-,-,-,-,-,-,-

200,SYP%GGEGSP,3.9e-05,1,2,2.9e-08,1.0e+00,1.0e-03,1.0e+00,1.0e-03,2.9e-02,global-SYP%GGEGSP,CASSYPRGGEGSPLHF,TRBV6-1*01,TRBJ1-6*01,none:none,1,0.000000,-,-,-,-,-,-,-,-,-,-,-
200,SYP%GGEGSP,3.9e-05,1,2,2.9e-08,1.0e+00,1.0e-03,1.0e+00,1.0e-03,2.9e-02,global-SYP%GGEGSP,CASSYPWGGEGSPLHF,TRBV6-1*01,TRBJ1-6*01,none:none,1,0.000000,-,-,-,-,-,-,-,-,-,-,-

201,SLS%TGGTDT,3.9e-05,1,2,1.5e-06,1.0e+00,5.2e-02,1.0e+00,1.0e-03,2.9e-02,global-SLS%TGGTDT,CASSLSLTGGTDTQYF,TRBV7-7*01,TRBJ2-3*01,none:none,1,0.000000,-,-,-,-,-,-,-,-,-,-,-
201,SLS%TGGTDT,3.9e-05,1,2,1.5e-06,1.0e+00,5.2e-02,1.0e+00,1.0e-03,2.9e-02,global-SLS%TGGTDT,CASSLSGTGGTDTQYF,TRBV12-3*01,TRBJ2-3*01,none:none,1,0.000000,-,-,-,-,-,-,-,-,-,-,-

202,RDRGA%NTGE,3.9e-05,1,2,2.9e-08,1.0e+00,1.0e-03,1.0e+00,1.0e-03,2.9e-02,global-RDRGA%NTGE,CSARDRGAENTGELFF,TRBV20-1*01,TRBJ2-2*01,none:none,1,0.000000,-,-,-,-,-,-,-,-,-,-,-
202,RDRGA%NTGE,3.9e-05,1,2,2.9e-08,1.0e+00,1.0e-03,1.0e+00,1.0e-03,2.9e-02,global-RDRGA%NTGE,CSARDRGAANTGELFF,TRBV20-1*01,TRBJ2-2*01,none:none,1,0.000000,-,-,-,-,-,-,-,-,-,-,-

203,SPVTGQG%YG,3.9e-05,1,2,2.9e-08,1.0e+00,1.0e-03,1.0e+00,1.0e-03,2.9e-02,global-SPVTGQG%YG,CASSPVTGQGYYGYTF,TRBV6-5*01,TRBJ1-2*01,none:none,1,0.000000,-,-,-,-,-,-,-,-,-,-,-
203,SPVTGQG%YG,3.9e-05,1,2,2.9e-08,1.0e+00,1.0e-03,1.0e+00,1.0e-03,2.9e-02,global-SPVTGQG%YG,CASSPVTGQGFYGYTF,TRBV6-5*01,TRBJ1-2*01,none:none,1,0.000000,-,-,-,-,-,-,-,-,-,-,-

204,SPITGTG%YG,3.9e-05,1,2,2.9e-08,1.0e+00,1.0e-03,1.0e+00,1.0e-03,2.9e-02,global-SPITGTG%YG,CASSPITGTGAYGYTF,TRBV6-5*01,TRBJ1-2*01,none:none,1,0.000000,-,-,-,-,-,-,-,-,-,-,-
204,SPITGTG%YG,3.9e-05,1,2,2.9e-08,1.0e+00,1.0e-03,1.0e+00,1.0e-03,2.9e-02,global-SPITGTG%YG,CASSPITGTGIYGYTF,TRBV6-5*01,TRBJ1-2*01,none:none,1,0.000000,-,-,-,-,-,-,-,-,-,-,-

205,%FYFTGAPYNE,3.9e-05,1,2,2.2e-06,1.0e+00,7.6e-02,1.0e+00,1.0e-03,2.9e-02,global-%FYFTGAPYNE,CASNFYFTGAPYNEQFF,TRBV7-8*01,TRBJ2-1*01,none:none,1,0.000000,-,-,-,-,-,-,-,-,-,-,-
205,%FYFTGAPYNE,3.9e-05,1,2,2.2e-06,1.0e+00,7.6e-02,1.0e+00,1.0e-03,2.9e-02,global-%FYFTGAPYNE,CTSSFYFTGAPYNEQFF,TRBV7-2*01,TRBJ2-1*01,none:none,1,0.000000,-,-,-,-,-,-,-,-,-,-,-

206,SFYFTGAPY%E,3.9e-05,1,2,1.9e-06,1.0e+00,6.6e-02,1.0e+00,1.0e-03,2.9e-02,global-SFYFTGAPY%E,CASSFYFTGAPYDEQFF,TRBV7-8*01,TRBJ2-1*01,none:none,1,0.000000,-,-,-,-,-,-,-,-,-,-,-
206,SFYFTGAPY%E,3.9e-05,1,2,1.9e-06,1.0e+00,6.6e-02,1.0e+00,1.0e-03,2.9e-02,global-SFYFTGAPY%E,CTSSFYFTGAPYNEQFF,TRBV7-2*01,TRBJ2-1*01,none:none,1,0.000000,-,-,-,-,-,-,-,-,-,-,-

207,SF%GGTGE,5.2e-05,1,3,2.7e-07,1.0e+00,4.4e-02,1.0e+00,1.0e-03,6.2e-03,global-SF%GGTGE,CASSFSGGTGELFF,TRBV12-3*01,TRBJ2-2*01,none:none,1,0.000000,-,-,-,-,-,-,-,-,-,-,-
207,SF%GGTGE,5.2e-05,1,3,2.7e-07,1.0e+00,4.4e-02,1.0e+00,1.0e-03,6.2e-03,global-SF%GGTGE,CASSFSGGTGELFF,TRBV12-3*01,TRBJ2-2*01,none:none,1,0.000000,-,-,-,-,-,-,-,-,-,-,-
207,SF%GGTGE,5.2e-05,1,3,2.7e-07,1.0e+00,4.4e-02,1.0e+00,1.0e-03,6.2e-03,global-SF%GGTGE,CASSFSGGTGELFF,TRBV12-3*01,TRBJ2-2*01,none:none,1,0.000000,-,-,-,-,-,-,-,-,-,-,-
207,SF%GGTGE,5.2e-05,1,3,2.7e-07,1.0e+00,4.4e-02,1.0e+00,1.0e-03,6.2e-03,global-SF%GGTGE,CASSFMGGTGELFF,TRBV7-3*01,TRBJ2-2*01,none:none,1,0.000000,-,-,-,-,-,-,-,-,-,-,-
207,SF%GGTGE,5.2e-05,1,3,2.7e-07,1.0e+00,4.4e-02,1.0e+00,1.0e-03,6.2e-03,global-SF%GGTGE,CASSFTGGTGELFF,TRBV7-9*01,TRBJ2-2*01,none:none,1,0.000000,-,-,-,-,-,-,-,-,-,-,-

208,SPLAG%YNE,5.2e-05,1,3,5.6e-08,1.0e+00,9.0e-03,1.0e+00,1.0e-03,6.2e-03,global-SPLAG%YNE,CASSPLAGYYNEQFF,TRBV19*01,TRBJ2-1*01,none:none,1,0.000000,-,-,-,-,-,-,-,-,-,-,-
208,SPLAG%YNE,5.2e-05,1,3,5.6e-08,1.0e+00,9.0e-03,1.0e+00,1.0e-03,6.2e-03,global-SPLAG%YNE,CASSPLAGIYNEQFF,TRBV4-1*01,TRBJ2-1*01,none:none,1,0.000000,-,-,-,-,-,-,-,-,-,-,-
208,SPLAG%YNE,5.2e-05,1,3,5.6e-08,1.0e+00,9.0e-03,1.0e+00,1.0e-03,6.2e-03,global-SPLAG%YNE,CASSPLAGFYNEQFF,TRBV19*01,TRBJ2-1*01,none:none,1,0.000000,-,-,-,-,-,-,-,-,-,-,-

209,SS%NTE,6.7e-05,1,3,3.1e-08,1.0e+00,5.0e-03,1.0e+00,1.0e-03,6.2e-03,global-SS%NTE,CAGSSLNTEAFF,TRBV10-1*01,TRBJ1-1*01,none:none,1,0.000000,-,-,-,-,-,-,-,-,-,-,-
209,SS%NTE,6.7e-05,1,3,3.1e-08,1.0e+00,5.0e-03,1.0e+00,1.0e-03,6.2e-03,global-SS%NTE,CASSSLNTEAFF,TRBV27*01,TRBJ1-1*01,none:none,1,0.000000,-,-,-,-,-,-,-,-,-,-,-
209,SS%NTE,6.7e-05,1,3,3.1e-08,1.0e+00,5.0e-03,1.0e+00,1.0e-03,6.2e-03,global-SS%NTE,CASSSPNTEAFF,TRBV27*01,TRBJ1-1*01,none:none,1,0.000000,-,-,-,-,-,-,-,-,-,-,-

210,S%LSNQP,6.7e-05,1,3,6.2e-09,1.0e+00,1.0e-03,1.0e+00,1.0e-03,6.2e-03,global-S%LSNQP,CASSGLSNQPQHF,TRBV19*01,TRBJ1-5*01,none:none,1,0.000000,-,-,-,-,-,-,-,-,-,-,-
210,S%LSNQP,6.7e-05,1,3,6.2e-09,1.0e+00,1.0e-03,1.0e+00,1.0e-03,6.2e-03,global-S%LSNQP,CASSRLSNQPQHF,TRBV19*01,TRBJ1-5*01,none:none,1,0.000000,-,-,-,-,-,-,-,-,-,-,-
210,S%LSNQP,6.7e-05,1,3,6.2e-09,1.0e+00,1.0e-03,1.0e+00,1.0e-03,6.2e-03,global-S%LSNQP,CASSWLSNQPQHF,TRBV19*01,TRBJ1-5*01,none:none,1,0.000000,-,-,-,-,-,-,-,-,-,-,-
210,S%LSNQP,6.7e-05,1,3,6.2e-09,1.0e+00,1.0e-03,1.0e+00,1.0e-03,6.2e-03,global-S%LSNQP,CASSWLSNQPQHF,TRBV19*01,TRBJ1-5*01,none:none,1,0.000000,-,-,-,-,-,-,-,-,-,-,-

211,SS%NYG,8.4e-05,1,3,2.5e-08,1.0e+00,4.0e-03,1.0e+00,1.0e-03,6.2e-03,global-SS%NYG,CACSSANYGYTF,TRBV12-4*01,TRBJ1-2*01,none:none,1,0.000000,-,-,-,-,-,-,-,-,-,-,-
211,SS%NYG,8.4e-05,1,3,2.5e-08,1.0e+00,4.0e-03,1.0e+00,1.0e-03,6.2e-03,global-SS%NYG,CATSSSNYGYTF,TRBV15*01,TRBJ1-2*01,none:none,1,0.000000,-,-,-,-,-,-,-,-,-,-,-
211,SS%NYG,8.4e-05,1,3,2.5e-08,1.0e+00,4.0e-03,1.0e+00,1.0e-03,6.2e-03,global-SS%NYG,CASSSANYGYTF,TRBV12-4*01,TRBJ1-2*01,none:none,1,0.000000,-,-,-,-,-,-,-,-,-,-,-
211,SS%NYG,8.4e-05,1,3,2.5e-08,1.0e+00,4.0e-03,1.0e+00,1.0e-03,6.2e-03,global-SS%NYG,CASSSANYGYTF,TRBV11-1*01,TRBJ1-2*01,none:none,1,0.000000,-,-,-,-,-,-,-,-,-,-,-
211,SS%NYG,8.4e-05,1,3,2.5e-08,1.0e+00,4.0e-03,1.0e+00,1.0e-03,6.2e-03,global-SS%NYG,CASSSANYGYTF,TRBV11-1*01,TRBJ1-2*01,none:none,1,0.000000,-,-,-,-,-,-,-,-,-,-,-
211,SS%NYG,8.4e-05,1,3,2.5e-08,1.0e+00,4.0e-03,1.0e+00,1.0e-03,6.2e-03,global-SS%NYG,CASSSANYGYTF,TRBV11-1*01,TRBJ1-2*01,none:none,1,0.000000,-,-,-,-,-,-,-,-,-,-,-

212,GQG%GE,8.4e-05,1,3,6.7e-07,1.0e+00,1.1e-01,1.0e+00,1.0e-03,6.2e-03,global-GQG%GE,CASGQGAGELFF,TRBV12-3*01,TRBJ2-2*01,none:none,1,0.000000,-,-,-,-,-,-,-,-,-,-,-
212,GQG%GE,8.4e-05,1,3,6.7e-07,1.0e+00,1.1e-01,1.0e+00,1.0e-03,6.2e-03,global-GQG%GE,CSGGQGGGEQFF,TRBV29-1*01,TRBJ2-1*01,none:none,1,0.000000,-,-,-,-,-,-,-,-,-,-,-
212,GQG%GE,8.4e-05,1,3,6.7e-07,1.0e+00,1.1e-01,1.0e+00,1.0e-03,6.2e-03,global-GQG%GE,CSGGQGEGEQFF,TRBV29-1*01,TRBJ2-1*01,none:none,1,0.000000,-,-,-,-,-,-,-,-,-,-,-

213,SQG%GE,8.4e-05,1,3,1.1e-06,1.0e+00,1.7e-01,1.0e+00,1.0e-03,6.2e-03,global-SQG%GE,CASSQGTGELFF,TRBV5-4*01,TRBJ2-2*01,none:none,1,0.000000,-,-,-,-,-,-,-,-,-,-,-
213,SQG%GE,8.4e-05,1,3,1.1e-06,1.0e+00,1.7e-01,1.0e+00,1.0e-03,6.2e-03,global-SQG%GE,CASSQGAGELFF,TRBV12-4*01,TRBJ2-2*01,none:none,1,0.000000,-,-,-,-,-,-,-,-,-,-,-
213,SQG%GE,8.4e-05,1,3,1.1e-06,1.0e+00,1.7e-01,1.0e+00,1.0e-03,6.2e-03,global-SQG%GE,CASSQGGGEQYF,TRBV9*01,TRBJ2-7*01,none:none,1,0.000000,-,-,-,-,-,-,-,-,-,-,-

214,S%SSTGE,8.4e-05,1,3,2.5e-08,1.0e+00,4.0e-03,1.0e+00,1.0e-03,6.2e-03,global-S%SSTGE,CASSSSSTGELFF,TRBV12-3*01,TRBJ2-2*01,none:none,1,0.000000,-,-,-,-,-,-,-,-,-,-,-
214,S%SSTGE,8.4e-05,1,3,2.5e-08,1.0e+00,4.0e-03,1.0e+00,1.0e-03,6.2e-03,global-S%SSTGE,CASSISSTGELFF,TRBV19*01,TRBJ2-2*01,none:none,1,0.000000,-,-,-,-,-,-,-,-,-,-,-
214,S%SSTGE,8.4e-05,1,3,2.5e-08,1.0e+00,4.0e-03,1.0e+00,1.0e-03,6.2e-03,global-S%SSTGE,CASSTSSTGELFF,TRBV19*01,TRBJ2-2*01,none:none,1,0.000000,-,-,-,-,-,-,-,-,-,-,-

215,S%SYE,1.0e-04,1,6,2.6e-07,1.0e+00,2.1e-01,1.0e+00,1.0e-03,1.2e-03,global-S%SYE,CASSSSYEQYF,TRBV7-9*01,TRBJ2-7*01,none:none,1,0.000000,-,-,-,-,-,-,-,-,-,-,-
215,S%SYE,1.0e-04,1,6,2.6e-07,1.0e+00,2.1e-01,1.0e+00,1.0e-03,1.2e-03,global-S%SYE,CAISESYEQYF,TRBV10-3*01,TRBJ2-7*01,none:none,1,0.000000,-,-,-,-,-,-,-,-,-,-,-
215,S%SYE,1.0e-04,1,6,2.6e-07,1.0e+00,2.1e-01,1.0e+00,1.0e-03,1.2e-03,global-S%SYE,CASSWSYEQYF,TRBV6-3*01,TRBJ2-7*01,none:none,1,0.000000,-,-,-,-,-,-,-,-,-,-,-
215,S%SYE,1.0e-04,1,6,2.6e-07,1.0e+00,2.1e-01,1.0e+00,1.0e-03,1.2e-03,global-S%SYE,CASSPSYEQYF,TRBV5-6*01,TRBJ2-7*01,none:none,1,0.000000,-,-,-,-,-,-,-,-,-,-,-
215,S%SYE,1.0e-04,1,6,2.6e-07,1.0e+00,2.1e-01,1.0e+00,1.0e-03,1.2e-03,global-S%SYE,CASSNSYEQYF,TRBV27*01,TRBJ2-7*01,none:none,1,0.000000,-,-,-,-,-,-,-,-,-,-,-
215,S%SYE,1.0e-04,1,6,2.6e-07,1.0e+00,2.1e-01,1.0e+00,1.0e-03,1.2e-03,global-S%SYE,CASSFSYEQYF,TRBV6-3*01,TRBJ2-7*01,none:none,1,0.000000,-,-,-,-,-,-,-,-,-,-,-

216,%SPQET,1.2e-04,1,2,1.7e-06,1.0e+00,5.8e-02,1.0e+00,1.0e-03,2.9e-02,global-%SPQET,CASRSPQETQYF,TRBV27*01,TRBJ2-5*01,none:none,1,0.000000,-,-,-,-,-,-,-,-,-,-,-
216,%SPQET,1.2e-04,1,2,1.7e-06,1.0e+00,5.8e-02,1.0e+00,1.0e-03,2.9e-02,global-%SPQET,CSEGSPQETQYF,TRBV29-1*01,TRBJ2-5*01,none:none,1,0.000000,-,-,-,-,-,-,-,-,-,-,-

217,%TGSGE,1.2e-04,1,2,1.9e-06,1.0e+00,6.6e-02,1.0e+00,1.0e-03,2.9e-02,global-%TGSGE,CASSTGSGELFF,TRBV12-3*01,TRBJ2-2*01,none:none,1,0.000000,-,-,-,-,-,-,-,-,-,-,-
217,%TGSGE,1.2e-04,1,2,1.9e-06,1.0e+00,6.6e-02,1.0e+00,1.0e-03,2.9e-02,global-%TGSGE,CSAPTGSGELFF,TRBV29-1*01,TRBJ2-2*01,none:none,1,0.000000,-,-,-,-,-,-,-,-,-,-,-

218,%IGTGE,1.2e-04,1,2,1.8e-06,1.0e+00,6.2e-02,1.0e+00,1.0e-03,2.9e-02,global-%IGTGE,CASSIGTGEQFF,TRBV19*01,TRBJ2-1*01,none:none,1,0.000000,-,-,-,-,-,-,-,-,-,-,-
218,%IGTGE,1.2e-04,1,2,1.8e-06,1.0e+00,6.2e-02,1.0e+00,1.0e-03,2.9e-02,global-%IGTGE,CAWGIGTGELFF,TRBV30*01,TRBJ2-2*01,none:none,1,0.000000,-,-,-,-,-,-,-,-,-,-,-

219,S%GVHG,1.2e-04,1,2,2.9e-08,1.0e+00,1.0e-03,1.0e+00,1.0e-03,2.9e-02,global-S%GVHG,CASSIGVHGYTF,TRBV19*01,TRBJ1-2*01,none:none,1,0.000000,-,-,-,-,-,-,-,-,-,-,-
219,S%GVHG,1.2e-04,1,2,2.9e-08,1.0e+00,1.0e-03,1.0e+00,1.0e-03,2.9e-02,global-S%GVHG,CASSIGVHGYTF,TRBV19*01,TRBJ1-2*01,none:none,1,0.000000,-,-,-,-,-,-,-,-,-,-,-
219,S%GVHG,1.2e-04,1,2,2.9e-08,1.0e+00,1.0e-03,1.0e+00,1.0e-03,2.9e-02,global-S%GVHG,CASSIGVHGYTF,TRBV19*01,TRBJ1-2*01,none:none,1,0.000000,-,-,-,-,-,-,-,-,-,-,-
219,S%GVHG,1.2e-04,1,2,2.9e-08,1.0e+00,1.0e-03,1.0e+00,1.0e-03,2.9e-02,global-S%GVHG,CASSIGVHGYTF,TRBV19*01,TRBJ1-2*01,none:none,1,0.000000,-,-,-,-,-,-,-,-,-,-,-
219,S%GVHG,1.2e-04,1,2,2.9e-08,1.0e+00,1.0e-03,1.0e+00,1.0e-03,2.9e-02,global-S%GVHG,CASSFGVHGYTF,TRBV19*01,TRBJ1-2*01,none:none,1,0.000000,-,-,-,-,-,-,-,-,-,-,-

220,SG%AGG,1.2e-04,1,2,1.7e-06,1.0e+00,5.8e-02,1.0e+00,1.0e-03,2.9e-02,global-SG%AGG,CASSGLAGGPYF,TRBV6-3*01,TRBJ2-5*01,none:none,1,0.000000,-,-,-,-,-,-,-,-,-,-,-
220,SG%AGG,1.2e-04,1,2,1.7e-06,1.0e+00,5.8e-02,1.0e+00,1.0e-03,2.9e-02,global-SG%AGG,CASSGGAGGYTF,TRBV27*01,TRBJ1-2*01,none:none,1,0.000000,-,-,-,-,-,-,-,-,-,-,-

221,SIGS%G,1.2e-04,1,2,2.9e-08,1.0e+00,1.0e-03,1.0e+00,1.0e-03,2.9e-02,global-SIGS%G,CASSIGSHGYTF,TRBV19*01,TRBJ1-2*01,none:none,1,0.000000,-,-,-,-,-,-,-,-,-,-,-
221,SIGS%G,1.2e-04,1,2,2.9e-08,1.0e+00,1.0e-03,1.0e+00,1.0e-03,2.9e-02,global-SIGS%G,CASSIGSYGYTF,TRBV19*01,TRBJ1-2*01,none:none,1,0.000000,-,-,-,-,-,-,-,-,-,-,-

222,SIGA%G,1.2e-04,1,2,2.9e-08,1.0e+00,1.0e-03,1.0e+00,1.0e-03,2.9e-02,global-SIGA%G,CASSIGAYGYTF,TRBV19*01,TRBJ1-2*01,none:none,1,0.000000,-,-,-,-,-,-,-,-,-,-,-
222,SIGA%G,1.2e-04,1,2,2.9e-08,1.0e+00,1.0e-03,1.0e+00,1.0e-03,2.9e-02,global-SIGA%G,CASSIGAYGYTF,TRBV19*01,TRBJ1-2*01,none:none,1,0.000000,-,-,-,-,-,-,-,-,-,-,-
222,SIGA%G,1.2e-04,1,2,2.9e-08,1.0e+00,1.0e-03,1.0e+00,1.0e-03,2.9e-02,global-SIGA%G,CASSIGAHGYTF,TRBV19*01,TRBJ1-2*01,none:none,1,0.000000,-,-,-,-,-,-,-,-,-,-,-

223,RDGL%E,1.2e-04,1,2,2.9e-08,1.0e+00,1.0e-03,1.0e+00,1.0e-03,2.9e-02,global-RDGL%E,CSARDGLNEQFF,TRBV20-1*01,TRBJ2-1*01,none:none,1,0.000000,-,-,-,-,-,-,-,-,-,-,-
223,RDGL%E,1.2e-04,1,2,2.9e-08,1.0e+00,1.0e-03,1.0e+00,1.0e-03,2.9e-02,global-RDGL%E,CSARDGLGELFF,TRBV20-1*01,TRBJ2-2*01,none:none,1,0.000000,-,-,-,-,-,-,-,-,-,-,-

224,%AGEDQP,1.2e-04,1,2,2.9e-08,1.0e+00,1.0e-03,1.0e+00,1.0e-03,2.9e-02,global-%AGEDQP,CSYSAGEDQPQHF,TRBV29-1*01,TRBJ1-5*01,none:none,1,0.000000,-,-,-,-,-,-,-,-,-,-,-
224,%AGEDQP,1.2e-04,1,2,2.9e-08,1.0e+00,1.0e-03,1.0e+00,1.0e-03,2.9e-02,global-%AGEDQP,CSVTAGEDQPQHF,TRBV29-1*01,TRBJ1-5*01,none:none,1,0.000000,-,-,-,-,-,-,-,-,-,-,-

225,S%FGTDT,1.2e-04,1,2,2.9e-08,1.0e+00,1.0e-03,1.0e+00,1.0e-03,2.9e-02,global-S%FGTDT,CASSSFGTDTQYF,TRBV19*01,TRBJ2-3*01,none:none,1,0.000000,-,-,-,-,-,-,-,-,-,-,-
225,S%FGTDT,1.2e-04,1,2,2.9e-08,1.0e+00,1.0e-03,1.0e+00,1.0e-03,2.9e-02,global-S%FGTDT,CASSVFGTDTQYF,TRBV19*01,TRBJ2-3*01,none:none,1,0.000000,-,-,-,-,-,-,-,-,-,-,-

226,S%RATYE,1.2e-04,1,2,1.7e-06,1.0e+00,5.9e-02,1.0e+00,1.0e-03,2.9e-02,global-S%RATYE,CSASDRATYEQYF,TRBV20-1*01,TRBJ2-7*01,none:none,1,0.000000,-,-,-,-,-,-,-,-,-,-,-
226,S%RATYE,1.2e-04,1,2,1.7e-06,1.0e+00,5.9e-02,1.0e+00,1.0e-03,2.9e-02,global-S%RATYE,CASSIRATYEQYF,TRBV19*01,TRBJ2-7*01,none:none,1,0.000000,-,-,-,-,-,-,-,-,-,-,-

227,L%SGTDT,1.2e-04,1,2,2.9e-08,1.0e+00,1.0e-03,1.0e+00,1.0e-03,2.9e-02,global-L%SGTDT,CASLPSGTDTQYF,TRBV11-2*01,TRBJ2-3*01,none:none,1,0.000000,-,-,-,-,-,-,-,-,-,-,-
227,L%SGTDT,1.2e-04,1,2,2.9e-08,1.0e+00,1.0e-03,1.0e+00,1.0e-03,2.9e-02,global-L%SGTDT,CASLISGTDTQYF,TRBV11-2*01,TRBJ2-3*01,none:none,1,0.000000,-,-,-,-,-,-,-,-,-,-,-
227,L%SGTDT,1.2e-04,1,2,2.9e-08,1.0e+00,1.0e-03,1.0e+00,1.0e-03,2.9e-02,global-L%SGTDT,CASLISGTDTQYF,TRBV11-2*01,TRBJ2-3*01,none:none,1,0.000000,-,-,-,-,-,-,-,-,-,-,-
227,L%SGTDT,1.2e-04,1,2,2.9e-08,1.0e+00,1.0e-03,1.0e+00,1.0e-03,2.9e-02,global-L%SGTDT,CASLISGTDTQYF,TRBV11-2*01,TRBJ2-3*01,none:none,1,0.000000,-,-,-,-,-,-,-,-,-,-,-

228,S%TSGTE,1.2e-04,1,2,2.9e-08,1.0e+00,1.0e-03,1.0e+00,1.0e-03,2.9e-02,global-S%TSGTE,CASSGTSGTEQYF,TRBV19*01,TRBJ2-7*01,none:none,1,0.000000,-,-,-,-,-,-,-,-,-,-,-
228,S%TSGTE,1.2e-04,1,2,2.9e-08,1.0e+00,1.0e-03,1.0e+00,1.0e-03,2.9e-02,global-S%TSGTE,CASSTTSGTEQFF,TRBV19*01,TRBJ2-1*01,none:none,1,0.000000,-,-,-,-,-,-,-,-,-,-,-

229,S%SATGE,1.2e-04,1,2,2.9e-08,1.0e+00,1.0e-03,1.0e+00,1.0e-03,2.9e-02,global-S%SATGE,CASSISATGELFF,TRBV19*01,TRBJ2-2*01,none:none,1,0.000000,-,-,-,-,-,-,-,-,-,-,-
229,S%SATGE,1.2e-04,1,2,2.9e-08,1.0e+00,1.0e-03,1.0e+00,1.0e-03,2.9e-02,global-S%SATGE,CASSVSATGELFF,TRBV19*01,TRBJ2-2*01,none:none,1,0.000000,-,-,-,-,-,-,-,-,-,-,-

230,SI%SGVE,1.2e-04,1,2,2.9e-08,1.0e+00,1.0e-03,1.0e+00,1.0e-03,2.9e-02,global-SI%SGVE,CASSIRSGVEQYF,TRBV19*01,TRBJ2-7*01,none:none,1,0.000000,-,-,-,-,-,-,-,-,-,-,-
230,SI%SGVE,1.2e-04,1,2,2.9e-08,1.0e+00,1.0e-03,1.0e+00,1.0e-03,2.9e-02,global-SI%SGVE,CASSIRSGVEQYF,TRBV19*01,TRBJ2-7*01,none:none,1,0.000000,-,-,-,-,-,-,-,-,-,-,-
230,SI%SGVE,1.2e-04,1,2,2.9e-08,1.0e+00,1.0e-03,1.0e+00,1.0e-03,2.9e-02,global-SI%SGVE,CASSIISGVEQFF,TRBV19*01,TRBJ2-1*01,none:none,1,0.000000,-,-,-,-,-,-,-,-,-,-,-

231,SL%WNQP,1.2e-04,1,2,2.2e-06,1.0e+00,7.6e-02,1.0e+00,1.0e-03,2.9e-02,global-SL%WNQP,CASSLGWNQPQHF,TRBV11-1*01,TRBJ1-5*01,none:none,1,0.000000,-,-,-,-,-,-,-,-,-,-,-
231,SL%WNQP,1.2e-04,1,2,2.2e-06,1.0e+00,7.6e-02,1.0e+00,1.0e-03,2.9e-02,global-SL%WNQP,CASSLSWNQPQHF,TRBV27*01,TRBJ1-5*01,none:none,1,0.000000,-,-,-,-,-,-,-,-,-,-,-

232,ST%SGTE,1.2e-04,1,2,2.9e-08,1.0e+00,1.0e-03,1.0e+00,1.0e-03,2.9e-02,global-ST%SGTE,CASSTTSGTEQFF,TRBV19*01,TRBJ2-1*01,none:none,1,0.000000,-,-,-,-,-,-,-,-,-,-,-
232,ST%SGTE,1.2e-04,1,2,2.9e-08,1.0e+00,1.0e-03,1.0e+00,1.0e-03,2.9e-02,global-ST%SGTE,CASSTRSGTEAFF,TRBV19*01,TRBJ1-1*01,none:none,1,0.000000,-,-,-,-,-,-,-,-,-,-,-

233,ST%STGE,1.2e-04,1,2,2.9e-08,1.0e+00,1.0e-03,1.0e+00,1.0e-03,2.9e-02,global-ST%STGE,CASSTRSTGELFF,TRBV19*01,TRBJ2-2*01,none:none,1,0.000000,-,-,-,-,-,-,-,-,-,-,-
233,ST%STGE,1.2e-04,1,2,2.9e-08,1.0e+00,1.0e-03,1.0e+00,1.0e-03,2.9e-02,global-ST%STGE,CASSTRSTGELFF,TRBV19*01,TRBJ2-2*01,none:none,1,0.000000,-,-,-,-,-,-,-,-,-,-,-
233,ST%STGE,1.2e-04,1,2,2.9e-08,1.0e+00,1.0e-03,1.0e+00,1.0e-03,2.9e-02,global-ST%STGE,CASSTSSTGELFF,TRBV19*01,TRBJ2-2*01,none:none,1,0.000000,-,-,-,-,-,-,-,-,-,-,-

234,SIR%SNE,1.2e-04,1,2,2.9e-08,1.0e+00,1.0e-03,1.0e+00,1.0e-03,2.9e-02,global-SIR%SNE,CASSIRASNEQFF,TRBV19*01,TRBJ2-1*01,none:none,1,0.000000,-,-,-,-,-,-,-,-,-,-,-
234,SIR%SNE,1.2e-04,1,2,2.9e-08,1.0e+00,1.0e-03,1.0e+00,1.0e-03,2.9e-02,global-SIR%SNE,CASSIRSSNEQFF,TRBV19*01,TRBJ2-1*01,none:none,1,0.000000,-,-,-,-,-,-,-,-,-,-,-

235,SIR%SET,1.2e-04,1,2,2.9e-08,1.0e+00,1.0e-03,1.0e+00,1.0e-03,2.9e-02,global-SIR%SET,CASSIRASETQYF,TRBV19*01,TRBJ2-5*01,none:none,1,0.000000,-,-,-,-,-,-,-,-,-,-,-
235,SIR%SET,1.2e-04,1,2,2.9e-08,1.0e+00,1.0e-03,1.0e+00,1.0e-03,2.9e-02,global-SIR%SET,CASSIRSSETQYF,TRBV19*01,TRBJ2-5*01,none:none,1,0.000000,-,-,-,-,-,-,-,-,-,-,-
235,SIR%SET,1.2e-04,1,2,2.9e-08,1.0e+00,1.0e-03,1.0e+00,1.0e-03,2.9e-02,global-SIR%SET,CASSIRSSETQYF,TRBV19*01,TRBJ2-5*01,none:none,1,0.000000,-,-,-,-,-,-,-,-,-,-,-
235,SIR%SET,1.2e-04,1,2,2.9e-08,1.0e+00,1.0e-03,1.0e+00,1.0e-03,2.9e-02,global-SIR%SET,CASSIRSSETQYF,TRBV19*01,TRBJ2-5*01,none:none,1,0.000000,-,-,-,-,-,-,-,-,-,-,-

236,SMR%TGE,1.2e-04,1,2,2.9e-08,1.0e+00,1.0e-03,1.0e+00,1.0e-03,2.9e-02,global-SMR%TGE,CASSMRSTGELFF,TRBV19*01,TRBJ2-2*01,none:none,1,0.000000,-,-,-,-,-,-,-,-,-,-,-
236,SMR%TGE,1.2e-04,1,2,2.9e-08,1.0e+00,1.0e-03,1.0e+00,1.0e-03,2.9e-02,global-SMR%TGE,CASSMRSTGELFF,TRBV19*01,TRBJ2-2*01,none:none,1,0.000000,-,-,-,-,-,-,-,-,-,-,-
236,SMR%TGE,1.2e-04,1,2,2.9e-08,1.0e+00,1.0e-03,1.0e+00,1.0e-03,2.9e-02,global-SMR%TGE,CASSMRATGELFF,TRBV19*01,TRBJ2-2*01,none:none,1,0.000000,-,-,-,-,-,-,-,-,-,-,-

237,SIR%TYE,1.2e-04,1,2,2.9e-08,1.0e+00,1.0e-03,1.0e+00,1.0e-03,2.9e-02,global-SIR%TYE,CASSIRSTYEQYF,TRBV19*01,TRBJ2-7*01,none:none,1,0.000000,-,-,-,-,-,-,-,-,-,-,-
237,SIR%TYE,1.2e-04,1,2,2.9e-08,1.0e+00,1.0e-03,1.0e+00,1.0e-03,2.9e-02,global-SIR%TYE,CASSIRSTYEQYF,TRBV19*01,TRBJ2-7*01,none:none,1,0.000000,-,-,-,-,-,-,-,-,-,-,-
237,SIR%TYE,1.2e-04,1,2,2.9e-08,1.0e+00,1.0e-03,1.0e+00,1.0e-03,2.9e-02,global-SIR%TYE,CASSIRATYEQYF,TRBV19*01,TRBJ2-7*01,none:none,1,0.000000,-,-,-,-,-,-,-,-,-,-,-

238,SST%GDG,1.2e-04,1,2,1.9e-06,1.0e+00,6.4e-02,1.0e+00,1.0e-03,2.9e-02,global-SST%GDG,CASSSTTGDGYTF,TRBV6-5*01,TRBJ1-2*01,none:none,1,0.000000,-,-,-,-,-,-,-,-,-,-,-
238,SST%GDG,1.2e-04,1,2,1.9e-06,1.0e+00,6.4e-02,1.0e+00,1.0e-03,2.9e-02,global-SST%GDG,CASSSTGGDGYTF,TRBV7-2*01,TRBJ1-2*01,none:none,1,0.000000,-,-,-,-,-,-,-,-,-,-,-

239,SIR%GGE,1.2e-04,1,2,2.9e-08,1.0e+00,1.0e-03,1.0e+00,1.0e-03,2.9e-02,global-SIR%GGE,CASSIRGGGEQFF,TRBV19*01,TRBJ2-1*01,none:none,1,0.000000,-,-,-,-,-,-,-,-,-,-,-
239,SIR%GGE,1.2e-04,1,2,2.9e-08,1.0e+00,1.0e-03,1.0e+00,1.0e-03,2.9e-02,global-SIR%GGE,CASSIRSGGEQFF,TRBV19*01,TRBJ2-1*01,none:none,1,0.000000,-,-,-,-,-,-,-,-,-,-,-

240,SIRA%GE,1.2e-04,1,2,2.9e-08,1.0e+00,1.0e-03,1.0e+00,1.0e-03,2.9e-02,global-SIRA%GE,CASSIRATGELFF,TRBV19*01,TRBJ2-2*01,none:none,1,0.000000,-,-,-,-,-,-,-,-,-,-,-
240,SIRA%GE,1.2e-04,1,2,2.9e-08,1.0e+00,1.0e-03,1.0e+00,1.0e-03,2.9e-02,global-SIRA%GE,CASSIRAAGELFF,TRBV19*01,TRBJ2-2*01,none:none,1,0.000000,-,-,-,-,-,-,-,-,-,-,-

241,SDRS%TE,1.2e-04,1,2,2.9e-08,1.0e+00,1.0e-03,1.0e+00,1.0e-03,2.9e-02,global-SDRS%TE,CASSDRSNTEAFF,TRBV19*01,TRBJ1-1*01,none:none,1,0.000000,-,-,-,-,-,-,-,-,-,-,-
241,SDRS%TE,1.2e-04,1,2,2.9e-08,1.0e+00,1.0e-03,1.0e+00,1.0e-03,2.9e-02,global-SDRS%TE,CASSDRSGTEQYF,TRBV19*01,TRBJ2-7*01,none:none,1,0.000000,-,-,-,-,-,-,-,-,-,-,-

242,SMRS%GE,1.2e-04,1,2,2.9e-08,1.0e+00,1.0e-03,1.0e+00,1.0e-03,2.9e-02,global-SMRS%GE,CASSMRSAGELFF,TRBV19*01,TRBJ2-2*01,none:none,1,0.000000,-,-,-,-,-,-,-,-,-,-,-
242,SMRS%GE,1.2e-04,1,2,2.9e-08,1.0e+00,1.0e-03,1.0e+00,1.0e-03,2.9e-02,global-SMRS%GE,CASSMRSTGELFF,TRBV19*01,TRBJ2-2*01,none:none,1,0.000000,-,-,-,-,-,-,-,-,-,-,-
242,SMRS%GE,1.2e-04,1,2,2.9e-08,1.0e+00,1.0e-03,1.0e+00,1.0e-03,2.9e-02,global-SMRS%GE,CASSMRSTGELFF,TRBV19*01,TRBJ2-2*01,none:none,1,0.000000,-,-,-,-,-,-,-,-,-,-,-

243,SQAM%TE,1.2e-04,1,2,2.9e-08,1.0e+00,1.0e-03,1.0e+00,1.0e-03,2.9e-02,global-SQAM%TE,CASSQAMGTEAFF,TRBV3-1*01,TRBJ1-1*01,none:none,1,0.000000,-,-,-,-,-,-,-,-,-,-,-
243,SQAM%TE,1.2e-04,1,2,2.9e-08,1.0e+00,1.0e-03,1.0e+00,1.0e-03,2.9e-02,global-SQAM%TE,CASSQAMNTEAFF,TRBV3-1*01,TRBJ1-1*01,none:none,1,0.000000,-,-,-,-,-,-,-,-,-,-,-

244,SGRS%GE,1.2e-04,1,2,2.9e-08,1.0e+00,1.0e-03,1.0e+00,1.0e-03,2.9e-02,global-SGRS%GE,CASSGRSTGELFF,TRBV19*01,TRBJ2-2*01,none:none,1,0.000000,-,-,-,-,-,-,-,-,-,-,-
244,SGRS%GE,1.2e-04,1,2,2.9e-08,1.0e+00,1.0e-03,1.0e+00,1.0e-03,2.9e-02,global-SGRS%GE,CASSGRSTGELFF,TRBV19*01,TRBJ2-2*01,none:none,1,0.000000,-,-,-,-,-,-,-,-,-,-,-
244,SGRS%GE,1.2e-04,1,2,2.9e-08,1.0e+00,1.0e-03,1.0e+00,1.0e-03,2.9e-02,global-SGRS%GE,CASSGRSTGELFF,TRBV19*01,TRBJ2-2*01,none:none,1,0.000000,-,-,-,-,-,-,-,-,-,-,-
244,SGRS%GE,1.2e-04,1,2,2.9e-08,1.0e+00,1.0e-03,1.0e+00,1.0e-03,2.9e-02,global-SGRS%GE,CASSGRSTGELFF,TRBV19*01,TRBJ2-2*01,none:none,1,0.000000,-,-,-,-,-,-,-,-,-,-,-
244,SGRS%GE,1.2e-04,1,2,2.9e-08,1.0e+00,1.0e-03,1.0e+00,1.0e-03,2.9e-02,global-SGRS%GE,CASSGRSAGELFF,TRBV19*01,TRBJ2-2*01,none:none,1,0.000000,-,-,-,-,-,-,-,-,-,-,-
244,SGRS%GE,1.2e-04,1,2,2.9e-08,1.0e+00,1.0e-03,1.0e+00,1.0e-03,2.9e-02,global-SGRS%GE,CASSGRSAGELFF,TRBV19*01,TRBJ2-2*01,none:none,1,0.000000,-,-,-,-,-,-,-,-,-,-,-

245,SSRA%YE,1.2e-04,1,2,2.9e-08,1.0e+00,1.0e-03,1.0e+00,1.0e-03,2.9e-02,global-SSRA%YE,CASSSRAAYEQYF,TRBV19*01,TRBJ2-7*01,none:none,1,0.000000,-,-,-,-,-,-,-,-,-,-,-
245,SSRA%YE,1.2e-04,1,2,2.9e-08,1.0e+00,1.0e-03,1.0e+00,1.0e-03,2.9e-02,global-SSRA%YE,CASSSRASYEQYF,TRBV19*01,TRBJ2-7*01,none:none,1,0.000000,-,-,-,-,-,-,-,-,-,-,-
245,SSRA%YE,1.2e-04,1,2,2.9e-08,1.0e+00,1.0e-03,1.0e+00,1.0e-03,2.9e-02,global-SSRA%YE,CASSSRASYEQYF,TRBV19*01,TRBJ2-7*01,none:none,1,0.000000,-,-,-,-,-,-,-,-,-,-,-
245,SSRA%YE,1.2e-04,1,2,2.9e-08,1.0e+00,1.0e-03,1.0e+00,1.0e-03,2.9e-02,global-SSRA%YE,CASSSRASYEQYF,TRBV19*01,TRBJ2-7*01,none:none,1,0.000000,-,-,-,-,-,-,-,-,-,-,-

246,SIRGG%E,1.2e-04,1,2,2.9e-08,1.0e+00,1.0e-03,1.0e+00,1.0e-03,2.9e-02,global-SIRGG%E,CASSIRGGYEQYF,TRBV19*01,TRBJ2-7*01,none:none,1,0.000000,-,-,-,-,-,-,-,-,-,-,-
246,SIRGG%E,1.2e-04,1,2,2.9e-08,1.0e+00,1.0e-03,1.0e+00,1.0e-03,2.9e-02,global-SIRGG%E,CASSIRGGGEQFF,TRBV19*01,TRBJ2-1*01,none:none,1,0.000000,-,-,-,-,-,-,-,-,-,-,-

247,SVRAS%E,1.2e-04,1,2,2.9e-08,1.0e+00,1.0e-03,1.0e+00,1.0e-03,2.9e-02,global-SVRAS%E,CASSVRASYEQYF,TRBV19*01,TRBJ1-2*01,none:none,1,0.000000,-,-,-,-,-,-,-,-,-,-,-
247,SVRAS%E,1.2e-04,1,2,2.9e-08,1.0e+00,1.0e-03,1.0e+00,1.0e-03,2.9e-02,global-SVRAS%E,CASSVRASDEQYF,TRBV19*01,TRBJ2-7*01,none:none,1,0.000000,-,-,-,-,-,-,-,-,-,-,-

248,SQLTG%E,1.2e-04,1,2,1.6e-06,1.0e+00,5.5e-02,1.0e+00,1.0e-03,2.9e-02,global-SQLTG%E,CASSQLTGGEAFF,TRBV3-1*01,TRBJ1-1*01,none:none,1,0.000000,-,-,-,-,-,-,-,-,-,-,-
248,SQLTG%E,1.2e-04,1,2,1.6e-06,1.0e+00,5.5e-02,1.0e+00,1.0e-03,2.9e-02,global-SQLTG%E,CASSQLTGEEQYF,TRBV4-1*01,TRBJ2-7*01,none:none,1,0.000000,-,-,-,-,-,-,-,-,-,-,-

249,SLRSA%E,1.2e-04,1,2,2.9e-08,1.0e+00,1.0e-03,1.0e+00,1.0e-03,2.9e-02,global-SLRSA%E,CASSLRSATEAFF,TRBV19*01,TRBJ1-1*01,none:none,1,0.000000,-,-,-,-,-,-,-,-,-,-,-
249,SLRSA%E,1.2e-04,1,2,2.9e-08,1.0e+00,1.0e-03,1.0e+00,1.0e-03,2.9e-02,global-SLRSA%E,CASSLRSAGEQYF,TRBV19*01,TRBJ2-7*01,none:none,1,0.000000,-,-,-,-,-,-,-,-,-,-,-

250,SEGTA%E,1.2e-04,1,2,1.5e-06,1.0e+00,5.0e-02,1.0e+00,1.0e-03,2.9e-02,global-SEGTA%E,CASSEGTATEAFF,TRBV10-1*01,TRBJ1-1*01,none:none,1,0.000000,-,-,-,-,-,-,-,-,-,-,-
250,SEGTA%E,1.2e-04,1,2,1.5e-06,1.0e+00,5.0e-02,1.0e+00,1.0e-03,2.9e-02,global-SEGTA%E,CASSEGTAPEAFF,TRBV7-9*01,TRBJ1-1*01,none:none,1,0.000000,-,-,-,-,-,-,-,-,-,-,-

251,%GLAGLNE,1.2e-04,1,2,2.9e-08,1.0e+00,1.0e-03,1.0e+00,1.0e-03,2.9e-02,global-%GLAGLNE,CASMGLAGLNEQFF,TRBV19*01,TRBJ2-1*01,none:none,1,0.000000,-,-,-,-,-,-,-,-,-,-,-
251,%GLAGLNE,1.2e-04,1,2,2.9e-08,1.0e+00,1.0e-03,1.0e+00,1.0e-03,2.9e-02,global-%GLAGLNE,CASSGLAGLNEQFF,TRBV19*01,TRBJ2-1*01,none:none,1,0.000000,-,-,-,-,-,-,-,-,-,-,-
251,%GLAGLNE,1.2e-04,1,2,2.9e-08,1.0e+00,1.0e-03,1.0e+00,1.0e-03,2.9e-02,global-%GLAGLNE,CASSGLAGLNEQFF,TRBV19*01,TRBJ2-1*01,none:none,1,0.000000,-,-,-,-,-,-,-,-,-,-,-

252,S%GQGWNE,1.2e-04,1,2,2.0e-06,1.0e+00,6.8e-02,1.0e+00,1.0e-03,2.9e-02,global-S%GQGWNE,CASSSGQGWNEQYF,TRBV5-6*01,TRBJ2-7*01,none:none,1,0.000000,-,-,-,-,-,-,-,-,-,-,-
252,S%GQGWNE,1.2e-04,1,2,2.0e-06,1.0e+00,6.8e-02,1.0e+00,1.0e-03,2.9e-02,global-S%GQGWNE,CASSPGQGWNEQFF,TRBV4-3*01,TRBJ2-1*01,none:none,1,0.000000,-,-,-,-,-,-,-,-,-,-,-

253,S%PGQDYG,1.2e-04,1,2,1.9e-06,1.0e+00,6.4e-02,1.0e+00,1.0e-03,2.9e-02,global-S%PGQDYG,CASSSPGQDYGYTF,TRBV5-1*01,TRBJ1-2*01,none:none,1,0.000000,-,-,-,-,-,-,-,-,-,-,-
253,S%PGQDYG,1.2e-04,1,2,1.9e-06,1.0e+00,6.4e-02,1.0e+00,1.0e-03,2.9e-02,global-S%PGQDYG,CASSGPGQDYGYTF,TRBV6-2*01,TRBJ1-2*01,none:none,1,0.000000,-,-,-,-,-,-,-,-,-,-,-

254,S%RGLGQP,1.2e-04,1,2,2.9e-08,1.0e+00,1.0e-03,1.0e+00,1.0e-03,2.9e-02,global-S%RGLGQP,CASSLRGLGQPQHF,TRBV5-6*01,TRBJ1-5*01,none:none,1,0.000000,-,-,-,-,-,-,-,-,-,-,-
254,S%RGLGQP,1.2e-04,1,2,2.9e-08,1.0e+00,1.0e-03,1.0e+00,1.0e-03,2.9e-02,global-S%RGLGQP,CASSFRGLGQPQHF,TRBV5-6*01,TRBJ1-5*01,none:none,1,0.000000,-,-,-,-,-,-,-,-,-,-,-

255,SS%GLGNT,1.2e-04,1,2,1.7e-06,1.0e+00,6.0e-02,1.0e+00,1.0e-03,2.9e-02,global-SS%GLGNT,CASSSQGLGNTIYF,TRBV28*01,TRBJ1-3*01,none:none,1,0.000000,-,-,-,-,-,-,-,-,-,-,-
255,SS%GLGNT,1.2e-04,1,2,1.7e-06,1.0e+00,6.0e-02,1.0e+00,1.0e-03,2.9e-02,global-SS%GLGNT,CASSSTGLGNTIYF,TRBV12-3*01,TRBJ1-3*01,none:none,1,0.000000,-,-,-,-,-,-,-,-,-,-,-

256,SL%GIGNT,1.2e-04,1,2,1.7e-06,1.0e+00,6.0e-02,1.0e+00,1.0e-03,2.9e-02,global-SL%GIGNT,CASSLVGIGNTIYF,TRBV7-9*01,TRBJ1-3*01,none:none,1,0.000000,-,-,-,-,-,-,-,-,-,-,-
256,SL%GIGNT,1.2e-04,1,2,1.7e-06,1.0e+00,6.0e-02,1.0e+00,1.0e-03,2.9e-02,global-SL%GIGNT,CASSLQGIGNTIYF,TRBV28*01,TRBJ1-3*01,none:none,1,0.000000,-,-,-,-,-,-,-,-,-,-,-

257,SVTG%DTE,1.2e-04,1,2,1.9e-06,1.0e+00,6.6e-02,1.0e+00,1.0e-03,2.9e-02,global-SVTG%DTE,CASSVTGADTEAFF,TRBV11-3*01,TRBJ1-1*01,none:none,1,0.000000,-,-,-,-,-,-,-,-,-,-,-
257,SVTG%DTE,1.2e-04,1,2,1.9e-06,1.0e+00,6.6e-02,1.0e+00,1.0e-03,2.9e-02,global-SVTG%DTE,CASSVTGGDTEAFF,TRBV27*01,TRBJ1-1*01,none:none,1,0.000000,-,-,-,-,-,-,-,-,-,-,-

258,SLTSA%GE,1.2e-04,1,2,2.9e-08,1.0e+00,1.0e-03,1.0e+00,1.0e-03,2.9e-02,global-SLTSA%GE,CASSLTSATGELFF,TRBV28*01,TRBJ2-2*01,none:none,1,0.000000,-,-,-,-,-,-,-,-,-,-,-
258,SLTSA%GE,1.2e-04,1,2,2.9e-08,1.0e+00,1.0e-03,1.0e+00,1.0e-03,2.9e-02,global-SLTSA%GE,CASSLTSATGELFF,TRBV28*01,TRBJ2-2*01,none:none,1,0.000000,-,-,-,-,-,-,-,-,-,-,-
258,SLTSA%GE,1.2e-04,1,2,2.9e-08,1.0e+00,1.0e-03,1.0e+00,1.0e-03,2.9e-02,global-SLTSA%GE,CASSLTSAAGELFF,TRBV28*01,TRBJ2-2*01,none:none,1,0.000000,-,-,-,-,-,-,-,-,-,-,-
258,SLTSA%GE,1.2e-04,1,2,2.9e-08,1.0e+00,1.0e-03,1.0e+00,1.0e-03,2.9e-02,global-SLTSA%GE,CASSLTSAAGELFF,TRBV28*01,TRBJ2-2*01,none:none,1,0.000000,-,-,-,-,-,-,-,-,-,-,-

259,SFQGLG%E,1.2e-04,1,2,1.0e-06,1.0e+00,3.5e-02,1.0e+00,1.0e-03,2.9e-02,global-SFQGLG%E,CASSFQGLGTEAFF,TRBV28*01,TRBJ1-1*01,none:none,1,0.000000,-,-,-,-,-,-,-,-,-,-,-
259,SFQGLG%E,1.2e-04,1,2,1.0e-06,1.0e+00,3.5e-02,1.0e+00,1.0e-03,2.9e-02,global-SFQGLG%E,CASSFQGLGTEAFF,TRBV14*01,TRBJ1-1*01,none:none,1,0.000000,-,-,-,-,-,-,-,-,-,-,-
259,SFQGLG%E,1.2e-04,1,2,1.0e-06,1.0e+00,3.5e-02,1.0e+00,1.0e-03,2.9e-02,global-SFQGLG%E,CASSFQGLGTEAFF,TRBV27*01,TRBJ1-1*01,none:none,1,0.000000,-,-,-,-,-,-,-,-,-,-,-
259,SFQGLG%E,1.2e-04,1,2,1.0e-06,1.0e+00,3.5e-02,1.0e+00,1.0e-03,2.9e-02,global-SFQGLG%E,CASSFQGLGYEQYF,TRBV28*01,TRBJ2-7*01,none:none,1,0.000000,-,-,-,-,-,-,-,-,-,-,-

260,%LSASGYNE,1.2e-04,1,2,2.9e-08,1.0e+00,1.0e-03,1.0e+00,1.0e-03,2.9e-02,global-%LSASGYNE,CASVLSASGYNEQFF,TRBV7-9*01,TRBJ2-1*01,none:none,1,0.000000,-,-,-,-,-,-,-,-,-,-,-
260,%LSASGYNE,1.2e-04,1,2,2.9e-08,1.0e+00,1.0e-03,1.0e+00,1.0e-03,2.9e-02,global-%LSASGYNE,CASSLSASGYNEQFF,TRBV7-9*01,TRBJ2-1*01,none:none,1,0.000000,-,-,-,-,-,-,-,-,-,-,-

261,SLSG%MNTE,1.2e-04,1,2,2.9e-08,1.0e+00,1.0e-03,1.0e+00,1.0e-03,2.9e-02,global-SLSG%MNTE,CASSLSGGMNTEAFF,TRBV27*01,TRBJ1-1*01,none:none,1,0.000000,-,-,-,-,-,-,-,-,-,-,-
261,SLSG%MNTE,1.2e-04,1,2,2.9e-08,1.0e+00,1.0e-03,1.0e+00,1.0e-03,2.9e-02,global-SLSG%MNTE,CASSLSGTMNTEAFF,TRBV27*01,TRBJ1-1*01,none:none,1,0.000000,-,-,-,-,-,-,-,-,-,-,-

262,SPRTG%TGE,1.2e-04,1,2,2.9e-07,1.0e+00,1.0e-02,1.0e+00,1.0e-03,2.9e-02,global-SPRTG%TGE,CASSPRTGDTGELFF,TRBV3-1*01,TRBJ2-2*01,none:none,1,0.000000,-,-,-,-,-,-,-,-,-,-,-
262,SPRTG%TGE,1.2e-04,1,2,2.9e-07,1.0e+00,1.0e-02,1.0e+00,1.0e-03,2.9e-02,global-SPRTG%TGE,CASSPRTGNTGELFF,TRBV7-9*01,TRBJ2-2*01,none:none,1,0.000000,-,-,-,-,-,-,-,-,-,-,-
262,SPRTG%TGE,1.2e-04,1,2,2.9e-07,1.0e+00,1.0e-02,1.0e+00,1.0e-03,2.9e-02,global-SPRTG%TGE,CASSPRTGNTGELFF,TRBV7-9*01,TRBJ2-2*01,none:none,1,0.000000,-,-,-,-,-,-,-,-,-,-,-
262,SPRTG%TGE,1.2e-04,1,2,2.9e-07,1.0e+00,1.0e-02,1.0e+00,1.0e-03,2.9e-02,global-SPRTG%TGE,CASSPRTGNTGELFF,TRBV7-9*01,TRBJ2-2*01,none:none,1,0.000000,-,-,-,-,-,-,-,-,-,-,-

263,SYSGTG%TE,1.2e-04,1,2,1.8e-06,1.0e+00,6.3e-02,1.0e+00,1.0e-03,2.9e-02,global-SYSGTG%TE,CASSYSGTGGTEAFF,TRBV4-1*01,TRBJ1-1*01,none:none,1,0.000000,-,-,-,-,-,-,-,-,-,-,-
263,SYSGTG%TE,1.2e-04,1,2,1.8e-06,1.0e+00,6.3e-02,1.0e+00,1.0e-03,2.9e-02,global-SYSGTG%TE,CASSYSGTGNTEAFF,TRBV6-6*01,TRBJ1-1*01,none:none,1,0.000000,-,-,-,-,-,-,-,-,-,-,-

264,S%RAGET,1.3e-04,1,3,6.2e-09,1.0e+00,1.0e-03,1.0e+00,1.0e-03,6.2e-03,global-S%RAGET,CASSIRAGETQYF,TRBV19*01,TRBJ2-5*01,none:none,1,0.000000,-,-,-,-,-,-,-,-,-,-,-
264,S%RAGET,1.3e-04,1,3,6.2e-09,1.0e+00,1.0e-03,1.0e+00,1.0e-03,6.2e-03,global-S%RAGET,CASSPRAGETQYF,TRBV19*01,TRBJ2-5*01,none:none,1,0.000000,-,-,-,-,-,-,-,-,-,-,-
264,S%RAGET,1.3e-04,1,3,6.2e-09,1.0e+00,1.0e-03,1.0e+00,1.0e-03,6.2e-03,global-S%RAGET,CASSMRAGETQYF,TRBV19*01,TRBJ2-5*01,none:none,1,0.000000,-,-,-,-,-,-,-,-,-,-,-
264,S%RAGET,1.3e-04,1,3,6.2e-09,1.0e+00,1.0e-03,1.0e+00,1.0e-03,6.2e-03,global-S%RAGET,CASSMRAGETQYF,TRBV19*01,TRBJ2-5*01,none:none,1,0.000000,-,-,-,-,-,-,-,-,-,-,-

265,S%RSNTE,1.6e-04,1,3,6.2e-09,1.0e+00,1.0e-03,1.0e+00,1.0e-03,6.2e-03,global-S%RSNTE,CASSGRSNTEAFF,TRBV19*01,TRBJ1-1*01,none:none,1,0.000000,-,-,-,-,-,-,-,-,-,-,-
265,S%RSNTE,1.6e-04,1,3,6.2e-09,1.0e+00,1.0e-03,1.0e+00,1.0e-03,6.2e-03,global-S%RSNTE,CASSGRSNTEAFF,TRBV19*01,TRBJ1-1*01,none:none,1,0.000000,-,-,-,-,-,-,-,-,-,-,-
265,S%RSNTE,1.6e-04,1,3,6.2e-09,1.0e+00,1.0e-03,1.0e+00,1.0e-03,6.2e-03,global-S%RSNTE,CASSGRSNTEAFF,TRBV19*01,TRBJ1-1*01,none:none,1,0.000000,-,-,-,-,-,-,-,-,-,-,-
265,S%RSNTE,1.6e-04,1,3,6.2e-09,1.0e+00,1.0e-03,1.0e+00,1.0e-03,6.2e-03,global-S%RSNTE,CASSDRSNTEAFF,TRBV19*01,TRBJ1-1*01,none:none,1,0.000000,-,-,-,-,-,-,-,-,-,-,-
265,S%RSNTE,1.6e-04,1,3,6.2e-09,1.0e+00,1.0e-03,1.0e+00,1.0e-03,6.2e-03,global-S%RSNTE,CASSIRSNTEAFF,TRBV19*01,TRBJ1-1*01,none:none,1,0.000000,-,-,-,-,-,-,-,-,-,-,-
265,S%RSNTE,1.6e-04,1,3,6.2e-09,1.0e+00,1.0e-03,1.0e+00,1.0e-03,6.2e-03,global-S%RSNTE,CASSIRSNTEAFF,TRBV19*01,TRBJ1-1*01,none:none,1,0.000000,-,-,-,-,-,-,-,-,-,-,-

266,STG%YG,1.9e-04,1,3,6.2e-09,1.0e+00,1.0e-03,1.0e+00,1.0e-03,6.2e-03,global-STG%YG,CASSTGSYGYTF,TRBV19*01,TRBJ1-2*01,none:none,1,0.000000,-,-,-,-,-,-,-,-,-,-,-
266,STG%YG,1.9e-04,1,3,6.2e-09,1.0e+00,1.0e-03,1.0e+00,1.0e-03,6.2e-03,global-STG%YG,CASSTGSYGYTF,TRBV19*01,TRBJ1-2*01,none:none,1,0.000000,-,-,-,-,-,-,-,-,-,-,-
266,STG%YG,1.9e-04,1,3,6.2e-09,1.0e+00,1.0e-03,1.0e+00,1.0e-03,6.2e-03,global-STG%YG,CASSTGIYGYTF,TRBV19*01,TRBJ1-2*01,none:none,1,0.000000,-,-,-,-,-,-,-,-,-,-,-
266,STG%YG,1.9e-04,1,3,6.2e-09,1.0e+00,1.0e-03,1.0e+00,1.0e-03,6.2e-03,global-STG%YG,CASSTGIYGYTF,TRBV19*01,TRBJ1-2*01,none:none,1,0.000000,-,-,-,-,-,-,-,-,-,-,-
266,STG%YG,1.9e-04,1,3,6.2e-09,1.0e+00,1.0e-03,1.0e+00,1.0e-03,6.2e-03,global-STG%YG,CASSTGSYGCTF,TRBV19*01,TRBJ1-2*01,none:none,1,0.000000,-,-,-,-,-,-,-,-,-,-,-

267,SSR%SYE,1.9e-04,1,3,6.2e-09,1.0e+00,1.0e-03,1.0e+00,1.0e-03,6.2e-03,global-SSR%SYE,CASSSRSSYEQYF,TRBV19*01,TRBJ2-7*01,none:none,1,0.000000,-,-,-,-,-,-,-,-,-,-,-
267,SSR%SYE,1.9e-04,1,3,6.2e-09,1.0e+00,1.0e-03,1.0e+00,1.0e-03,6.2e-03,global-SSR%SYE,CASSSRSSYEQYF,TRBV19*01,TRBJ2-7*01,none:none,1,0.000000,-,-,-,-,-,-,-,-,-,-,-
267,SSR%SYE,1.9e-04,1,3,6.2e-09,1.0e+00,1.0e-03,1.0e+00,1.0e-03,6.2e-03,global-SSR%SYE,CASSSRSSYEQYF,TRBV19*01,TRBJ2-7*01,none:none,1,0.000000,-,-,-,-,-,-,-,-,-,-,-
267,SSR%SYE,1.9e-04,1,3,6.2e-09,1.0e+00,1.0e-03,1.0e+00,1.0e-03,6.2e-03,global-SSR%SYE,CASSSRSSYEQYF,TRBV19*01,TRBJ2-7*01,none:none,1,0.000000,-,-,-,-,-,-,-,-,-,-,-
267,SSR%SYE,1.9e-04,1,3,6.2e-09,1.0e+00,1.0e-03,1.0e+00,1.0e-03,6.2e-03,global-SSR%SYE,CASSSRDSYEQYF,TRBV5-5*01,TRBJ2-7*01,none:none,1,0.000000,-,-,-,-,-,-,-,-,-,-,-
267,SSR%SYE,1.9e-04,1,3,6.2e-09,1.0e+00,1.0e-03,1.0e+00,1.0e-03,6.2e-03,global-SSR%SYE,CASSSRASYEQYF,TRBV19*01,TRBJ2-7*01,none:none,1,0.000000,-,-,-,-,-,-,-,-,-,-,-
267,SSR%SYE,1.9e-04,1,3,6.2e-09,1.0e+00,1.0e-03,1.0e+00,1.0e-03,6.2e-03,global-SSR%SYE,CASSSRASYEQYF,TRBV19*01,TRBJ2-7*01,none:none,1,0.000000,-,-,-,-,-,-,-,-,-,-,-
267,SSR%SYE,1.9e-04,1,3,6.2e-09,1.0e+00,1.0e-03,1.0e+00,1.0e-03,6.2e-03,global-SSR%SYE,CASSSRASYEQYF,TRBV19*01,TRBJ2-7*01,none:none,1,0.000000,-,-,-,-,-,-,-,-,-,-,-

268,S%GTGGTE,1.9e-04,1,3,6.5e-07,1.0e+00,1.0e-01,1.0e+00,1.0e-03,6.2e-03,global-S%GTGGTE,CASSIGTGGTEAFF,TRBV19*01,TRBJ1-1*01,none:none,1,0.000000,-,-,-,-,-,-,-,-,-,-,-
268,S%GTGGTE,1.9e-04,1,3,6.5e-07,1.0e+00,1.0e-01,1.0e+00,1.0e-03,6.2e-03,global-S%GTGGTE,CASSAGTGGTEAFF,TRBV6-1*01,TRBJ1-1*01,none:none,1,0.000000,-,-,-,-,-,-,-,-,-,-,-
268,S%GTGGTE,1.9e-04,1,3,6.5e-07,1.0e+00,1.0e-01,1.0e+00,1.0e-03,6.2e-03,global-S%GTGGTE,CASSEGTGGTEAFF,TRBV6-1*01,TRBJ1-1*01,none:none,1,0.000000,-,-,-,-,-,-,-,-,-,-,-

269,SSVS%,2.3e-04,1,2,1.7e-06,1.0e+00,6.0e-02,1.0e+00,1.0e-03,2.9e-02,global-SSVS%,CASSSVSGYTF,TRBV12-4*01,TRBJ1-2*01,none:none,1,0.000000,-,-,-,-,-,-,-,-,-,-,-
269,SSVS%,2.3e-04,1,2,1.7e-06,1.0e+00,6.0e-02,1.0e+00,1.0e-03,2.9e-02,global-SSVS%,CASSSVSEAFF,TRBV11-1*01,TRBJ1-1*01,none:none,1,0.000000,-,-,-,-,-,-,-,-,-,-,-

270,G%GEGE,2.3e-04,1,2,2.9e-08,1.0e+00,1.0e-03,1.0e+00,1.0e-03,2.9e-02,global-G%GEGE,CSVGAGEGEQFF,TRBV29-1*01,TRBJ2-1*01,none:none,1,0.000000,-,-,-,-,-,-,-,-,-,-,-
270,G%GEGE,2.3e-04,1,2,2.9e-08,1.0e+00,1.0e-03,1.0e+00,1.0e-03,2.9e-02,global-G%GEGE,CSGGQGEGEQFF,TRBV29-1*01,TRBJ2-1*01,none:none,1,0.000000,-,-,-,-,-,-,-,-,-,-,-

271,EG%NYG,2.3e-04,1,2,1.7e-06,1.0e+00,5.8e-02,1.0e+00,1.0e-03,2.9e-02,global-EG%NYG,CAREGGNYGYTF,TRBV2*01,TRBJ1-2*01,none:none,1,0.000000,-,-,-,-,-,-,-,-,-,-,-
271,EG%NYG,2.3e-04,1,2,1.7e-06,1.0e+00,5.8e-02,1.0e+00,1.0e-03,2.9e-02,global-EG%NYG,CSVEGRNYGYTF,TRBV29-1*01,TRBJ1-2*01,none:none,1,0.000000,-,-,-,-,-,-,-,-,-,-,-

272,SQGA%G,2.3e-04,1,2,2.9e-08,1.0e+00,1.0e-03,1.0e+00,1.0e-03,2.9e-02,global-SQGA%G,CASSQGAYGYTF,TRBV19*01,TRBJ1-2*01,none:none,1,0.000000,-,-,-,-,-,-,-,-,-,-,-
272,SQGA%G,2.3e-04,1,2,2.9e-08,1.0e+00,1.0e-03,1.0e+00,1.0e-03,2.9e-02,global-SQGA%G,CASSQGAYGYTF,TRBV19*01,TRBJ1-2*01,none:none,1,0.000000,-,-,-,-,-,-,-,-,-,-,-
272,SQGA%G,2.3e-04,1,2,2.9e-08,1.0e+00,1.0e-03,1.0e+00,1.0e-03,2.9e-02,global-SQGA%G,CASSQGAYGYTF,TRBV19*01,TRBJ1-2*01,none:none,1,0.000000,-,-,-,-,-,-,-,-,-,-,-
272,SQGA%G,2.3e-04,1,2,2.9e-08,1.0e+00,1.0e-03,1.0e+00,1.0e-03,2.9e-02,global-SQGA%G,CASSQGAYGYTF,TRBV19*01,TRBJ1-2*01,none:none,1,0.000000,-,-,-,-,-,-,-,-,-,-,-
272,SQGA%G,2.3e-04,1,2,2.9e-08,1.0e+00,1.0e-03,1.0e+00,1.0e-03,2.9e-02,global-SQGA%G,CASSQGAYGYTF,TRBV19*01,TRBJ1-2*01,none:none,1,0.000000,-,-,-,-,-,-,-,-,-,-,-
272,SQGA%G,2.3e-04,1,2,2.9e-08,1.0e+00,1.0e-03,1.0e+00,1.0e-03,2.9e-02,global-SQGA%G,CASSQGAFGYTF,TRBV19*01,TRBJ1-2*01,none:none,1,0.000000,-,-,-,-,-,-,-,-,-,-,-

273,SIGV%E,2.3e-04,1,2,2.9e-08,1.0e+00,1.0e-03,1.0e+00,1.0e-03,2.9e-02,global-SIGV%E,CASSIGVHEQYF,TRBV19*01,TRBJ2-7*01,none:none,1,0.000000,-,-,-,-,-,-,-,-,-,-,-
273,SIGV%E,2.3e-04,1,2,2.9e-08,1.0e+00,1.0e-03,1.0e+00,1.0e-03,2.9e-02,global-SIGV%E,CASSIGVGEAFF,TRBV19*01,TRBJ1-1*01,none:none,1,0.000000,-,-,-,-,-,-,-,-,-,-,-

274,%TRSTDT,2.3e-04,1,2,2.9e-08,1.0e+00,1.0e-03,1.0e+00,1.0e-03,2.9e-02,global-%TRSTDT,CASSTRSTDTQYF,TRBV19*01,TRBJ2-3*01,none:none,1,0.000000,-,-,-,-,-,-,-,-,-,-,-
274,%TRSTDT,2.3e-04,1,2,2.9e-08,1.0e+00,1.0e-03,1.0e+00,1.0e-03,2.9e-02,global-%TRSTDT,CASSTRSTDTQYF,TRBV19*01,TRBJ2-3*01,none:none,1,0.000000,-,-,-,-,-,-,-,-,-,-,-
274,%TRSTDT,2.3e-04,1,2,2.9e-08,1.0e+00,1.0e-03,1.0e+00,1.0e-03,2.9e-02,global-%TRSTDT,CASSTRSTDTQYF,TRBV19*01,TRBJ2-3*01,none:none,1,0.000000,-,-,-,-,-,-,-,-,-,-,-
274,%TRSTDT,2.3e-04,1,2,2.9e-08,1.0e+00,1.0e-03,1.0e+00,1.0e-03,2.9e-02,global-%TRSTDT,CASSTRSTDTQYF,TRBV19*01,TRBJ2-3*01,none:none,1,0.000000,-,-,-,-,-,-,-,-,-,-,-
274,%TRSTDT,2.3e-04,1,2,2.9e-08,1.0e+00,1.0e-03,1.0e+00,1.0e-03,2.9e-02,global-%TRSTDT,CASNTRSTDTQYF,TRBV19*01,TRBJ2-3*01,none:none,1,0.000000,-,-,-,-,-,-,-,-,-,-,-

275,G%RSSYE,2.3e-04,1,2,1.6e-06,1.0e+00,5.6e-02,1.0e+00,1.0e-03,2.9e-02,global-G%RSSYE,CASGIRSSYEQYF,TRBV19*01,TRBJ2-7*01,none:none,1,0.000000,-,-,-,-,-,-,-,-,-,-,-
275,G%RSSYE,2.3e-04,1,2,1.6e-06,1.0e+00,5.6e-02,1.0e+00,1.0e-03,2.9e-02,global-G%RSSYE,CSLGVRSSYEQYF,TRBV20-1*01,TRBJ2-7*01,none:none,1,0.000000,-,-,-,-,-,-,-,-,-,-,-

276,S%RSGNE,2.3e-04,1,2,2.9e-08,1.0e+00,1.0e-03,1.0e+00,1.0e-03,2.9e-02,global-S%RSGNE,CASSIRSGNEQYF,TRBV19*01,TRBJ2-7*01,none:none,1,0.000000,-,-,-,-,-,-,-,-,-,-,-
276,S%RSGNE,2.3e-04,1,2,2.9e-08,1.0e+00,1.0e-03,1.0e+00,1.0e-03,2.9e-02,global-S%RSGNE,CASSIRSGNEQYF,TRBV19*01,TRBJ2-7*01,none:none,1,0.000000,-,-,-,-,-,-,-,-,-,-,-
276,S%RSGNE,2.3e-04,1,2,2.9e-08,1.0e+00,1.0e-03,1.0e+00,1.0e-03,2.9e-02,global-S%RSGNE,CASSSRSGNEQFF,TRBV19*01,TRBJ2-1*01,none:none,1,0.000000,-,-,-,-,-,-,-,-,-,-,-

277,S%RAAAE,2.3e-04,1,2,2.9e-08,1.0e+00,1.0e-03,1.0e+00,1.0e-03,2.9e-02,global-S%RAAAE,CASSSRAAAEAFF,TRBV19*01,TRBJ1-1*01,none:none,1,0.000000,-,-,-,-,-,-,-,-,-,-,-
277,S%RAAAE,2.3e-04,1,2,2.9e-08,1.0e+00,1.0e-03,1.0e+00,1.0e-03,2.9e-02,global-S%RAAAE,CASSIRAAAEAFF,TRBV19*01,TRBJ1-1*01,none:none,1,0.000000,-,-,-,-,-,-,-,-,-,-,-

278,S%RAGVE,2.3e-04,1,2,2.9e-08,1.0e+00,1.0e-03,1.0e+00,1.0e-03,2.9e-02,global-S%RAGVE,CASSMRAGVEQFF,TRBV19*01,TRBJ2-1*01,none:none,1,0.000000,-,-,-,-,-,-,-,-,-,-,-
278,S%RAGVE,2.3e-04,1,2,2.9e-08,1.0e+00,1.0e-03,1.0e+00,1.0e-03,2.9e-02,global-S%RAGVE,CASSIRAGVEQFF,TRBV19*01,TRBJ2-1*01,none:none,1,0.000000,-,-,-,-,-,-,-,-,-,-,-

279,SI%ATGE,2.3e-04,1,2,2.9e-08,1.0e+00,1.0e-03,1.0e+00,1.0e-03,2.9e-02,global-SI%ATGE,CASSIRATGELFF,TRBV19*01,TRBJ2-2*01,none:none,1,0.000000,-,-,-,-,-,-,-,-,-,-,-
279,SI%ATGE,2.3e-04,1,2,2.9e-08,1.0e+00,1.0e-03,1.0e+00,1.0e-03,2.9e-02,global-SI%ATGE,CASSISATGELFF,TRBV19*01,TRBJ2-2*01,none:none,1,0.000000,-,-,-,-,-,-,-,-,-,-,-

280,SH%ENTE,2.3e-04,1,2,2.0e-06,1.0e+00,6.9e-02,1.0e+00,1.0e-03,2.9e-02,global-SH%ENTE,CASSHVENTEAFF,TRBV5-1*01,TRBJ1-1*01,none:none,1,0.000000,-,-,-,-,-,-,-,-,-,-,-
280,SH%ENTE,2.3e-04,1,2,2.0e-06,1.0e+00,6.9e-02,1.0e+00,1.0e-03,2.9e-02,global-SH%ENTE,CASSHRENTEAFF,TRBV12-3*01,TRBJ1-1*01,none:none,1,0.000000,-,-,-,-,-,-,-,-,-,-,-

281,SY%RAYE,2.3e-04,1,2,2.9e-08,1.0e+00,1.0e-03,1.0e+00,1.0e-03,2.9e-02,global-SY%RAYE,CASSYNRAYEQYF,TRBV6-5*01,TRBJ2-7*01,none:none,1,0.000000,-,-,-,-,-,-,-,-,-,-,-
281,SY%RAYE,2.3e-04,1,2,2.9e-08,1.0e+00,1.0e-03,1.0e+00,1.0e-03,2.9e-02,global-SY%RAYE,CASSYGRAYEQYF,TRBV6-5*01,TRBJ2-7*01,none:none,1,0.000000,-,-,-,-,-,-,-,-,-,-,-

282,SLR%SGE,2.3e-04,1,2,2.9e-08,1.0e+00,1.0e-03,1.0e+00,1.0e-03,2.9e-02,global-SLR%SGE,CASSLRSSGELFF,TRBV19*01,TRBJ2-2*01,none:none,1,0.000000,-,-,-,-,-,-,-,-,-,-,-
282,SLR%SGE,2.3e-04,1,2,2.9e-08,1.0e+00,1.0e-03,1.0e+00,1.0e-03,2.9e-02,global-SLR%SGE,CANSLRGSGEQFF,TRBV19*01,TRBJ2-1*01,none:none,1,0.000000,-,-,-,-,-,-,-,-,-,-,-

283,SSS%TGE,2.3e-04,1,2,1.5e-06,1.0e+00,5.3e-02,1.0e+00,1.0e-03,2.9e-02,global-SSS%TGE,CASSSSSTGELFF,TRBV12-3*01,TRBJ2-2*01,none:none,1,0.000000,-,-,-,-,-,-,-,-,-,-,-
283,SSS%TGE,2.3e-04,1,2,1.5e-06,1.0e+00,5.3e-02,1.0e+00,1.0e-03,2.9e-02,global-SSS%TGE,CASSSSNTGELFF,TRBV5-6*01,TRBJ2-2*01,none:none,1,0.000000,-,-,-,-,-,-,-,-,-,-,-

284,SYG%GQP,2.3e-04,1,2,2.9e-08,1.0e+00,1.0e-03,1.0e+00,1.0e-03,2.9e-02,global-SYG%GQP,CASSYGTGQPQHF,TRBV6-3*01,TRBJ1-5*01,none:none,1,0.000000,-,-,-,-,-,-,-,-,-,-,-
284,SYG%GQP,2.3e-04,1,2,2.9e-08,1.0e+00,1.0e-03,1.0e+00,1.0e-03,2.9e-02,global-SYG%GQP,CASSYGMGQPQHF,TRBV6-3*01,TRBJ1-5*01,none:none,1,0.000000,-,-,-,-,-,-,-,-,-,-,-

285,SQE%GYG,2.3e-04,1,2,2.2e-06,1.0e+00,7.4e-02,1.0e+00,1.0e-03,2.9e-02,global-SQE%GYG,CASSQEPGYGYTF,TRBV14*01,TRBJ1-2*01,none:none,1,0.000000,-,-,-,-,-,-,-,-,-,-,-
285,SQE%GYG,2.3e-04,1,2,2.2e-06,1.0e+00,7.4e-02,1.0e+00,1.0e-03,2.9e-02,global-SQE%GYG,CASSQETGYGYTF,TRBV4-2*01,TRBJ1-2*01,none:none,1,0.000000,-,-,-,-,-,-,-,-,-,-,-

286,SLM%TDT,2.3e-04,1,2,1.6e-06,1.0e+00,5.5e-02,1.0e+00,1.0e-03,2.9e-02,global-SLM%TDT,CASSLMDTDTQYF,TRBV12-3*01,TRBJ2-3*01,none:none,1,0.000000,-,-,-,-,-,-,-,-,-,-,-
286,SLM%TDT,2.3e-04,1,2,1.6e-06,1.0e+00,5.5e-02,1.0e+00,1.0e-03,2.9e-02,global-SLM%TDT,CASSLMATDTQYF,TRBV7-3*01,TRBJ2-3*01,none:none,1,0.000000,-,-,-,-,-,-,-,-,-,-,-

287,STR%TDT,2.3e-04,1,2,2.3e-07,1.0e+00,8.0e-03,1.0e+00,1.0e-03,2.9e-02,global-STR%TDT,CASSTRSTDTQYF,TRBV19*01,TRBJ2-3*01,none:none,1,0.000000,-,-,-,-,-,-,-,-,-,-,-
287,STR%TDT,2.3e-04,1,2,2.3e-07,1.0e+00,8.0e-03,1.0e+00,1.0e-03,2.9e-02,global-STR%TDT,CASSTRSTDTQYF,TRBV19*01,TRBJ2-3*01,none:none,1,0.000000,-,-,-,-,-,-,-,-,-,-,-
287,STR%TDT,2.3e-04,1,2,2.3e-07,1.0e+00,8.0e-03,1.0e+00,1.0e-03,2.9e-02,global-STR%TDT,CASSTRSTDTQYF,TRBV19*01,TRBJ2-3*01,none:none,1,0.000000,-,-,-,-,-,-,-,-,-,-,-
287,STR%TDT,2.3e-04,1,2,2.3e-07,1.0e+00,8.0e-03,1.0e+00,1.0e-03,2.9e-02,global-STR%TDT,CASSTRSTDTQYF,TRBV19*01,TRBJ2-3*01,none:none,1,0.000000,-,-,-,-,-,-,-,-,-,-,-
287,STR%TDT,2.3e-04,1,2,2.3e-07,1.0e+00,8.0e-03,1.0e+00,1.0e-03,2.9e-02,global-STR%TDT,CASSTRRTDTQYF,TRBV9*01,TRBJ2-3*01,none:none,1,0.000000,-,-,-,-,-,-,-,-,-,-,-

288,SPG%VYG,2.3e-04,1,2,2.9e-08,1.0e+00,1.0e-03,1.0e+00,1.0e-03,2.9e-02,global-SPG%VYG,CASSPGRVYGYTF,TRBV27*01,TRBJ1-2*01,none:none,1,0.000000,-,-,-,-,-,-,-,-,-,-,-
288,SPG%VYG,2.3e-04,1,2,2.9e-08,1.0e+00,1.0e-03,1.0e+00,1.0e-03,2.9e-02,global-SPG%VYG,CASSPGTVYGYTF,TRBV27*01,TRBJ1-2*01,none:none,1,0.000000,-,-,-,-,-,-,-,-,-,-,-

289,SIRA%ET,2.3e-04,1,2,2.9e-08,1.0e+00,1.0e-03,1.0e+00,1.0e-03,2.9e-02,global-SIRA%ET,CASSIRAGETQYF,TRBV19*01,TRBJ2-5*01,none:none,1,0.000000,-,-,-,-,-,-,-,-,-,-,-
289,SIRA%ET,2.3e-04,1,2,2.9e-08,1.0e+00,1.0e-03,1.0e+00,1.0e-03,2.9e-02,global-SIRA%ET,CASSIRASETQYF,TRBV19*01,TRBJ2-5*01,none:none,1,0.000000,-,-,-,-,-,-,-,-,-,-,-

290,SIFG%GE,2.3e-04,1,2,2.9e-08,1.0e+00,1.0e-03,1.0e+00,1.0e-03,2.9e-02,global-SIFG%GE,CASSIFGRGEQFF,TRBV19*01,TRBJ2-1*01,none:none,1,0.000000,-,-,-,-,-,-,-,-,-,-,-
290,SIFG%GE,2.3e-04,1,2,2.9e-08,1.0e+00,1.0e-03,1.0e+00,1.0e-03,2.9e-02,global-SIFG%GE,CASSIFGAGELFF,TRBV19*01,TRBJ2-2*01,none:none,1,0.000000,-,-,-,-,-,-,-,-,-,-,-

291,STRS%YE,2.3e-04,1,2,2.9e-08,1.0e+00,1.0e-03,1.0e+00,1.0e-03,2.9e-02,global-STRS%YE,CASSTRSGYEQYF,TRBV19*01,TRBJ2-7*01,none:none,1,0.000000,-,-,-,-,-,-,-,-,-,-,-
291,STRS%YE,2.3e-04,1,2,2.9e-08,1.0e+00,1.0e-03,1.0e+00,1.0e-03,2.9e-02,global-STRS%YE,CASSTRSAYEQYF,TRBV19*01,TRBJ2-7*01,none:none,1,0.000000,-,-,-,-,-,-,-,-,-,-,-
291,STRS%YE,2.3e-04,1,2,2.9e-08,1.0e+00,1.0e-03,1.0e+00,1.0e-03,2.9e-02,global-STRS%YE,CASSTRSAYEQYF,TRBV19*01,TRBJ2-7*01,none:none,1,0.000000,-,-,-,-,-,-,-,-,-,-,-
291,STRS%YE,2.3e-04,1,2,2.9e-08,1.0e+00,1.0e-03,1.0e+00,1.0e-03,2.9e-02,global-STRS%YE,CASSTRSAYEQYF,TRBV19*01,TRBJ2-7*01,none:none,1,0.000000,-,-,-,-,-,-,-,-,-,-,-
291,STRS%YE,2.3e-04,1,2,2.9e-08,1.0e+00,1.0e-03,1.0e+00,1.0e-03,2.9e-02,global-STRS%YE,CASSTRSAYEQYF,TRBV19*01,TRBJ2-7*01,none:none,1,0.000000,-,-,-,-,-,-,-,-,-,-,-
291,STRS%YE,2.3e-04,1,2,2.9e-08,1.0e+00,1.0e-03,1.0e+00,1.0e-03,2.9e-02,global-STRS%YE,CASSTRSAYEQYF,TRBV19*01,TRBJ2-7*01,none:none,1,0.000000,-,-,-,-,-,-,-,-,-,-,-

292,SGTS%TE,2.3e-04,1,2,2.9e-08,1.0e+00,1.0e-03,1.0e+00,1.0e-03,2.9e-02,global-SGTS%TE,CASSGTSFTEQYF,TRBV19*01,TRBJ2-7*01,none:none,1,0.000000,-,-,-,-,-,-,-,-,-,-,-
292,SGTS%TE,2.3e-04,1,2,2.9e-08,1.0e+00,1.0e-03,1.0e+00,1.0e-03,2.9e-02,global-SGTS%TE,CASSGTSGTEQYF,TRBV19*01,TRBJ2-7*01,none:none,1,0.000000,-,-,-,-,-,-,-,-,-,-,-

293,SVRS%DT,2.3e-04,1,2,2.9e-08,1.0e+00,1.0e-03,1.0e+00,1.0e-03,2.9e-02,global-SVRS%DT,CASSVRSADTQYF,TRBV19*01,TRBJ2-3*01,none:none,1,0.000000,-,-,-,-,-,-,-,-,-,-,-
293,SVRS%DT,2.3e-04,1,2,2.9e-08,1.0e+00,1.0e-03,1.0e+00,1.0e-03,2.9e-02,global-SVRS%DT,CASSVRSADTQYF,TRBV9*01,TRBJ2-3*01,none:none,1,0.000000,-,-,-,-,-,-,-,-,-,-,-
293,SVRS%DT,2.3e-04,1,2,2.9e-08,1.0e+00,1.0e-03,1.0e+00,1.0e-03,2.9e-02,global-SVRS%DT,CASSVRSADTQYF,TRBV19*01,TRBJ2-3*01,none:none,1,0.000000,-,-,-,-,-,-,-,-,-,-,-
293,SVRS%DT,2.3e-04,1,2,2.9e-08,1.0e+00,1.0e-03,1.0e+00,1.0e-03,2.9e-02,global-SVRS%DT,CASSVRSTDTQYF,TRBV19*01,TRBJ2-3*01,none:none,1,0.000000,-,-,-,-,-,-,-,-,-,-,-
293,SVRS%DT,2.3e-04,1,2,2.9e-08,1.0e+00,1.0e-03,1.0e+00,1.0e-03,2.9e-02,global-SVRS%DT,CASSVRSTDTQYF,TRBV19*01,TRBJ2-3*01,none:none,1,0.000000,-,-,-,-,-,-,-,-,-,-,-
293,SVRS%DT,2.3e-04,1,2,2.9e-08,1.0e+00,1.0e-03,1.0e+00,1.0e-03,2.9e-02,global-SVRS%DT,CASSVRSTDTQYF,TRBV19*01,TRBJ2-3*01,none:none,1,0.000000,-,-,-,-,-,-,-,-,-,-,-
293,SVRS%DT,2.3e-04,1,2,2.9e-08,1.0e+00,1.0e-03,1.0e+00,1.0e-03,2.9e-02,global-SVRS%DT,CASSVRSTDTQYF,TRBV19*01,TRBJ2-3*01,none:none,1,0.000000,-,-,-,-,-,-,-,-,-,-,-
293,SVRS%DT,2.3e-04,1,2,2.9e-08,1.0e+00,1.0e-03,1.0e+00,1.0e-03,2.9e-02,global-SVRS%DT,CASSVRSTDTQYF,TRBV19*01,TRBJ2-3*01,none:none,1,0.000000,-,-,-,-,-,-,-,-,-,-,-
293,SVRS%DT,2.3e-04,1,2,2.9e-08,1.0e+00,1.0e-03,1.0e+00,1.0e-03,2.9e-02,global-SVRS%DT,CASSVRSTDTQYF,TRBV19*01,TRBJ2-3*01,none:none,1,0.000000,-,-,-,-,-,-,-,-,-,-,-

294,SEGT%TE,2.3e-04,1,2,1.5e-06,1.0e+00,5.2e-02,1.0e+00,1.0e-03,2.9e-02,global-SEGT%TE,CASSEGTATEAFF,TRBV10-1*01,TRBJ1-1*01,none:none,1,0.000000,-,-,-,-,-,-,-,-,-,-,-
294,SEGT%TE,2.3e-04,1,2,1.5e-06,1.0e+00,5.2e-02,1.0e+00,1.0e-03,2.9e-02,global-SEGT%TE,CASSEGTVTEAFF,TRBV6-1*01,TRBJ1-1*01,none:none,1,0.000000,-,-,-,-,-,-,-,-,-,-,-

295,SF%GLGTE,2.3e-04,1,2,7.3e-07,1.0e+00,2.5e-02,1.0e+00,1.0e-03,2.9e-02,global-SF%GLGTE,CASSFGGLGTEAFF,TRBV28*01,TRBJ1-1*01,none:none,1,0.000000,-,-,-,-,-,-,-,-,-,-,-
295,SF%GLGTE,2.3e-04,1,2,7.3e-07,1.0e+00,2.5e-02,1.0e+00,1.0e-03,2.9e-02,global-SF%GLGTE,CASSFQGLGTEAFF,TRBV28*01,TRBJ1-1*01,none:none,1,0.000000,-,-,-,-,-,-,-,-,-,-,-
295,SF%GLGTE,2.3e-04,1,2,7.3e-07,1.0e+00,2.5e-02,1.0e+00,1.0e-03,2.9e-02,global-SF%GLGTE,CASSFQGLGTEAFF,TRBV14*01,TRBJ1-1*01,none:none,1,0.000000,-,-,-,-,-,-,-,-,-,-,-
295,SF%GLGTE,2.3e-04,1,2,7.3e-07,1.0e+00,2.5e-02,1.0e+00,1.0e-03,2.9e-02,global-SF%GLGTE,CASSFQGLGTEAFF,TRBV27*01,TRBJ1-1*01,none:none,1,0.000000,-,-,-,-,-,-,-,-,-,-,-

296,SP%QSSYE,2.3e-04,1,2,1.8e-06,1.0e+00,6.1e-02,1.0e+00,1.0e-03,2.9e-02,global-SP%QSSYE,CASSPGQSSYEQYF,TRBV3-1*01,TRBJ2-7*01,none:none,1,0.000000,-,-,-,-,-,-,-,-,-,-,-
296,SP%QSSYE,2.3e-04,1,2,1.8e-06,1.0e+00,6.1e-02,1.0e+00,1.0e-03,2.9e-02,global-SP%QSSYE,CASSPQQSSYEQYF,TRBV7-6*01,TRBJ2-7*01,none:none,1,0.000000,-,-,-,-,-,-,-,-,-,-,-

297,SQVGG%TE,2.3e-04,1,2,2.9e-08,1.0e+00,1.0e-03,1.0e+00,1.0e-03,2.9e-02,global-SQVGG%TE,CASSQVGGNTEAFF,TRBV4-3*01,TRBJ1-1*01,none:none,1,0.000000,-,-,-,-,-,-,-,-,-,-,-
297,SQVGG%TE,2.3e-04,1,2,2.9e-08,1.0e+00,1.0e-03,1.0e+00,1.0e-03,2.9e-02,global-SQVGG%TE,CASSQVGGVTEAFF,TRBV4-3*01,TRBJ1-1*01,none:none,1,0.000000,-,-,-,-,-,-,-,-,-,-,-

298,SVGAG%YG,2.3e-04,1,2,2.9e-08,1.0e+00,1.0e-03,1.0e+00,1.0e-03,2.9e-02,global-SVGAG%YG,CASSVGAGPYGYTF,TRBV9*01,TRBJ1-2*01,none:none,1,0.000000,-,-,-,-,-,-,-,-,-,-,-
298,SVGAG%YG,2.3e-04,1,2,2.9e-08,1.0e+00,1.0e-03,1.0e+00,1.0e-03,2.9e-02,global-SVGAG%YG,CASSVGAGLYGYTF,TRBV9*01,TRBJ1-2*01,none:none,1,0.000000,-,-,-,-,-,-,-,-,-,-,-

299,S%TTGGNQP,2.3e-04,1,2,2.0e-06,1.0e+00,6.7e-02,1.0e+00,1.0e-03,2.9e-02,global-S%TTGGNQP,CAWSWTTGGNQPQHF,TRBV30*01,TRBJ1-5*01,none:none,1,0.000000,-,-,-,-,-,-,-,-,-,-,-
299,S%TTGGNQP,2.3e-04,1,2,2.0e-06,1.0e+00,6.7e-02,1.0e+00,1.0e-03,2.9e-02,global-S%TTGGNQP,CASSFTTGGNQPQHF,TRBV28*01,TRBJ1-5*01,none:none,1,0.000000,-,-,-,-,-,-,-,-,-,-,-

300,SLGGQGS%E,2.3e-04,1,2,4.4e-07,1.0e+00,1.5e-02,1.0e+00,1.0e-03,2.9e-02,global-SLGGQGS%E,CASSLGGQGSVEQYF,TRBV7-9*01,TRBJ2-7*01,none:none,1,0.000000,-,-,-,-,-,-,-,-,-,-,-
300,SLGGQGS%E,2.3e-04,1,2,4.4e-07,1.0e+00,1.5e-02,1.0e+00,1.0e-03,2.9e-02,global-SLGGQGS%E,CASSLGGQGSNEQFF,TRBV13*01,TRBJ2-1*01,none:none,1,0.000000,-,-,-,-,-,-,-,-,-,-,-
300,SLGGQGS%E,2.3e-04,1,2,4.4e-07,1.0e+00,1.5e-02,1.0e+00,1.0e-03,2.9e-02,global-SLGGQGS%E,CASSLGGQGSNEQFF,TRBV13*01,TRBJ2-1*01,none:none,1,0.000000,-,-,-,-,-,-,-,-,-,-,-
300,SLGGQGS%E,2.3e-04,1,2,4.4e-07,1.0e+00,1.5e-02,1.0e+00,1.0e-03,2.9e-02,global-SLGGQGS%E,CASSLGGQGSNEQFF,TRBV13*01,TRBJ2-1*01,none:none,1,0.000000,-,-,-,-,-,-,-,-,-,-,-

301,S%VNE,3.4e-04,1,3,1.1e-06,1.0e+00,1.7e-01,1.0e+00,1.0e-03,6.2e-03,global-S%VNE,CASSSVNEQFF,TRBV27*01,TRBJ2-1*01,none:none,1,0.000000,-,-,-,-,-,-,-,-,-,-,-
301,S%VNE,3.4e-04,1,3,1.1e-06,1.0e+00,1.7e-01,1.0e+00,1.0e-03,6.2e-03,global-S%VNE,CASSEVNEQFF,TRBV25-1*01,TRBJ2-1*01,none:none,1,0.000000,-,-,-,-,-,-,-,-,-,-,-
301,S%VNE,3.4e-04,1,3,1.1e-06,1.0e+00,1.7e-01,1.0e+00,1.0e-03,6.2e-03,global-S%VNE,CASSSVNEQYF,TRBV12-3*01,TRBJ2-7*01,none:none,1,0.000000,-,-,-,-,-,-,-,-,-,-,-

302,S%GTGE,3.5e-04,1,4,8.0e-07,1.0e+00,3.4e-01,1.0e+00,1.0e-03,2.3e-03,global-S%GTGE,CASSRGTGELFF,TRBV12-3*01,TRBJ2-2*01,none:none,1,0.000000,-,-,-,-,-,-,-,-,-,-,-
302,S%GTGE,3.5e-04,1,4,8.0e-07,1.0e+00,3.4e-01,1.0e+00,1.0e-03,2.3e-03,global-S%GTGE,CASSQGTGELFF,TRBV5-4*01,TRBJ2-2*01,none:none,1,0.000000,-,-,-,-,-,-,-,-,-,-,-
302,S%GTGE,3.5e-04,1,4,8.0e-07,1.0e+00,3.4e-01,1.0e+00,1.0e-03,2.3e-03,global-S%GTGE,CASSPGTGEQYF,TRBV7-6*01,TRBJ2-7*01,none:none,1,0.000000,-,-,-,-,-,-,-,-,-,-,-
302,S%GTGE,3.5e-04,1,4,8.0e-07,1.0e+00,3.4e-01,1.0e+00,1.0e-03,2.3e-03,global-S%GTGE,CASSIGTGEQFF,TRBV19*01,TRBJ2-1*01,none:none,1,0.000000,-,-,-,-,-,-,-,-,-,-,-

303,%DLGE,3.9e-04,1,2,1.9e-06,1.0e+00,6.6e-02,1.0e+00,1.0e-03,2.9e-02,global-%DLGE,CASSDLGEQFF,TRBV7-9*01,TRBJ2-1*01,none:none,1,0.000000,-,-,-,-,-,-,-,-,-,-,-
303,%DLGE,3.9e-04,1,2,1.9e-06,1.0e+00,6.6e-02,1.0e+00,1.0e-03,2.9e-02,global-%DLGE,CSARDLGETFF,TRBV20-1*01,TRBJ1-1*01,none:none,1,0.000000,-,-,-,-,-,-,-,-,-,-,-

304,%YNTE,3.9e-04,1,2,1.6e-06,1.0e+00,5.6e-02,1.0e+00,1.0e-03,2.9e-02,global-%YNTE,CASSYNTEAFF,TRBV6-6*01,TRBJ1-1*01,none:none,1,0.000000,-,-,-,-,-,-,-,-,-,-,-
304,%YNTE,3.9e-04,1,2,1.6e-06,1.0e+00,5.6e-02,1.0e+00,1.0e-03,2.9e-02,global-%YNTE,CASGYNTEAFF,TRBV12-3*01,TRBJ1-1*01,none:none,1,0.000000,-,-,-,-,-,-,-,-,-,-,-

305,SS%AAYE,3.9e-04,1,2,1.7e-07,1.0e+00,6.0e-03,1.0e+00,1.0e-03,2.9e-02,global-SS%AAYE,CASSSRAAYEQYF,TRBV19*01,TRBJ2-7*01,none:none,1,0.000000,-,-,-,-,-,-,-,-,-,-,-
305,SS%AAYE,3.9e-04,1,2,1.7e-07,1.0e+00,6.0e-03,1.0e+00,1.0e-03,2.9e-02,global-SS%AAYE,CASSSAAAYEQYF,TRBV7-9*01,TRBJ2-7*01,none:none,1,0.000000,-,-,-,-,-,-,-,-,-,-,-
305,SS%AAYE,3.9e-04,1,2,1.7e-07,1.0e+00,6.0e-03,1.0e+00,1.0e-03,2.9e-02,global-SS%AAYE,CASSSAAAYEQYF,TRBV7-9*01,TRBJ2-7*01,none:none,1,0.000000,-,-,-,-,-,-,-,-,-,-,-
305,SS%AAYE,3.9e-04,1,2,1.7e-07,1.0e+00,6.0e-03,1.0e+00,1.0e-03,2.9e-02,global-SS%AAYE,CASSSAAAYEQYF,TRBV7-9*01,TRBJ2-7*01,none:none,1,0.000000,-,-,-,-,-,-,-,-,-,-,-

306,SP%VAGE,3.9e-04,1,2,1.9e-06,1.0e+00,6.5e-02,1.0e+00,1.0e-03,2.9e-02,global-SP%VAGE,CASSPLVAGELFF,TRBV3-1*01,TRBJ2-2*01,none:none,1,0.000000,-,-,-,-,-,-,-,-,-,-,-
306,SP%VAGE,3.9e-04,1,2,1.9e-06,1.0e+00,6.5e-02,1.0e+00,1.0e-03,2.9e-02,global-SP%VAGE,CASSPMVAGELFF,TRBV19*01,TRBJ2-2*01,none:none,1,0.000000,-,-,-,-,-,-,-,-,-,-,-

307,SG%NTGE,3.9e-04,1,3,3.1e-08,1.0e+00,5.0e-03,1.0e+00,1.0e-03,6.2e-03,global-SG%NTGE,CASSGANTGELFF,TRBV6-4*01,TRBJ2-2*01,none:none,1,0.000000,-,-,-,-,-,-,-,-,-,-,-
307,SG%NTGE,3.9e-04,1,3,3.1e-08,1.0e+00,5.0e-03,1.0e+00,1.0e-03,6.2e-03,global-SG%NTGE,CASSGDNTGELFF,TRBV6-4*01,TRBJ2-2*01,none:none,1,0.000000,-,-,-,-,-,-,-,-,-,-,-
307,SG%NTGE,3.9e-04,1,3,3.1e-08,1.0e+00,5.0e-03,1.0e+00,1.0e-03,6.2e-03,global-SG%NTGE,CASSGINTGELFF,TRBV27*01,TRBJ2-2*01,none:none,1,0.000000,-,-,-,-,-,-,-,-,-,-,-

308,SI%AGDE,3.9e-04,1,2,2.9e-08,1.0e+00,1.0e-03,1.0e+00,1.0e-03,2.9e-02,global-SI%AGDE,CASSIRAGDEQFF,TRBV19*01,TRBJ2-1*01,none:none,1,0.000000,-,-,-,-,-,-,-,-,-,-,-
308,SI%AGDE,3.9e-04,1,2,2.9e-08,1.0e+00,1.0e-03,1.0e+00,1.0e-03,2.9e-02,global-SI%AGDE,CASSIGAGDEQFF,TRBV19*01,TRBJ2-1*01,none:none,1,0.000000,-,-,-,-,-,-,-,-,-,-,-

309,SRG%DNE,3.9e-04,1,2,1.9e-06,1.0e+00,6.4e-02,1.0e+00,1.0e-03,2.9e-02,global-SRG%DNE,CATSRGRDNEQFF,TRBV15*01,TRBJ2-1*01,none:none,1,0.000000,-,-,-,-,-,-,-,-,-,-,-
309,SRG%DNE,3.9e-04,1,2,1.9e-06,1.0e+00,6.4e-02,1.0e+00,1.0e-03,2.9e-02,global-SRG%DNE,CASSRGLDNEQYF,TRBV6-1*01,TRBJ2-7*01,none:none,1,0.000000,-,-,-,-,-,-,-,-,-,-,-

310,STR%AYE,3.9e-04,1,2,2.9e-08,1.0e+00,1.0e-03,1.0e+00,1.0e-03,2.9e-02,global-STR%AYE,CASSTRSAYEQYF,TRBV19*01,TRBJ2-7*01,none:none,1,0.000000,-,-,-,-,-,-,-,-,-,-,-
310,STR%AYE,3.9e-04,1,2,2.9e-08,1.0e+00,1.0e-03,1.0e+00,1.0e-03,2.9e-02,global-STR%AYE,CASSTRSAYEQYF,TRBV19*01,TRBJ2-7*01,none:none,1,0.000000,-,-,-,-,-,-,-,-,-,-,-
310,STR%AYE,3.9e-04,1,2,2.9e-08,1.0e+00,1.0e-03,1.0e+00,1.0e-03,2.9e-02,global-STR%AYE,CASSTRSAYEQYF,TRBV19*01,TRBJ2-7*01,none:none,1,0.000000,-,-,-,-,-,-,-,-,-,-,-
310,STR%AYE,3.9e-04,1,2,2.9e-08,1.0e+00,1.0e-03,1.0e+00,1.0e-03,2.9e-02,global-STR%AYE,CASSTRSAYEQYF,TRBV19*01,TRBJ2-7*01,none:none,1,0.000000,-,-,-,-,-,-,-,-,-,-,-
310,STR%AYE,3.9e-04,1,2,2.9e-08,1.0e+00,1.0e-03,1.0e+00,1.0e-03,2.9e-02,global-STR%AYE,CASSTRSAYEQYF,TRBV19*01,TRBJ2-7*01,none:none,1,0.000000,-,-,-,-,-,-,-,-,-,-,-
310,STR%AYE,3.9e-04,1,2,2.9e-08,1.0e+00,1.0e-03,1.0e+00,1.0e-03,2.9e-02,global-STR%AYE,CASSTRAAYEQYF,TRBV19*01,TRBJ2-7*01,none:none,1,0.000000,-,-,-,-,-,-,-,-,-,-,-

311,SIV%TGE,3.9e-04,1,2,2.9e-08,1.0e+00,1.0e-03,1.0e+00,1.0e-03,2.9e-02,global-SIV%TGE,CASSIVSTGELFF,TRBV19*01,TRBJ2-2*01,none:none,1,0.000000,-,-,-,-,-,-,-,-,-,-,-
311,SIV%TGE,3.9e-04,1,2,2.9e-08,1.0e+00,1.0e-03,1.0e+00,1.0e-03,2.9e-02,global-SIV%TGE,CASSIVVTGELFF,TRBV19*01,TRBJ2-2*01,none:none,1,0.000000,-,-,-,-,-,-,-,-,-,-,-

312,SVS%TGE,3.9e-04,1,2,1.7e-06,1.0e+00,5.9e-02,1.0e+00,1.0e-03,2.9e-02,global-SVS%TGE,CASSVSATGELFF,TRBV19*01,TRBJ2-2*01,none:none,1,0.000000,-,-,-,-,-,-,-,-,-,-,-
312,SVS%TGE,3.9e-04,1,2,1.7e-06,1.0e+00,5.9e-02,1.0e+00,1.0e-03,2.9e-02,global-SVS%TGE,CASSVSGTGELFF,TRBV2*01,TRBJ2-2*01,none:none,1,0.000000,-,-,-,-,-,-,-,-,-,-,-

313,STR%ADT,3.9e-04,1,2,2.9e-08,1.0e+00,1.0e-03,1.0e+00,1.0e-03,2.9e-02,global-STR%ADT,CASSTRAADTQYF,TRBV19*01,TRBJ2-3*01,none:none,1,0.000000,-,-,-,-,-,-,-,-,-,-,-
313,STR%ADT,3.9e-04,1,2,2.9e-08,1.0e+00,1.0e-03,1.0e+00,1.0e-03,2.9e-02,global-STR%ADT,CASSTRSADTQYF,TRBV19*01,TRBJ2-3*01,none:none,1,0.000000,-,-,-,-,-,-,-,-,-,-,-

314,SSRS%GE,3.9e-04,1,2,2.9e-08,1.0e+00,1.0e-03,1.0e+00,1.0e-03,2.9e-02,global-SSRS%GE,CASSSRSAGELFF,TRBV19*01,TRBJ2-2*01,none:none,1,0.000000,-,-,-,-,-,-,-,-,-,-,-
314,SSRS%GE,3.9e-04,1,2,2.9e-08,1.0e+00,1.0e-03,1.0e+00,1.0e-03,2.9e-02,global-SSRS%GE,CASSSRSVGELFF,TRBV19*01,TRBJ2-2*01,none:none,1,0.000000,-,-,-,-,-,-,-,-,-,-,-

315,SIRSQ%T,3.9e-04,1,2,2.9e-08,1.0e+00,1.0e-03,1.0e+00,1.0e-03,2.9e-02,global-SIRSQ%T,CASSIRSQDTQYF,TRBV19*01,TRBJ2-3*01,none:none,1,0.000000,-,-,-,-,-,-,-,-,-,-,-
315,SIRSQ%T,3.9e-04,1,2,2.9e-08,1.0e+00,1.0e-03,1.0e+00,1.0e-03,2.9e-02,global-SIRSQ%T,CASSIRSQETQYF,TRBV19*01,TRBJ2-5*01,none:none,1,0.000000,-,-,-,-,-,-,-,-,-,-,-

316,SVRSTD%,3.9e-04,1,2,2.9e-08,1.0e+00,1.0e-03,1.0e+00,1.0e-03,2.9e-02,global-SVRSTD%,CASSVRSTDMQYF,TRBV19*01,TRBJ2-3*01,none:none,1,0.000000,-,-,-,-,-,-,-,-,-,-,-
316,SVRSTD%,3.9e-04,1,2,2.9e-08,1.0e+00,1.0e-03,1.0e+00,1.0e-03,2.9e-02,global-SVRSTD%,CASSVRSTDTQYF,TRBV19*01,TRBJ2-3*01,none:none,1,0.000000,-,-,-,-,-,-,-,-,-,-,-
316,SVRSTD%,3.9e-04,1,2,2.9e-08,1.0e+00,1.0e-03,1.0e+00,1.0e-03,2.9e-02,global-SVRSTD%,CASSVRSTDTQYF,TRBV19*01,TRBJ2-3*01,none:none,1,0.000000,-,-,-,-,-,-,-,-,-,-,-
316,SVRSTD%,3.9e-04,1,2,2.9e-08,1.0e+00,1.0e-03,1.0e+00,1.0e-03,2.9e-02,global-SVRSTD%,CASSVRSTDTQYF,TRBV19*01,TRBJ2-3*01,none:none,1,0.000000,-,-,-,-,-,-,-,-,-,-,-
316,SVRSTD%,3.9e-04,1,2,2.9e-08,1.0e+00,1.0e-03,1.0e+00,1.0e-03,2.9e-02,global-SVRSTD%,CASSVRSTDTQYF,TRBV19*01,TRBJ2-3*01,none:none,1,0.000000,-,-,-,-,-,-,-,-,-,-,-
316,SVRSTD%,3.9e-04,1,2,2.9e-08,1.0e+00,1.0e-03,1.0e+00,1.0e-03,2.9e-02,global-SVRSTD%,CASSVRSTDTQYF,TRBV19*01,TRBJ2-3*01,none:none,1,0.000000,-,-,-,-,-,-,-,-,-,-,-
316,SVRSTD%,3.9e-04,1,2,2.9e-08,1.0e+00,1.0e-03,1.0e+00,1.0e-03,2.9e-02,global-SVRSTD%,CASSVRSTDTQYF,TRBV19*01,TRBJ2-3*01,none:none,1,0.000000,-,-,-,-,-,-,-,-,-,-,-

317,S%GSGSTDT,3.9e-04,1,2,2.0e-06,1.0e+00,7.0e-02,1.0e+00,1.0e-03,2.9e-02,global-S%GSGSTDT,CATSRGSGSTDTQYF,TRBV15*01,TRBJ2-3*01,none:none,1,0.000000,-,-,-,-,-,-,-,-,-,-,-
317,S%GSGSTDT,3.9e-04,1,2,2.0e-06,1.0e+00,7.0e-02,1.0e+00,1.0e-03,2.9e-02,global-S%GSGSTDT,CASSQGSGSTDTQYF,TRBV14*01,TRBJ2-3*01,none:none,1,0.000000,-,-,-,-,-,-,-,-,-,-,-

318,S%STGGNTE,3.9e-04,1,2,2.0e-06,1.0e+00,6.8e-02,1.0e+00,1.0e-03,2.9e-02,global-S%STGGNTE,CASSYSTGGNTEAFF,TRBV6-5*01,TRBJ1-1*01,none:none,1,0.000000,-,-,-,-,-,-,-,-,-,-,-
318,S%STGGNTE,3.9e-04,1,2,2.0e-06,1.0e+00,6.8e-02,1.0e+00,1.0e-03,2.9e-02,global-S%STGGNTE,CASSISTGGNTEAFF,TRBV19*01,TRBJ1-1*01,none:none,1,0.000000,-,-,-,-,-,-,-,-,-,-,-

319,SQ%SGGTDT,3.9e-04,1,2,2.1e-06,1.0e+00,7.3e-02,1.0e+00,1.0e-03,2.9e-02,global-SQ%SGGTDT,CASSQTSGGTDTQYF,TRBV7-9*01,TRBJ2-3*01,none:none,1,0.000000,-,-,-,-,-,-,-,-,-,-,-
319,SQ%SGGTDT,3.9e-04,1,2,2.1e-06,1.0e+00,7.3e-02,1.0e+00,1.0e-03,2.9e-02,global-SQ%SGGTDT,CASSQDSGGTDTQYF,TRBV4-2*01,TRBJ2-3*01,none:none,1,0.000000,-,-,-,-,-,-,-,-,-,-,-

320,SVD%GLYNE,3.9e-04,1,2,2.0e-06,1.0e+00,7.0e-02,1.0e+00,1.0e-03,2.9e-02,global-SVD%GLYNE,CATSVDRGLYNEQFF,TRBV24-1*01,TRBJ2-1*01,none:none,1,0.000000,-,-,-,-,-,-,-,-,-,-,-
320,SVD%GLYNE,3.9e-04,1,2,2.0e-06,1.0e+00,7.0e-02,1.0e+00,1.0e-03,2.9e-02,global-SVD%GLYNE,CASSVDVGLYNEQFF,TRBV6-1*01,TRBJ2-1*01,none:none,1,0.000000,-,-,-,-,-,-,-,-,-,-,-

321,STTSGG%NE,3.9e-04,1,2,1.7e-06,1.0e+00,6.0e-02,1.0e+00,1.0e-03,2.9e-02,global-STTSGG%NE,CASSTTSGGANEQYF,TRBV3-1*01,TRBJ2-7*01,none:none,1,0.000000,-,-,-,-,-,-,-,-,-,-,-
321,STTSGG%NE,3.9e-04,1,2,1.7e-06,1.0e+00,6.0e-02,1.0e+00,1.0e-03,2.9e-02,global-STTSGG%NE,CASSTTSGGLNEQFF,TRBV19*01,TRBJ2-1*01,none:none,1,0.000000,-,-,-,-,-,-,-,-,-,-,-

322,SLTPGL%YE,3.9e-04,1,2,2.9e-08,1.0e+00,1.0e-03,1.0e+00,1.0e-03,2.9e-02,global-SLTPGL%YE,CASSLTPGLSYEQYF,TRBV27*01,TRBJ2-7*01,none:none,1,0.000000,-,-,-,-,-,-,-,-,-,-,-
322,SLTPGL%YE,3.9e-04,1,2,2.9e-08,1.0e+00,1.0e-03,1.0e+00,1.0e-03,2.9e-02,global-SLTPGL%YE,CASSLTPGLTYEQYF,TRBV27*01,TRBJ2-7*01,none:none,1,0.000000,-,-,-,-,-,-,-,-,-,-,-

323,SSD%YE,4.5e-04,1,3,5.9e-07,1.0e+00,9.6e-02,1.0e+00,1.0e-03,6.2e-03,global-SSD%YE,CASSSDFYEQYF,TRBV5-5*01,TRBJ2-7*01,none:none,1,0.000000,-,-,-,-,-,-,-,-,-,-,-
323,SSD%YE,4.5e-04,1,3,5.9e-07,1.0e+00,9.6e-02,1.0e+00,1.0e-03,6.2e-03,global-SSD%YE,CASSSDSYEQYF,TRBV7-9*01,TRBJ2-7*01,none:none,1,0.000000,-,-,-,-,-,-,-,-,-,-,-
323,SSD%YE,4.5e-04,1,3,5.9e-07,1.0e+00,9.6e-02,1.0e+00,1.0e-03,6.2e-03,global-SSD%YE,CASSSDYYEQYF,TRBV7-9*01,TRBJ2-7*01,none:none,1,0.000000,-,-,-,-,-,-,-,-,-,-,-

324,G%GDYE,5.1e-04,1,3,6.2e-09,1.0e+00,1.0e-03,1.0e+00,1.0e-03,6.2e-03,global-G%GDYE,CSVGAGDYEQYF,TRBV29-1*01,TRBJ2-7*01,none:none,1,0.000000,-,-,-,-,-,-,-,-,-,-,-
324,G%GDYE,5.1e-04,1,3,6.2e-09,1.0e+00,1.0e-03,1.0e+00,1.0e-03,6.2e-03,global-G%GDYE,CSVGSGDYEQYF,TRBV29-1*01,TRBJ2-7*01,none:none,1,0.000000,-,-,-,-,-,-,-,-,-,-,-
324,G%GDYE,5.1e-04,1,3,6.2e-09,1.0e+00,1.0e-03,1.0e+00,1.0e-03,6.2e-03,global-G%GDYE,CSVGSGDYEQYF,TRBV29-1*01,TRBJ2-7*01,none:none,1,0.000000,-,-,-,-,-,-,-,-,-,-,-
324,G%GDYE,5.1e-04,1,3,6.2e-09,1.0e+00,1.0e-03,1.0e+00,1.0e-03,6.2e-03,global-G%GDYE,CSVGSGDYEQYF,TRBV29-1*01,TRBJ2-7*01,none:none,1,0.000000,-,-,-,-,-,-,-,-,-,-,-
324,G%GDYE,5.1e-04,1,3,6.2e-09,1.0e+00,1.0e-03,1.0e+00,1.0e-03,6.2e-03,global-G%GDYE,CSVGSGDYEQYF,TRBV29-1*01,TRBJ2-7*01,none:none,1,0.000000,-,-,-,-,-,-,-,-,-,-,-
324,G%GDYE,5.1e-04,1,3,6.2e-09,1.0e+00,1.0e-03,1.0e+00,1.0e-03,6.2e-03,global-G%GDYE,CSVGSGDYEQYF,TRBV29-1*01,TRBJ2-7*01,none:none,1,0.000000,-,-,-,-,-,-,-,-,-,-,-
324,G%GDYE,5.1e-04,1,3,6.2e-09,1.0e+00,1.0e-03,1.0e+00,1.0e-03,6.2e-03,global-G%GDYE,CSVGTGDYEQYF,TRBV29-1*01,TRBJ2-7*01,none:none,1,0.000000,-,-,-,-,-,-,-,-,-,-,-

325,S%ANYG,5.7e-04,1,3,6.2e-09,1.0e+00,1.0e-03,1.0e+00,1.0e-03,6.2e-03,global-S%ANYG,CASSSANYGYTF,TRBV12-4*01,TRBJ1-2*01,none:none,1,0.000000,-,-,-,-,-,-,-,-,-,-,-
325,S%ANYG,5.7e-04,1,3,6.2e-09,1.0e+00,1.0e-03,1.0e+00,1.0e-03,6.2e-03,global-S%ANYG,CASSSANYGYTF,TRBV11-1*01,TRBJ1-2*01,none:none,1,0.000000,-,-,-,-,-,-,-,-,-,-,-
325,S%ANYG,5.7e-04,1,3,6.2e-09,1.0e+00,1.0e-03,1.0e+00,1.0e-03,6.2e-03,global-S%ANYG,CASSSANYGYTF,TRBV11-1*01,TRBJ1-2*01,none:none,1,0.000000,-,-,-,-,-,-,-,-,-,-,-
325,S%ANYG,5.7e-04,1,3,6.2e-09,1.0e+00,1.0e-03,1.0e+00,1.0e-03,6.2e-03,global-S%ANYG,CASSSANYGYTF,TRBV11-1*01,TRBJ1-2*01,none:none,1,0.000000,-,-,-,-,-,-,-,-,-,-,-
325,S%ANYG,5.7e-04,1,3,6.2e-09,1.0e+00,1.0e-03,1.0e+00,1.0e-03,6.2e-03,global-S%ANYG,CACSSANYGYTF,TRBV12-4*01,TRBJ1-2*01,none:none,1,0.000000,-,-,-,-,-,-,-,-,-,-,-
325,S%ANYG,5.7e-04,1,3,6.2e-09,1.0e+00,1.0e-03,1.0e+00,1.0e-03,6.2e-03,global-S%ANYG,CAPSTANYGYTF,TRBV7-9*01,TRBJ1-2*01,none:none,1,0.000000,-,-,-,-,-,-,-,-,-,-,-

326,SLG%GQP,5.7e-04,1,3,1.1e-06,1.0e+00,1.7e-01,1.0e+00,1.0e-03,6.2e-03,global-SLG%GQP,CASSLGMGQPQHF,TRBV19*01,TRBJ1-5*01,none:none,1,0.000000,-,-,-,-,-,-,-,-,-,-,-
326,SLG%GQP,5.7e-04,1,3,1.1e-06,1.0e+00,1.7e-01,1.0e+00,1.0e-03,6.2e-03,global-SLG%GQP,CASSLGLGQPQHF,TRBV27*01,TRBJ1-5*01,none:none,1,0.000000,-,-,-,-,-,-,-,-,-,-,-
326,SLG%GQP,5.7e-04,1,3,1.1e-06,1.0e+00,1.7e-01,1.0e+00,1.0e-03,6.2e-03,global-SLG%GQP,CASSLGQGQPQHF,TRBV7-7*01,TRBJ1-5*01,none:none,1,0.000000,-,-,-,-,-,-,-,-,-,-,-

327,T%GHE,5.8e-04,1,2,2.1e-06,1.0e+00,7.3e-02,1.0e+00,1.0e-03,2.9e-02,global-T%GHE,CASTEGHEQYF,TRBV10-2*01,TRBJ2-7*01,none:none,1,0.000000,-,-,-,-,-,-,-,-,-,-,-
327,T%GHE,5.8e-04,1,2,2.1e-06,1.0e+00,7.3e-02,1.0e+00,1.0e-03,2.9e-02,global-T%GHE,CASTSGHEQYF,TRBV6-5*01,TRBJ2-7*01,none:none,1,0.000000,-,-,-,-,-,-,-,-,-,-,-

328,SLF%DT,5.8e-04,1,2,1.9e-06,1.0e+00,6.5e-02,1.0e+00,1.0e-03,2.9e-02,global-SLF%DT,CASSLFSDTQYF,TRBV5-6*01,TRBJ2-3*01,none:none,1,0.000000,-,-,-,-,-,-,-,-,-,-,-
328,SLF%DT,5.8e-04,1,2,1.9e-06,1.0e+00,6.5e-02,1.0e+00,1.0e-03,2.9e-02,global-SLF%DT,CASSLFTDTQYF,TRBV7-8*01,TRBJ2-3*01,none:none,1,0.000000,-,-,-,-,-,-,-,-,-,-,-

329,%DSSTDT,5.8e-04,1,2,1.3e-06,1.0e+00,4.5e-02,1.0e+00,1.0e-03,2.9e-02,global-%DSSTDT,CASSDSSTDTQYF,TRBV6-4*01,TRBJ2-3*01,none:none,1,0.000000,-,-,-,-,-,-,-,-,-,-,-
329,%DSSTDT,5.8e-04,1,2,1.3e-06,1.0e+00,4.5e-02,1.0e+00,1.0e-03,2.9e-02,global-%DSSTDT,CSVEDSSTDTQYF,TRBV29-1*01,TRBJ2-3*01,none:none,1,0.000000,-,-,-,-,-,-,-,-,-,-,-

330,S%RATDT,5.8e-04,1,2,2.9e-08,1.0e+00,1.0e-03,1.0e+00,1.0e-03,2.9e-02,global-S%RATDT,CASSIRATDTQYF,TRBV19*01,TRBJ2-3*01,none:none,1,0.000000,-,-,-,-,-,-,-,-,-,-,-
330,S%RATDT,5.8e-04,1,2,2.9e-08,1.0e+00,1.0e-03,1.0e+00,1.0e-03,2.9e-02,global-S%RATDT,CASSVRATDTQYF,TRBV19*01,TRBJ2-3*01,none:none,1,0.000000,-,-,-,-,-,-,-,-,-,-,-

331,S%RSTYE,5.8e-04,1,2,2.9e-08,1.0e+00,1.0e-03,1.0e+00,1.0e-03,2.9e-02,global-S%RSTYE,CASSIRSTYEQYF,TRBV19*01,TRBJ2-7*01,none:none,1,0.000000,-,-,-,-,-,-,-,-,-,-,-
331,S%RSTYE,5.8e-04,1,2,2.9e-08,1.0e+00,1.0e-03,1.0e+00,1.0e-03,2.9e-02,global-S%RSTYE,CASSIRSTYEQYF,TRBV19*01,TRBJ2-7*01,none:none,1,0.000000,-,-,-,-,-,-,-,-,-,-,-
331,S%RSTYE,5.8e-04,1,2,2.9e-08,1.0e+00,1.0e-03,1.0e+00,1.0e-03,2.9e-02,global-S%RSTYE,CASSVRSTYEQYF,TRBV19*01,TRBJ2-7*01,none:none,1,0.000000,-,-,-,-,-,-,-,-,-,-,-

332,S%FGGQP,5.8e-04,1,2,2.9e-08,1.0e+00,1.0e-03,1.0e+00,1.0e-03,2.9e-02,global-S%FGGQP,CASSIFGGQPQHF,TRBV19*01,TRBJ1-5*01,none:none,1,0.000000,-,-,-,-,-,-,-,-,-,-,-
332,S%FGGQP,5.8e-04,1,2,2.9e-08,1.0e+00,1.0e-03,1.0e+00,1.0e-03,2.9e-02,global-S%FGGQP,CASSTFGGQPQHF,TRBV19*01,TRBJ1-5*01,none:none,1,0.000000,-,-,-,-,-,-,-,-,-,-,-

333,SGG%GQP,5.8e-04,1,2,2.3e-06,1.0e+00,8.0e-02,1.0e+00,1.0e-03,2.9e-02,global-SGG%GQP,CASSGGEGQPQHF,TRBV6-1*01,TRBJ1-5*01,none:none,1,0.000000,-,-,-,-,-,-,-,-,-,-,-
333,SGG%GQP,5.8e-04,1,2,2.3e-06,1.0e+00,8.0e-02,1.0e+00,1.0e-03,2.9e-02,global-SGG%GQP,CATSGGMGQPQHF,TRBV15*01,TRBJ1-5*01,none:none,1,0.000000,-,-,-,-,-,-,-,-,-,-,-

334,SIR%GYE,5.8e-04,1,2,2.9e-08,1.0e+00,1.0e-03,1.0e+00,1.0e-03,2.9e-02,global-SIR%GYE,CASSIRGGYEQYF,TRBV19*01,TRBJ2-7*01,none:none,1,0.000000,-,-,-,-,-,-,-,-,-,-,-
334,SIR%GYE,5.8e-04,1,2,2.9e-08,1.0e+00,1.0e-03,1.0e+00,1.0e-03,2.9e-02,global-SIR%GYE,CASSIRSGYEQFF,TRBV19*01,TRBJ2-1*01,none:none,1,0.000000,-,-,-,-,-,-,-,-,-,-,-

335,SEG%SYE,5.8e-04,1,2,2.9e-08,1.0e+00,1.0e-03,1.0e+00,1.0e-03,2.9e-02,global-SEG%SYE,CASSEGSSYEQYF,TRBV2*01,TRBJ2-7*01,none:none,1,0.000000,-,-,-,-,-,-,-,-,-,-,-
335,SEG%SYE,5.8e-04,1,2,2.9e-08,1.0e+00,1.0e-03,1.0e+00,1.0e-03,2.9e-02,global-SEG%SYE,CASSEGRSYEQYF,TRBV2*01,TRBJ2-7*01,none:none,1,0.000000,-,-,-,-,-,-,-,-,-,-,-

336,SDR%GTE,5.8e-04,1,2,1.7e-06,1.0e+00,5.9e-02,1.0e+00,1.0e-03,2.9e-02,global-SDR%GTE,CASSDRSGTEQYF,TRBV19*01,TRBJ2-7*01,none:none,1,0.000000,-,-,-,-,-,-,-,-,-,-,-
336,SDR%GTE,5.8e-04,1,2,1.7e-06,1.0e+00,5.9e-02,1.0e+00,1.0e-03,2.9e-02,global-SDR%GTE,CATSDRGGTEAFF,TRBV24-1*01,TRBJ1-1*01,none:none,1,0.000000,-,-,-,-,-,-,-,-,-,-,-

337,SVR%AYE,5.8e-04,1,2,2.9e-08,1.0e+00,1.0e-03,1.0e+00,1.0e-03,2.9e-02,global-SVR%AYE,CASSVRAAYEQYF,TRBV19*01,TRBJ2-7*01,none:none,1,0.000000,-,-,-,-,-,-,-,-,-,-,-
337,SVR%AYE,5.8e-04,1,2,2.9e-08,1.0e+00,1.0e-03,1.0e+00,1.0e-03,2.9e-02,global-SVR%AYE,CASSVRSAYEQYF,TRBV19*01,TRBJ1-2*01,none:none,1,0.000000,-,-,-,-,-,-,-,-,-,-,-

338,SIS%TGE,5.8e-04,1,2,2.9e-08,1.0e+00,1.0e-03,1.0e+00,1.0e-03,2.9e-02,global-SIS%TGE,CASSISATGELFF,TRBV19*01,TRBJ2-2*01,none:none,1,0.000000,-,-,-,-,-,-,-,-,-,-,-
338,SIS%TGE,5.8e-04,1,2,2.9e-08,1.0e+00,1.0e-03,1.0e+00,1.0e-03,2.9e-02,global-SIS%TGE,CASSISSTGELFF,TRBV19*01,TRBJ2-2*01,none:none,1,0.000000,-,-,-,-,-,-,-,-,-,-,-

339,GTGD%GE,5.8e-04,1,2,2.9e-08,1.0e+00,1.0e-03,1.0e+00,1.0e-03,2.9e-02,global-GTGD%GE,CSVGTGDWGEQYF,TRBV29-1*01,TRBJ2-7*01,none:none,1,0.000000,-,-,-,-,-,-,-,-,-,-,-
339,GTGD%GE,5.8e-04,1,2,2.9e-08,1.0e+00,1.0e-03,1.0e+00,1.0e-03,2.9e-02,global-GTGD%GE,CSVGTGDWGEQYF,TRBV29-1*01,TRBJ2-7*01,none:none,1,0.000000,-,-,-,-,-,-,-,-,-,-,-
339,GTGD%GE,5.8e-04,1,2,2.9e-08,1.0e+00,1.0e-03,1.0e+00,1.0e-03,2.9e-02,global-GTGD%GE,CSVGTGDWGEQYF,TRBV29-1*01,TRBJ2-7*01,none:none,1,0.000000,-,-,-,-,-,-,-,-,-,-,-
339,GTGD%GE,5.8e-04,1,2,2.9e-08,1.0e+00,1.0e-03,1.0e+00,1.0e-03,2.9e-02,global-GTGD%GE,CSVGTGDWGEQYF,TRBV29-1*01,TRBJ2-7*01,none:none,1,0.000000,-,-,-,-,-,-,-,-,-,-,-
339,GTGD%GE,5.8e-04,1,2,2.9e-08,1.0e+00,1.0e-03,1.0e+00,1.0e-03,2.9e-02,global-GTGD%GE,CSVGTGDWGEQYF,TRBV29-1*01,TRBJ2-7*01,none:none,1,0.000000,-,-,-,-,-,-,-,-,-,-,-
339,GTGD%GE,5.8e-04,1,2,2.9e-08,1.0e+00,1.0e-03,1.0e+00,1.0e-03,2.9e-02,global-GTGD%GE,CSVGTGDWGEQYF,TRBV29-1*01,TRBJ2-7*01,none:none,1,0.000000,-,-,-,-,-,-,-,-,-,-,-
339,GTGD%GE,5.8e-04,1,2,2.9e-08,1.0e+00,1.0e-03,1.0e+00,1.0e-03,2.9e-02,global-GTGD%GE,CSVGTGDWGEQYF,TRBV29-1*01,TRBJ2-7*01,none:none,1,0.000000,-,-,-,-,-,-,-,-,-,-,-
339,GTGD%GE,5.8e-04,1,2,2.9e-08,1.0e+00,1.0e-03,1.0e+00,1.0e-03,2.9e-02,global-GTGD%GE,CSVGTGDWGEQYF,TRBV29-1*01,TRBJ2-7*01,none:none,1,0.000000,-,-,-,-,-,-,-,-,-,-,-
339,GTGD%GE,5.8e-04,1,2,2.9e-08,1.0e+00,1.0e-03,1.0e+00,1.0e-03,2.9e-02,global-GTGD%GE,CSSGTGDGGEQFF,TRBV29-1*01,TRBJ2-1*01,none:none,1,0.000000,-,-,-,-,-,-,-,-,-,-,-

340,SLRSS%E,5.8e-04,1,2,2.9e-08,1.0e+00,1.0e-03,1.0e+00,1.0e-03,2.9e-02,global-SLRSS%E,CASSLRSSYEQYF,TRBV19*01,TRBJ2-7*01,none:none,1,0.000000,-,-,-,-,-,-,-,-,-,-,-
340,SLRSS%E,5.8e-04,1,2,2.9e-08,1.0e+00,1.0e-03,1.0e+00,1.0e-03,2.9e-02,global-SLRSS%E,CASSLRSSYEQYF,TRBV19*01,TRBJ2-7*01,none:none,1,0.000000,-,-,-,-,-,-,-,-,-,-,-
340,SLRSS%E,5.8e-04,1,2,2.9e-08,1.0e+00,1.0e-03,1.0e+00,1.0e-03,2.9e-02,global-SLRSS%E,CASSLRSSGELFF,TRBV19*01,TRBJ2-2*01,none:none,1,0.000000,-,-,-,-,-,-,-,-,-,-,-

341,SSRSS%E,5.8e-04,1,2,2.9e-08,1.0e+00,1.0e-03,1.0e+00,1.0e-03,2.9e-02,global-SSRSS%E,CASSSRSSNEQFF,TRBV19*01,TRBJ2-1*01,none:none,1,0.000000,-,-,-,-,-,-,-,-,-,-,-
341,SSRSS%E,5.8e-04,1,2,2.9e-08,1.0e+00,1.0e-03,1.0e+00,1.0e-03,2.9e-02,global-SSRSS%E,CASSSRSSYEQYF,TRBV19*01,TRBJ2-7*01,none:none,1,0.000000,-,-,-,-,-,-,-,-,-,-,-
341,SSRSS%E,5.8e-04,1,2,2.9e-08,1.0e+00,1.0e-03,1.0e+00,1.0e-03,2.9e-02,global-SSRSS%E,CASSSRSSYEQYF,TRBV19*01,TRBJ2-7*01,none:none,1,0.000000,-,-,-,-,-,-,-,-,-,-,-
341,SSRSS%E,5.8e-04,1,2,2.9e-08,1.0e+00,1.0e-03,1.0e+00,1.0e-03,2.9e-02,global-SSRSS%E,CASSSRSSYEQYF,TRBV19*01,TRBJ2-7*01,none:none,1,0.000000,-,-,-,-,-,-,-,-,-,-,-
341,SSRSS%E,5.8e-04,1,2,2.9e-08,1.0e+00,1.0e-03,1.0e+00,1.0e-03,2.9e-02,global-SSRSS%E,CASSSRSSYEQYF,TRBV19*01,TRBJ2-7*01,none:none,1,0.000000,-,-,-,-,-,-,-,-,-,-,-

342,SYSTG%G,5.8e-04,1,2,1.7e-06,1.0e+00,5.9e-02,1.0e+00,1.0e-03,2.9e-02,global-SYSTG%G,CASSYSTGDGVHF,TRBV6-1*01,TRBJ1-6*01,none:none,1,0.000000,-,-,-,-,-,-,-,-,-,-,-
342,SYSTG%G,5.8e-04,1,2,1.7e-06,1.0e+00,5.9e-02,1.0e+00,1.0e-03,2.9e-02,global-SYSTG%G,CASSYSTGYGYTF,TRBV6-2*01,TRBJ1-2*01,none:none,1,0.000000,-,-,-,-,-,-,-,-,-,-,-

343,SIRSTG%,5.8e-04,1,2,2.9e-08,1.0e+00,1.0e-03,1.0e+00,1.0e-03,2.9e-02,global-SIRSTG%,CASSIRSTGELFF,TRBV19*01,TRBJ2-2*01,none:none,1,0.000000,-,-,-,-,-,-,-,-,-,-,-
343,SIRSTG%,5.8e-04,1,2,2.9e-08,1.0e+00,1.0e-03,1.0e+00,1.0e-03,2.9e-02,global-SIRSTG%,CASSIRSTGELFF,TRBV19*01,TRBJ2-2*01,none:none,1,0.000000,-,-,-,-,-,-,-,-,-,-,-
343,SIRSTG%,5.8e-04,1,2,2.9e-08,1.0e+00,1.0e-03,1.0e+00,1.0e-03,2.9e-02,global-SIRSTG%,CASSIRSTGELFF,TRBV19*01,TRBJ2-2*01,none:none,1,0.000000,-,-,-,-,-,-,-,-,-,-,-
343,SIRSTG%,5.8e-04,1,2,2.9e-08,1.0e+00,1.0e-03,1.0e+00,1.0e-03,2.9e-02,global-SIRSTG%,CASSIRSTGELFF,TRBV19*01,TRBJ2-2*01,none:none,1,0.000000,-,-,-,-,-,-,-,-,-,-,-
343,SIRSTG%,5.8e-04,1,2,2.9e-08,1.0e+00,1.0e-03,1.0e+00,1.0e-03,2.9e-02,global-SIRSTG%,CASSIRSTGELFF,TRBV19*01,TRBJ2-2*01,none:none,1,0.000000,-,-,-,-,-,-,-,-,-,-,-
343,SIRSTG%,5.8e-04,1,2,2.9e-08,1.0e+00,1.0e-03,1.0e+00,1.0e-03,2.9e-02,global-SIRSTG%,CASSIRSTGGLFF,TRBV19*01,TRBJ2-2*01,none:none,1,0.000000,-,-,-,-,-,-,-,-,-,-,-

344,S%QGANEK,5.8e-04,1,2,2.9e-08,1.0e+00,1.0e-03,1.0e+00,1.0e-03,2.9e-02,global-S%QGANEK,CASSLQGANEKLFF,TRBV19*01,TRBJ1-4*01,none:none,1,0.000000,-,-,-,-,-,-,-,-,-,-,-
344,S%QGANEK,5.8e-04,1,2,2.9e-08,1.0e+00,1.0e-03,1.0e+00,1.0e-03,2.9e-02,global-S%QGANEK,CASSSQGANEKLFF,TRBV19*01,TRBJ1-4*01,none:none,1,0.000000,-,-,-,-,-,-,-,-,-,-,-
344,S%QGANEK,5.8e-04,1,2,2.9e-08,1.0e+00,1.0e-03,1.0e+00,1.0e-03,2.9e-02,global-S%QGANEK,CASSSQGANEKLFF,TRBV19*01,TRBJ1-4*01,none:none,1,0.000000,-,-,-,-,-,-,-,-,-,-,-
344,S%QGANEK,5.8e-04,1,2,2.9e-08,1.0e+00,1.0e-03,1.0e+00,1.0e-03,2.9e-02,global-S%QGANEK,CASSSQGANEKLFF,TRBV19*01,TRBJ1-4*01,none:none,1,0.000000,-,-,-,-,-,-,-,-,-,-,-

345,SQVRG%YE,5.8e-04,1,2,1.8e-06,1.0e+00,6.3e-02,1.0e+00,1.0e-03,2.9e-02,global-SQVRG%YE,CASSQVRGSYEQYF,TRBV4-1*01,TRBJ2-7*01,none:none,1,0.000000,-,-,-,-,-,-,-,-,-,-,-
345,SQVRG%YE,5.8e-04,1,2,1.8e-06,1.0e+00,6.3e-02,1.0e+00,1.0e-03,2.9e-02,global-SQVRG%YE,CASSQVRGGYEQFF,TRBV3-1*01,TRBJ2-1*01,none:none,1,0.000000,-,-,-,-,-,-,-,-,-,-,-

346,SPRAG%ET,5.8e-04,1,2,2.1e-06,1.0e+00,7.2e-02,1.0e+00,1.0e-03,2.9e-02,global-SPRAG%ET,CASSPRAGKETQYF,TRBV7-6*01,TRBJ2-5*01,none:none,1,0.000000,-,-,-,-,-,-,-,-,-,-,-
346,SPRAG%ET,5.8e-04,1,2,2.1e-06,1.0e+00,7.2e-02,1.0e+00,1.0e-03,2.9e-02,global-SPRAG%ET,CASSPRAGWETQYF,TRBV19*01,TRBJ2-5*01,none:none,1,0.000000,-,-,-,-,-,-,-,-,-,-,-

347,SIGTG%TE,5.8e-04,1,2,2.9e-08,1.0e+00,1.0e-03,1.0e+00,1.0e-03,2.9e-02,global-SIGTG%TE,CASSIGTGFTEQFF,TRBV19*01,TRBJ2-1*01,none:none,1,0.000000,-,-,-,-,-,-,-,-,-,-,-
347,SIGTG%TE,5.8e-04,1,2,2.9e-08,1.0e+00,1.0e-03,1.0e+00,1.0e-03,2.9e-02,global-SIGTG%TE,CASSIGTGGTEAFF,TRBV19*01,TRBJ1-1*01,none:none,1,0.000000,-,-,-,-,-,-,-,-,-,-,-

348,SFTGGR%E,5.8e-04,1,2,2.0e-06,1.0e+00,6.9e-02,1.0e+00,1.0e-03,2.9e-02,global-SFTGGR%E,CASSFTGGRYEQYF,TRBV19*01,TRBJ2-7*01,none:none,1,0.000000,-,-,-,-,-,-,-,-,-,-,-
348,SFTGGR%E,5.8e-04,1,2,2.0e-06,1.0e+00,6.9e-02,1.0e+00,1.0e-03,2.9e-02,global-SFTGGR%E,CASSFTGGRTEAFF,TRBV12-3*01,TRBJ1-1*01,none:none,1,0.000000,-,-,-,-,-,-,-,-,-,-,-

349,SM%GGSYNE,5.8e-04,1,2,2.7e-06,1.0e+00,9.2e-02,1.0e+00,1.0e-03,2.9e-02,global-SM%GGSYNE,CASSMAGGSYNEQFF,TRBV5-1*01,TRBJ2-1*01,none:none,1,0.000000,-,-,-,-,-,-,-,-,-,-,-
349,SM%GGSYNE,5.8e-04,1,2,2.7e-06,1.0e+00,9.2e-02,1.0e+00,1.0e-03,2.9e-02,global-SM%GGSYNE,CASSMVGGSYNEQFF,TRBV19*01,TRBJ2-1*01,none:none,1,0.000000,-,-,-,-,-,-,-,-,-,-,-
349,SM%GGSYNE,5.8e-04,1,2,2.7e-06,1.0e+00,9.2e-02,1.0e+00,1.0e-03,2.9e-02,global-SM%GGSYNE,CASSMVGGSYNEQFF,TRBV19*01,TRBJ2-1*01,none:none,1,0.000000,-,-,-,-,-,-,-,-,-,-,-

350,S%SGE,6.0e-04,1,4,7.8e-07,1.0e+00,3.3e-01,1.0e+00,1.0e-03,2.3e-03,global-S%SGE,CASSLSGEQFF,TRBV7-3*01,TRBJ2-1*01,none:none,1,0.000000,-,-,-,-,-,-,-,-,-,-,-
350,S%SGE,6.0e-04,1,4,7.8e-07,1.0e+00,3.3e-01,1.0e+00,1.0e-03,2.3e-03,global-S%SGE,CASSLSGEQYF,TRBV25-1*01,TRBJ2-7*01,none:none,1,0.000000,-,-,-,-,-,-,-,-,-,-,-
350,S%SGE,6.0e-04,1,4,7.8e-07,1.0e+00,3.3e-01,1.0e+00,1.0e-03,2.3e-03,global-S%SGE,CASSLSGELFF,TRBV7-6*01,TRBJ2-2*01,none:none,1,0.000000,-,-,-,-,-,-,-,-,-,-,-
350,S%SGE,6.0e-04,1,4,7.8e-07,1.0e+00,3.3e-01,1.0e+00,1.0e-03,2.3e-03,global-S%SGE,CASSDSGELFF,TRBV9*01,TRBJ2-2*01,none:none,1,0.000000,-,-,-,-,-,-,-,-,-,-,-

351,SYG%YG,8.0e-04,1,2,2.9e-08,1.0e+00,1.0e-03,1.0e+00,1.0e-03,2.9e-02,global-SYG%YG,CASSYGVYGYTF,TRBV19*01,TRBJ1-2*01,none:none,1,0.000000,-,-,-,-,-,-,-,-,-,-,-
351,SYG%YG,8.0e-04,1,2,2.9e-08,1.0e+00,1.0e-03,1.0e+00,1.0e-03,2.9e-02,global-SYG%YG,CASSYGSYGYTF,TRBV19*01,TRBJ1-2*01,none:none,1,0.000000,-,-,-,-,-,-,-,-,-,-,-

352,S%RAAGE,8.0e-04,1,2,2.9e-08,1.0e+00,1.0e-03,1.0e+00,1.0e-03,2.9e-02,global-S%RAAGE,CASSIRAAGELFF,TRBV19*01,TRBJ2-2*01,none:none,1,0.000000,-,-,-,-,-,-,-,-,-,-,-
352,S%RAAGE,8.0e-04,1,2,2.9e-08,1.0e+00,1.0e-03,1.0e+00,1.0e-03,2.9e-02,global-S%RAAGE,CASSTRAAGELFF,TRBV19*01,TRBJ2-2*01,none:none,1,0.000000,-,-,-,-,-,-,-,-,-,-,-

353,G%GEGYE,8.0e-04,1,2,2.9e-08,1.0e+00,1.0e-03,1.0e+00,1.0e-03,2.9e-02,global-G%GEGYE,CSTGSGEGYEQYF,TRBV29-1*01,TRBJ1-5*01,none:none,1,0.000000,-,-,-,-,-,-,-,-,-,-,-
353,G%GEGYE,8.0e-04,1,2,2.9e-08,1.0e+00,1.0e-03,1.0e+00,1.0e-03,2.9e-02,global-G%GEGYE,CSVGFGEGYEQYF,TRBV29-1*01,TRBJ2-7*01,none:none,1,0.000000,-,-,-,-,-,-,-,-,-,-,-

354,SQ%GYTE,8.0e-04,1,2,1.8e-06,1.0e+00,6.1e-02,1.0e+00,1.0e-03,2.9e-02,global-SQ%GYTE,CASSQEGYTEAFF,TRBV14*01,TRBJ1-1*01,none:none,1,0.000000,-,-,-,-,-,-,-,-,-,-,-
354,SQ%GYTE,8.0e-04,1,2,1.8e-06,1.0e+00,6.1e-02,1.0e+00,1.0e-03,2.9e-02,global-SQ%GYTE,CASSQTGYTEAFF,TRBV4-3*01,TRBJ1-1*01,none:none,1,0.000000,-,-,-,-,-,-,-,-,-,-,-

355,SSR%AYE,8.0e-04,1,2,2.9e-08,1.0e+00,1.0e-03,1.0e+00,1.0e-03,2.9e-02,global-SSR%AYE,CASSSRAAYEQYF,TRBV19*01,TRBJ2-7*01,none:none,1,0.000000,-,-,-,-,-,-,-,-,-,-,-
355,SSR%AYE,8.0e-04,1,2,2.9e-08,1.0e+00,1.0e-03,1.0e+00,1.0e-03,2.9e-02,global-SSR%AYE,CASSSRSAYEQYF,TRBV19*01,TRBJ2-7*01,none:none,1,0.000000,-,-,-,-,-,-,-,-,-,-,-

356,SIVS%DT,8.0e-04,1,2,2.9e-08,1.0e+00,1.0e-03,1.0e+00,1.0e-03,2.9e-02,global-SIVS%DT,CASSIVSRDTQYF,TRBV19*01,TRBJ2-3*01,none:none,1,0.000000,-,-,-,-,-,-,-,-,-,-,-
356,SIVS%DT,8.0e-04,1,2,2.9e-08,1.0e+00,1.0e-03,1.0e+00,1.0e-03,2.9e-02,global-SIVS%DT,CASSIVSTDTQYF,TRBV19*01,TRBJ2-3*01,none:none,1,0.000000,-,-,-,-,-,-,-,-,-,-,-

357,SSTGG%G,8.0e-04,1,2,1.6e-06,1.0e+00,5.5e-02,1.0e+00,1.0e-03,2.9e-02,global-SSTGG%G,CASSSTGGDGYTF,TRBV7-2*01,TRBJ1-2*01,none:none,1,0.000000,-,-,-,-,-,-,-,-,-,-,-
357,SSTGG%G,8.0e-04,1,2,1.6e-06,1.0e+00,5.5e-02,1.0e+00,1.0e-03,2.9e-02,global-SSTGG%G,CASSSTGGVGYTF,TRBV7-9*01,TRBJ1-2*01,none:none,1,0.000000,-,-,-,-,-,-,-,-,-,-,-

358,SSRAA%E,8.0e-04,1,2,2.9e-08,1.0e+00,1.0e-03,1.0e+00,1.0e-03,2.9e-02,global-SSRAA%E,CASSSRAAAEAFF,TRBV19*01,TRBJ1-1*01,none:none,1,0.000000,-,-,-,-,-,-,-,-,-,-,-
358,SSRAA%E,8.0e-04,1,2,2.9e-08,1.0e+00,1.0e-03,1.0e+00,1.0e-03,2.9e-02,global-SSRAA%E,CASSSRAAYEQYF,TRBV19*01,TRBJ2-7*01,none:none,1,0.000000,-,-,-,-,-,-,-,-,-,-,-

359,%PGQGGYE,8.0e-04,1,2,1.7e-06,1.0e+00,5.7e-02,1.0e+00,1.0e-03,2.9e-02,global-%PGQGGYE,CASRPGQGGYEQYF,TRBV27*01,TRBJ2-7*01,none:none,1,0.000000,-,-,-,-,-,-,-,-,-,-,-
359,%PGQGGYE,8.0e-04,1,2,1.7e-06,1.0e+00,5.7e-02,1.0e+00,1.0e-03,2.9e-02,global-%PGQGGYE,CASSPGQGGYEQYF,TRBV7-8*01,TRBJ2-7*01,none:none,1,0.000000,-,-,-,-,-,-,-,-,-,-,-

360,SL%RGTGE,8.0e-04,1,2,1.8e-06,1.0e+00,6.2e-02,1.0e+00,1.0e-03,2.9e-02,global-SL%RGTGE,CASSLIRGTGELFF,TRBV3-1*01,TRBJ2-2*01,none:none,1,0.000000,-,-,-,-,-,-,-,-,-,-,-
360,SL%RGTGE,8.0e-04,1,2,1.8e-06,1.0e+00,6.2e-02,1.0e+00,1.0e-03,2.9e-02,global-SL%RGTGE,CASSLARGTGELFF,TRBV11-2*01,TRBJ2-2*01,none:none,1,0.000000,-,-,-,-,-,-,-,-,-,-,-

361,SL%GQGYE,8.0e-04,1,2,2.2e-06,1.0e+00,7.6e-02,1.0e+00,1.0e-03,2.9e-02,global-SL%GQGYE,CASSLGGQGYEQYF,TRBV28*01,TRBJ2-7*01,none:none,1,0.000000,-,-,-,-,-,-,-,-,-,-,-
361,SL%GQGYE,8.0e-04,1,2,2.2e-06,1.0e+00,7.6e-02,1.0e+00,1.0e-03,2.9e-02,global-SL%GQGYE,CASSLSGQGYEQYF,TRBV12-4*01,TRBJ2-7*01,none:none,1,0.000000,-,-,-,-,-,-,-,-,-,-,-

362,SLSS%TGE,8.0e-04,1,2,2.2e-06,1.0e+00,7.7e-02,1.0e+00,1.0e-03,2.9e-02,global-SLSS%TGE,CASSLSSHTGELFF,TRBV12-3*01,TRBJ2-2*01,none:none,1,0.000000,-,-,-,-,-,-,-,-,-,-,-
362,SLSS%TGE,8.0e-04,1,2,2.2e-06,1.0e+00,7.7e-02,1.0e+00,1.0e-03,2.9e-02,global-SLSS%TGE,CASSLSSATGELFF,TRBV28*01,TRBJ2-2*01,none:none,1,0.000000,-,-,-,-,-,-,-,-,-,-,-

363,SPQG%GQP,8.0e-04,1,2,3.1e-06,1.0e+00,1.1e-01,1.0e+00,1.0e-03,2.9e-02,global-SPQG%GQP,CASSPQGVGQPQHF,TRBV28*01,TRBJ1-5*01,none:none,1,0.000000,-,-,-,-,-,-,-,-,-,-,-
363,SPQG%GQP,8.0e-04,1,2,3.1e-06,1.0e+00,1.1e-01,1.0e+00,1.0e-03,2.9e-02,global-SPQG%GQP,CASSPQGLGQPQHF,TRBV28*01,TRBJ1-5*01,none:none,1,0.000000,-,-,-,-,-,-,-,-,-,-,-
363,SPQG%GQP,8.0e-04,1,2,3.1e-06,1.0e+00,1.1e-01,1.0e+00,1.0e-03,2.9e-02,global-SPQG%GQP,CASSPQGLGQPQHF,TRBV27*01,TRBJ1-5*01,none:none,1,0.000000,-,-,-,-,-,-,-,-,-,-,-

364,SST%SGANV,8.0e-04,1,2,1.6e-06,1.0e+00,5.6e-02,1.0e+00,1.0e-03,2.9e-02,global-SST%SGANV,CASSSTLSGANVLTF,TRBV7-9*01,TRBJ2-6*01,none:none,1,0.000000,-,-,-,-,-,-,-,-,-,-,-
364,SST%SGANV,8.0e-04,1,2,1.6e-06,1.0e+00,5.6e-02,1.0e+00,1.0e-03,2.9e-02,global-SST%SGANV,CASSSTSSGANVLTF,TRBV6-2*01,TRBJ2-6*01,none:none,1,0.000000,-,-,-,-,-,-,-,-,-,-,-

365,%RE,1.1e-03,1,2,2.1e-06,1.0e+00,7.1e-02,1.0e+00,1.0e-03,2.9e-02,global-%RE,CSADREAFF,TRBV29-1*01,TRBJ1-1*01,none:none,1,0.000000,-,-,-,-,-,-,-,-,-,-,-
365,%RE,1.1e-03,1,2,2.1e-06,1.0e+00,7.1e-02,1.0e+00,1.0e-03,2.9e-02,global-%RE,CASGREQYF,TRBV11-2*01,TRBJ2-7*01,none:none,1,0.000000,-,-,-,-,-,-,-,-,-,-,-

366,S%GGSP,1.1e-03,1,2,2.2e-06,1.0e+00,7.4e-02,1.0e+00,1.0e-03,2.9e-02,global-S%GGSP,CASSQGGSPLHF,TRBV4-2*01,TRBJ1-6*01,none:none,1,0.000000,-,-,-,-,-,-,-,-,-,-,-
366,S%GGSP,1.1e-03,1,2,2.2e-06,1.0e+00,7.4e-02,1.0e+00,1.0e-03,2.9e-02,global-S%GGSP,CASSLGGSPLHF,TRBV5-4*01,TRBJ1-6*01,none:none,1,0.000000,-,-,-,-,-,-,-,-,-,-,-

367,S%GFYG,1.1e-03,1,2,2.9e-08,1.0e+00,1.0e-03,1.0e+00,1.0e-03,2.9e-02,global-S%GFYG,CASSQGFYGYTF,TRBV19*01,TRBJ1-2*01,none:none,1,0.000000,-,-,-,-,-,-,-,-,-,-,-
367,S%GFYG,1.1e-03,1,2,2.9e-08,1.0e+00,1.0e-03,1.0e+00,1.0e-03,2.9e-02,global-S%GFYG,CASSIGFYGYTF,TRBV19*01,TRBJ1-2*01,none:none,1,0.000000,-,-,-,-,-,-,-,-,-,-,-

368,SQGTG%,1.1e-03,1,2,1.7e-06,1.0e+00,5.8e-02,1.0e+00,1.0e-03,2.9e-02,global-SQGTG%,CASSQGTGELFF,TRBV5-4*01,TRBJ2-2*01,none:none,1,0.000000,-,-,-,-,-,-,-,-,-,-,-
368,SQGTG%,1.1e-03,1,2,1.7e-06,1.0e+00,5.8e-02,1.0e+00,1.0e-03,2.9e-02,global-SQGTG%,CASSQGTGTQYF,TRBV12-4*01,TRBJ2-5*01,none:none,1,0.000000,-,-,-,-,-,-,-,-,-,-,-

369,S%RSGYE,1.1e-03,1,2,2.9e-08,1.0e+00,1.0e-03,1.0e+00,1.0e-03,2.9e-02,global-S%RSGYE,CASSIRSGYEQFF,TRBV19*01,TRBJ2-1*01,none:none,1,0.000000,-,-,-,-,-,-,-,-,-,-,-
369,S%RSGYE,1.1e-03,1,2,2.9e-08,1.0e+00,1.0e-03,1.0e+00,1.0e-03,2.9e-02,global-S%RSGYE,CASSTRSGYEQYF,TRBV19*01,TRBJ2-7*01,none:none,1,0.000000,-,-,-,-,-,-,-,-,-,-,-

370,S%LSTDT,1.1e-03,1,2,2.9e-08,1.0e+00,1.0e-03,1.0e+00,1.0e-03,2.9e-02,global-S%LSTDT,CASSRLSTDTQYF,TRBV19*01,TRBJ2-3*01,none:none,1,0.000000,-,-,-,-,-,-,-,-,-,-,-
370,S%LSTDT,1.1e-03,1,2,2.9e-08,1.0e+00,1.0e-03,1.0e+00,1.0e-03,2.9e-02,global-S%LSTDT,CASSDLSTDTQYF,TRBV19*01,TRBJ2-3*01,none:none,1,0.000000,-,-,-,-,-,-,-,-,-,-,-

371,S%EGYTE,1.1e-03,1,2,1.7e-06,1.0e+00,5.9e-02,1.0e+00,1.0e-03,2.9e-02,global-S%EGYTE,CASSLEGYTEAFF,TRBV11-2*01,TRBJ1-1*01,none:none,1,0.000000,-,-,-,-,-,-,-,-,-,-,-
371,S%EGYTE,1.1e-03,1,2,1.7e-06,1.0e+00,5.9e-02,1.0e+00,1.0e-03,2.9e-02,global-S%EGYTE,CASSQEGYTEAFF,TRBV14*01,TRBJ1-1*01,none:none,1,0.000000,-,-,-,-,-,-,-,-,-,-,-

372,S%GEGSYE,1.1e-03,1,2,2.0e-06,1.0e+00,7.0e-02,1.0e+00,1.0e-03,2.9e-02,global-S%GEGSYE,CASSFGEGSYEQYF,TRBV27*01,TRBJ2-7*01,none:none,1,0.000000,-,-,-,-,-,-,-,-,-,-,-
372,S%GEGSYE,1.1e-03,1,2,2.0e-06,1.0e+00,7.0e-02,1.0e+00,1.0e-03,2.9e-02,global-S%GEGSYE,CASSYGEGSYEQYF,TRBV6-5*01,TRBJ2-7*01,none:none,1,0.000000,-,-,-,-,-,-,-,-,-,-,-

373,S%SGTAYE,1.1e-03,1,2,1.8e-06,1.0e+00,6.2e-02,1.0e+00,1.0e-03,2.9e-02,global-S%SGTAYE,CASSHSGTAYEQYF,TRBV18*01,TRBJ2-7*01,none:none,1,0.000000,-,-,-,-,-,-,-,-,-,-,-
373,S%SGTAYE,1.1e-03,1,2,1.8e-06,1.0e+00,6.2e-02,1.0e+00,1.0e-03,2.9e-02,global-S%SGTAYE,CASSLSGTAYEQYF,TRBV27*01,TRBJ2-7*01,none:none,1,0.000000,-,-,-,-,-,-,-,-,-,-,-

374,SLG%SNQP,1.1e-03,1,3,1.1e-06,1.0e+00,1.7e-01,1.0e+00,1.0e-03,6.2e-03,global-SLG%SNQP,CASSLGSSNQPQHF,TRBV6-1*01,TRBJ1-5*01,none:none,1,0.000000,-,-,-,-,-,-,-,-,-,-,-
374,SLG%SNQP,1.1e-03,1,3,1.1e-06,1.0e+00,1.7e-01,1.0e+00,1.0e-03,6.2e-03,global-SLG%SNQP,CASSLGGSNQPQHF,TRBV27*01,TRBJ1-5*01,none:none,1,0.000000,-,-,-,-,-,-,-,-,-,-,-
374,SLG%SNQP,1.1e-03,1,3,1.1e-06,1.0e+00,1.7e-01,1.0e+00,1.0e-03,6.2e-03,global-SLG%SNQP,CASSLGLSNQPQHF,TRBV3-1*01,TRBJ1-5*01,none:none,1,0.000000,-,-,-,-,-,-,-,-,-,-,-

375,SFGQG%EK,1.1e-03,1,2,2.9e-08,1.0e+00,1.0e-03,1.0e+00,1.0e-03,2.9e-02,global-SFGQG%EK,CASSFGQGSEKLFF,TRBV27*01,TRBJ1-4*01,none:none,1,0.000000,-,-,-,-,-,-,-,-,-,-,-
375,SFGQG%EK,1.1e-03,1,2,2.9e-08,1.0e+00,1.0e-03,1.0e+00,1.0e-03,2.9e-02,global-SFGQG%EK,CASSFGQGGEKLFF,TRBV27*01,TRBJ1-4*01,none:none,1,0.000000,-,-,-,-,-,-,-,-,-,-,-

376,SQDRGG%ET,1.1e-03,1,2,1.7e-06,1.0e+00,5.7e-02,1.0e+00,1.0e-03,2.9e-02,global-SQDRGG%ET,CASSQDRGGAETQYF,TRBV4-1*01,TRBJ2-5*01,none:none,1,0.000000,-,-,-,-,-,-,-,-,-,-,-
376,SQDRGG%ET,1.1e-03,1,2,1.7e-06,1.0e+00,5.7e-02,1.0e+00,1.0e-03,2.9e-02,global-SQDRGG%ET,CASSQDRGGQETQYF,TRBV4-2*01,TRBJ2-5*01,none:none,1,0.000000,-,-,-,-,-,-,-,-,-,-,-

377,SL%ASGGYNE,1.1e-03,1,2,2.9e-08,1.0e+00,1.0e-03,1.0e+00,1.0e-03,2.9e-02,global-SL%ASGGYNE,CASSLMASGGYNEQFF,TRBV7-3*01,TRBJ2-1*01,none:none,1,0.000000,-,-,-,-,-,-,-,-,-,-,-
377,SL%ASGGYNE,1.1e-03,1,2,2.9e-08,1.0e+00,1.0e-03,1.0e+00,1.0e-03,2.9e-02,global-SL%ASGGYNE,CASSLIASGGYNEQFF,TRBV7-3*01,TRBJ2-1*01,none:none,1,0.000000,-,-,-,-,-,-,-,-,-,-,-

378,SL%GE,1.3e-03,1,5,7.1e-07,1.0e+00,4.9e-01,1.0e+00,1.0e-03,1.5e-03,global-SL%GE,CASSLSGEQFF,TRBV7-3*01,TRBJ2-1*01,none:none,1,0.000000,-,-,-,-,-,-,-,-,-,-,-
378,SL%GE,1.3e-03,1,5,7.1e-07,1.0e+00,4.9e-01,1.0e+00,1.0e-03,1.5e-03,global-SL%GE,CASSLSGEQYF,TRBV25-1*01,TRBJ2-7*01,none:none,1,0.000000,-,-,-,-,-,-,-,-,-,-,-
378,SL%GE,1.3e-03,1,5,7.1e-07,1.0e+00,4.9e-01,1.0e+00,1.0e-03,1.5e-03,global-SL%GE,CASSLSGELFF,TRBV7-6*01,TRBJ2-2*01,none:none,1,0.000000,-,-,-,-,-,-,-,-,-,-,-
378,SL%GE,1.3e-03,1,5,7.1e-07,1.0e+00,4.9e-01,1.0e+00,1.0e-03,1.5e-03,global-SL%GE,CASSLLGEQYF,TRBV28*01,TRBJ2-7*01,none:none,1,0.000000,-,-,-,-,-,-,-,-,-,-,-
378,SL%GE,1.3e-03,1,5,7.1e-07,1.0e+00,4.9e-01,1.0e+00,1.0e-03,1.5e-03,global-SL%GE,CASSLGGELFF,TRBV7-9*01,TRBJ2-2*01,none:none,1,0.000000,-,-,-,-,-,-,-,-,-,-,-

379,SGT%ET,1.4e-03,1,2,1.3e-06,1.0e+00,4.4e-02,1.0e+00,1.0e-03,2.9e-02,global-SGT%ET,CASSGTKETQYF,TRBV11-2*01,TRBJ2-5*01,none:none,1,0.000000,-,-,-,-,-,-,-,-,-,-,-
379,SGT%ET,1.4e-03,1,2,1.3e-06,1.0e+00,4.4e-02,1.0e+00,1.0e-03,2.9e-02,global-SGT%ET,CASSGTQETQYF,TRBV12-3*01,TRBJ2-5*01,none:none,1,0.000000,-,-,-,-,-,-,-,-,-,-,-

380,%AGLNTE,1.4e-03,1,2,2.0e-06,1.0e+00,6.7e-02,1.0e+00,1.0e-03,2.9e-02,global-%AGLNTE,CATSAGLNTEAFF,TRBV24-1*01,TRBJ1-1*01,none:none,1,0.000000,-,-,-,-,-,-,-,-,-,-,-
380,%AGLNTE,1.4e-03,1,2,2.0e-06,1.0e+00,6.7e-02,1.0e+00,1.0e-03,2.9e-02,global-%AGLNTE,CSACAGLNTEAFF,TRBV20-1*01,TRBJ1-1*01,none:none,1,0.000000,-,-,-,-,-,-,-,-,-,-,-

381,SQ%SNQP,1.4e-03,1,2,1.6e-06,1.0e+00,5.6e-02,1.0e+00,1.0e-03,2.9e-02,global-SQ%SNQP,CASSQGSNQPQHF,TRBV4-2*01,TRBJ1-5*01,none:none,1,0.000000,-,-,-,-,-,-,-,-,-,-,-
381,SQ%SNQP,1.4e-03,1,2,1.6e-06,1.0e+00,5.6e-02,1.0e+00,1.0e-03,2.9e-02,global-SQ%SNQP,CASSQASNQPQHF,TRBV27*01,TRBJ1-5*01,none:none,1,0.000000,-,-,-,-,-,-,-,-,-,-,-

382,ST%STDT,1.4e-03,1,2,2.9e-08,1.0e+00,1.0e-03,1.0e+00,1.0e-03,2.9e-02,global-ST%STDT,CASSTRSTDTQYF,TRBV19*01,TRBJ2-3*01,none:none,1,0.000000,-,-,-,-,-,-,-,-,-,-,-
382,ST%STDT,1.4e-03,1,2,2.9e-08,1.0e+00,1.0e-03,1.0e+00,1.0e-03,2.9e-02,global-ST%STDT,CASSTRSTDTQYF,TRBV19*01,TRBJ2-3*01,none:none,1,0.000000,-,-,-,-,-,-,-,-,-,-,-
382,ST%STDT,1.4e-03,1,2,2.9e-08,1.0e+00,1.0e-03,1.0e+00,1.0e-03,2.9e-02,global-ST%STDT,CASSTRSTDTQYF,TRBV19*01,TRBJ2-3*01,none:none,1,0.000000,-,-,-,-,-,-,-,-,-,-,-
382,ST%STDT,1.4e-03,1,2,2.9e-08,1.0e+00,1.0e-03,1.0e+00,1.0e-03,2.9e-02,global-ST%STDT,CASSTRSTDTQYF,TRBV19*01,TRBJ2-3*01,none:none,1,0.000000,-,-,-,-,-,-,-,-,-,-,-
382,ST%STDT,1.4e-03,1,2,2.9e-08,1.0e+00,1.0e-03,1.0e+00,1.0e-03,2.9e-02,global-ST%STDT,CASSTASTDTQYF,TRBV19*01,TRBJ2-3*01,none:none,1,0.000000,-,-,-,-,-,-,-,-,-,-,-

383,SQD%GYE,1.4e-03,1,2,1.8e-06,1.0e+00,6.1e-02,1.0e+00,1.0e-03,2.9e-02,global-SQD%GYE,CASSQDNGYEQYF,TRBV4-2*01,TRBJ2-7*01,none:none,1,0.000000,-,-,-,-,-,-,-,-,-,-,-
383,SQD%GYE,1.4e-03,1,2,1.8e-06,1.0e+00,6.1e-02,1.0e+00,1.0e-03,2.9e-02,global-SQD%GYE,CASSQDAGYEAFF,TRBV4-1*01,TRBJ1-1*01,none:none,1,0.000000,-,-,-,-,-,-,-,-,-,-,-

384,SLA%VGE,1.4e-03,1,2,2.9e-08,1.0e+00,1.0e-03,1.0e+00,1.0e-03,2.9e-02,global-SLA%VGE,CASSLAGVGELFF,TRBV7-6*01,TRBJ2-2*01,none:none,1,0.000000,-,-,-,-,-,-,-,-,-,-,-
384,SLA%VGE,1.4e-03,1,2,2.9e-08,1.0e+00,1.0e-03,1.0e+00,1.0e-03,2.9e-02,global-SLA%VGE,CASSLALVGEQFF,TRBV7-6*01,TRBJ2-1*01,none:none,1,0.000000,-,-,-,-,-,-,-,-,-,-,-

385,SVR%TDT,1.4e-03,1,2,2.9e-08,1.0e+00,1.0e-03,1.0e+00,1.0e-03,2.9e-02,global-SVR%TDT,CASSVRATDTQYF,TRBV19*01,TRBJ2-3*01,none:none,1,0.000000,-,-,-,-,-,-,-,-,-,-,-
385,SVR%TDT,1.4e-03,1,2,2.9e-08,1.0e+00,1.0e-03,1.0e+00,1.0e-03,2.9e-02,global-SVR%TDT,CASSVRSTDTQYF,TRBV19*01,TRBJ2-3*01,none:none,1,0.000000,-,-,-,-,-,-,-,-,-,-,-
385,SVR%TDT,1.4e-03,1,2,2.9e-08,1.0e+00,1.0e-03,1.0e+00,1.0e-03,2.9e-02,global-SVR%TDT,CASSVRSTDTQYF,TRBV19*01,TRBJ2-3*01,none:none,1,0.000000,-,-,-,-,-,-,-,-,-,-,-
385,SVR%TDT,1.4e-03,1,2,2.9e-08,1.0e+00,1.0e-03,1.0e+00,1.0e-03,2.9e-02,global-SVR%TDT,CASSVRSTDTQYF,TRBV19*01,TRBJ2-3*01,none:none,1,0.000000,-,-,-,-,-,-,-,-,-,-,-
385,SVR%TDT,1.4e-03,1,2,2.9e-08,1.0e+00,1.0e-03,1.0e+00,1.0e-03,2.9e-02,global-SVR%TDT,CASSVRSTDTQYF,TRBV19*01,TRBJ2-3*01,none:none,1,0.000000,-,-,-,-,-,-,-,-,-,-,-
385,SVR%TDT,1.4e-03,1,2,2.9e-08,1.0e+00,1.0e-03,1.0e+00,1.0e-03,2.9e-02,global-SVR%TDT,CASSVRSTDTQYF,TRBV19*01,TRBJ2-3*01,none:none,1,0.000000,-,-,-,-,-,-,-,-,-,-,-
385,SVR%TDT,1.4e-03,1,2,2.9e-08,1.0e+00,1.0e-03,1.0e+00,1.0e-03,2.9e-02,global-SVR%TDT,CASSVRSTDTQYF,TRBV19*01,TRBJ2-3*01,none:none,1,0.000000,-,-,-,-,-,-,-,-,-,-,-

386,SQR%SYE,1.4e-03,1,2,2.9e-08,1.0e+00,1.0e-03,1.0e+00,1.0e-03,2.9e-02,global-SQR%SYE,CASSQRASYEQYF,TRBV19*01,TRBJ2-7*01,none:none,1,0.000000,-,-,-,-,-,-,-,-,-,-,-
386,SQR%SYE,1.4e-03,1,2,2.9e-08,1.0e+00,1.0e-03,1.0e+00,1.0e-03,2.9e-02,global-SQR%SYE,CASSQRSSYEQYF,TRBV19*01,TRBJ2-7*01,none:none,1,0.000000,-,-,-,-,-,-,-,-,-,-,-
386,SQR%SYE,1.4e-03,1,2,2.9e-08,1.0e+00,1.0e-03,1.0e+00,1.0e-03,2.9e-02,global-SQR%SYE,CASSQRSSYEQYF,TRBV19*01,TRBJ2-7*01,none:none,1,0.000000,-,-,-,-,-,-,-,-,-,-,-

387,SIV%GNE,1.4e-03,1,2,2.9e-08,1.0e+00,1.0e-03,1.0e+00,1.0e-03,2.9e-02,global-SIV%GNE,CASSIVGGNEQFF,TRBV19*01,TRBJ2-1*01,none:none,1,0.000000,-,-,-,-,-,-,-,-,-,-,-
387,SIV%GNE,1.4e-03,1,2,2.9e-08,1.0e+00,1.0e-03,1.0e+00,1.0e-03,2.9e-02,global-SIV%GNE,CASSIVSGNEQFF,TRBV19*01,TRBJ2-1*01,none:none,1,0.000000,-,-,-,-,-,-,-,-,-,-,-

388,GTG%GGE,1.4e-03,1,2,2.9e-08,1.0e+00,1.0e-03,1.0e+00,1.0e-03,2.9e-02,global-GTG%GGE,CSSGTGDGGEQFF,TRBV29-1*01,TRBJ2-1*01,none:none,1,0.000000,-,-,-,-,-,-,-,-,-,-,-
388,GTG%GGE,1.4e-03,1,2,2.9e-08,1.0e+00,1.0e-03,1.0e+00,1.0e-03,2.9e-02,global-GTG%GGE,CSAGTGEGGEQFF,TRBV29-1*01,TRBJ2-1*01,none:none,1,0.000000,-,-,-,-,-,-,-,-,-,-,-

389,SGGL%TE,1.4e-03,1,2,2.2e-06,1.0e+00,7.4e-02,1.0e+00,1.0e-03,2.9e-02,global-SGGL%TE,CAWSGGLNTEAFF,TRBV30*01,TRBJ1-1*01,none:none,1,0.000000,-,-,-,-,-,-,-,-,-,-,-
389,SGGL%TE,1.4e-03,1,2,2.2e-06,1.0e+00,7.4e-02,1.0e+00,1.0e-03,2.9e-02,global-SGGL%TE,CATSGGLSTEAFF,TRBV24-1*01,TRBJ1-1*01,none:none,1,0.000000,-,-,-,-,-,-,-,-,-,-,-

390,SL%DSQET,1.4e-03,1,2,1.9e-06,1.0e+00,6.6e-02,1.0e+00,1.0e-03,2.9e-02,global-SL%DSQET,CASSLRDSQETQYF,TRBV27*01,TRBJ2-5*01,none:none,1,0.000000,-,-,-,-,-,-,-,-,-,-,-
390,SL%DSQET,1.4e-03,1,2,1.9e-06,1.0e+00,6.6e-02,1.0e+00,1.0e-03,2.9e-02,global-SL%DSQET,CASSLTDSQETQYF,TRBV5-6*01,TRBJ2-5*01,none:none,1,0.000000,-,-,-,-,-,-,-,-,-,-,-

391,SLGG%GQP,1.4e-03,1,2,5.5e-06,1.0e+00,1.9e-01,1.0e+00,1.0e-03,2.9e-02,global-SLGG%GQP,CASSLGGLGQPQHF,TRBV12-4*01,TRBJ1-5*01,none:none,1,0.000000,-,-,-,-,-,-,-,-,-,-,-
391,SLGG%GQP,1.4e-03,1,2,5.5e-06,1.0e+00,1.9e-01,1.0e+00,1.0e-03,2.9e-02,global-SLGG%GQP,CASSLGGLGQPQHF,TRBV5-8*01,TRBJ1-5*01,none:none,1,0.000000,-,-,-,-,-,-,-,-,-,-,-
391,SLGG%GQP,1.4e-03,1,2,5.5e-06,1.0e+00,1.9e-01,1.0e+00,1.0e-03,2.9e-02,global-SLGG%GQP,CASSLGGIGQPQHF,TRBV5-5*01,TRBJ1-5*01,none:none,1,0.000000,-,-,-,-,-,-,-,-,-,-,-

392,SPAG%TDT,1.4e-03,1,2,1.5e-06,1.0e+00,5.0e-02,1.0e+00,1.0e-03,2.9e-02,global-SPAG%TDT,CASSPAGGTDTQYF,TRBV6-6*01,TRBJ2-3*01,none:none,1,0.000000,-,-,-,-,-,-,-,-,-,-,-
392,SPAG%TDT,1.4e-03,1,2,1.5e-06,1.0e+00,5.0e-02,1.0e+00,1.0e-03,2.9e-02,global-SPAG%TDT,CSASPAGSTDTQYF,TRBV20-1*01,TRBJ2-3*01,none:none,1,0.000000,-,-,-,-,-,-,-,-,-,-,-

393,SLGGNT%E,1.4e-03,1,2,1.2e-06,1.0e+00,4.2e-02,1.0e+00,1.0e-03,2.9e-02,global-SLGGNT%E,CASSLGGNTYEQYF,TRBV5-8*01,TRBJ2-7*01,none:none,1,0.000000,-,-,-,-,-,-,-,-,-,-,-
393,SLGGNT%E,1.4e-03,1,2,1.2e-06,1.0e+00,4.2e-02,1.0e+00,1.0e-03,2.9e-02,global-SLGGNT%E,CASSLGGNTGELFF,TRBV27*01,TRBJ2-2*01,none:none,1,0.000000,-,-,-,-,-,-,-,-,-,-,-

394,SLG%GSNQP,1.4e-03,1,2,1.9e-06,1.0e+00,6.4e-02,1.0e+00,1.0e-03,2.9e-02,global-SLG%GSNQP,CASSLGGGSNQPQHF,TRBV27*01,TRBJ1-5*01,none:none,1,0.000000,-,-,-,-,-,-,-,-,-,-,-
394,SLG%GSNQP,1.4e-03,1,2,1.9e-06,1.0e+00,6.4e-02,1.0e+00,1.0e-03,2.9e-02,global-SLG%GSNQP,CASSLGQGSNQPQHF,TRBV3-1*01,TRBJ1-5*01,none:none,1,0.000000,-,-,-,-,-,-,-,-,-,-,-

395,SPGQG%SYE,1.4e-03,1,2,2.0e-07,1.0e+00,7.0e-03,1.0e+00,1.0e-03,2.9e-02,global-SPGQG%SYE,CASSPGQGSSYEQYF,TRBV4-1*01,TRBJ2-7*01,none:none,1,0.000000,-,-,-,-,-,-,-,-,-,-,-
395,SPGQG%SYE,1.4e-03,1,2,2.0e-07,1.0e+00,7.0e-03,1.0e+00,1.0e-03,2.9e-02,global-SPGQG%SYE,CAISPGQGESYEQYF,TRBV10-3*01,TRBJ2-7*01,none:none,1,0.000000,-,-,-,-,-,-,-,-,-,-,-
395,SPGQG%SYE,1.4e-03,1,2,2.0e-07,1.0e+00,7.0e-03,1.0e+00,1.0e-03,2.9e-02,global-SPGQG%SYE,CAISPGQGESYEQYF,TRBV10-3*01,TRBJ2-7*01,none:none,1,0.000000,-,-,-,-,-,-,-,-,-,-,-

396,%QGGGE,1.7e-03,1,2,1.9e-06,1.0e+00,6.4e-02,1.0e+00,1.0e-03,2.9e-02,global-%QGGGE,CASSQGGGEQYF,TRBV9*01,TRBJ2-7*01,none:none,1,0.000000,-,-,-,-,-,-,-,-,-,-,-
396,%QGGGE,1.7e-03,1,2,1.9e-06,1.0e+00,6.4e-02,1.0e+00,1.0e-03,2.9e-02,global-%QGGGE,CSGGQGGGEQFF,TRBV29-1*01,TRBJ2-1*01,none:none,1,0.000000,-,-,-,-,-,-,-,-,-,-,-

397,SIGAY%,1.7e-03,1,2,2.9e-08,1.0e+00,1.0e-03,1.0e+00,1.0e-03,2.9e-02,global-SIGAY%,CASSIGAYGYTF,TRBV19*01,TRBJ1-2*01,none:none,1,0.000000,-,-,-,-,-,-,-,-,-,-,-
397,SIGAY%,1.7e-03,1,2,2.9e-08,1.0e+00,1.0e-03,1.0e+00,1.0e-03,2.9e-02,global-SIGAY%,CASSIGAYGYTF,TRBV19*01,TRBJ1-2*01,none:none,1,0.000000,-,-,-,-,-,-,-,-,-,-,-
397,SIGAY%,1.7e-03,1,2,2.9e-08,1.0e+00,1.0e-03,1.0e+00,1.0e-03,2.9e-02,global-SIGAY%,CASSIGAYRYTF,TRBV19*01,TRBJ1-2*01,none:none,1,0.000000,-,-,-,-,-,-,-,-,-,-,-

398,SM%STDT,1.7e-03,1,2,2.9e-08,1.0e+00,1.0e-03,1.0e+00,1.0e-03,2.9e-02,global-SM%STDT,CASSMYSTDTQYF,TRBV19*01,TRBJ2-3*01,none:none,1,0.000000,-,-,-,-,-,-,-,-,-,-,-
398,SM%STDT,1.7e-03,1,2,2.9e-08,1.0e+00,1.0e-03,1.0e+00,1.0e-03,2.9e-02,global-SM%STDT,CASSMRSTDTQYF,TRBV19*01,TRBJ2-3*01,none:none,1,0.000000,-,-,-,-,-,-,-,-,-,-,-

399,SIR%TGE,1.7e-03,1,2,2.9e-08,1.0e+00,1.0e-03,1.0e+00,1.0e-03,2.9e-02,global-SIR%TGE,CASSIRATGELFF,TRBV19*01,TRBJ2-2*01,none:none,1,0.000000,-,-,-,-,-,-,-,-,-,-,-
399,SIR%TGE,1.7e-03,1,2,2.9e-08,1.0e+00,1.0e-03,1.0e+00,1.0e-03,2.9e-02,global-SIR%TGE,CASSIRSTGELFF,TRBV19*01,TRBJ2-2*01,none:none,1,0.000000,-,-,-,-,-,-,-,-,-,-,-
399,SIR%TGE,1.7e-03,1,2,2.9e-08,1.0e+00,1.0e-03,1.0e+00,1.0e-03,2.9e-02,global-SIR%TGE,CASSIRSTGELFF,TRBV19*01,TRBJ2-2*01,none:none,1,0.000000,-,-,-,-,-,-,-,-,-,-,-
399,SIR%TGE,1.7e-03,1,2,2.9e-08,1.0e+00,1.0e-03,1.0e+00,1.0e-03,2.9e-02,global-SIR%TGE,CASSIRSTGELFF,TRBV19*01,TRBJ2-2*01,none:none,1,0.000000,-,-,-,-,-,-,-,-,-,-,-
399,SIR%TGE,1.7e-03,1,2,2.9e-08,1.0e+00,1.0e-03,1.0e+00,1.0e-03,2.9e-02,global-SIR%TGE,CASSIRSTGELFF,TRBV19*01,TRBJ2-2*01,none:none,1,0.000000,-,-,-,-,-,-,-,-,-,-,-
399,SIR%TGE,1.7e-03,1,2,2.9e-08,1.0e+00,1.0e-03,1.0e+00,1.0e-03,2.9e-02,global-SIR%TGE,CASSIRSTGELFF,TRBV19*01,TRBJ2-2*01,none:none,1,0.000000,-,-,-,-,-,-,-,-,-,-,-

400,SP%LSTDT,1.7e-03,1,2,1.7e-06,1.0e+00,6.0e-02,1.0e+00,1.0e-03,2.9e-02,global-SP%LSTDT,CASSPRLSTDTQYF,TRBV4-2*01,TRBJ2-3*01,none:none,1,0.000000,-,-,-,-,-,-,-,-,-,-,-
400,SP%LSTDT,1.7e-03,1,2,1.7e-06,1.0e+00,6.0e-02,1.0e+00,1.0e-03,2.9e-02,global-SP%LSTDT,CASSPNLSTDTQYF,TRBV4-1*01,TRBJ2-3*01,none:none,1,0.000000,-,-,-,-,-,-,-,-,-,-,-

401,SSQG%GNT,1.7e-03,1,2,2.9e-08,1.0e+00,1.0e-03,1.0e+00,1.0e-03,2.9e-02,global-SSQG%GNT,CASSSQGVGNTIYF,TRBV28*01,TRBJ1-3*01,none:none,1,0.000000,-,-,-,-,-,-,-,-,-,-,-
401,SSQG%GNT,1.7e-03,1,2,2.9e-08,1.0e+00,1.0e-03,1.0e+00,1.0e-03,2.9e-02,global-SSQG%GNT,CASSSQGLGNTIYF,TRBV28*01,TRBJ1-3*01,none:none,1,0.000000,-,-,-,-,-,-,-,-,-,-,-

402,SLGQG%QP,1.7e-03,1,2,1.6e-06,1.0e+00,5.6e-02,1.0e+00,1.0e-03,2.9e-02,global-SLGQG%QP,CASSLGQGHQPQHF,TRBV7-9*01,TRBJ1-5*01,none:none,1,0.000000,-,-,-,-,-,-,-,-,-,-,-
402,SLGQG%QP,1.7e-03,1,2,1.6e-06,1.0e+00,5.6e-02,1.0e+00,1.0e-03,2.9e-02,global-SLGQG%QP,CASSLGQGDQPQHF,TRBV5-1*01,TRBJ1-5*01,none:none,1,0.000000,-,-,-,-,-,-,-,-,-,-,-

403,S%GLAGAGE,1.7e-03,1,2,3.3e-06,1.0e+00,1.2e-01,1.0e+00,1.0e-03,2.9e-02,global-S%GLAGAGE,CASSSGLAGAGEQFF,TRBV9*01,TRBJ2-1*01,none:none,1,0.000000,-,-,-,-,-,-,-,-,-,-,-
403,S%GLAGAGE,1.7e-03,1,2,3.3e-06,1.0e+00,1.2e-01,1.0e+00,1.0e-03,2.9e-02,global-S%GLAGAGE,CASSQGLAGAGELFF,TRBV19*01,TRBJ2-2*01,none:none,1,0.000000,-,-,-,-,-,-,-,-,-,-,-
403,S%GLAGAGE,1.7e-03,1,2,3.3e-06,1.0e+00,1.2e-01,1.0e+00,1.0e-03,2.9e-02,global-S%GLAGAGE,CASSQGLAGAGELFF,TRBV19*01,TRBJ2-2*01,none:none,1,0.000000,-,-,-,-,-,-,-,-,-,-,-

404,S%GAGGYNE,1.7e-03,1,2,2.9e-08,1.0e+00,1.0e-03,1.0e+00,1.0e-03,2.9e-02,global-S%GAGGYNE,CASSIGAGGYNEQFF,TRBV19*01,TRBJ2-1*01,none:none,1,0.000000,-,-,-,-,-,-,-,-,-,-,-
404,S%GAGGYNE,1.7e-03,1,2,2.9e-08,1.0e+00,1.0e-03,1.0e+00,1.0e-03,2.9e-02,global-S%GAGGYNE,CASSYGAGGYNEQFF,TRBV6-3*01,TRBJ2-1*01,none:none,1,0.000000,-,-,-,-,-,-,-,-,-,-,-
404,S%GAGGYNE,1.7e-03,1,2,2.9e-08,1.0e+00,1.0e-03,1.0e+00,1.0e-03,2.9e-02,global-S%GAGGYNE,CASSYGAGGYNEQFF,TRBV6-3*01,TRBJ2-1*01,none:none,1,0.000000,-,-,-,-,-,-,-,-,-,-,-
404,S%GAGGYNE,1.7e-03,1,2,2.9e-08,1.0e+00,1.0e-03,1.0e+00,1.0e-03,2.9e-02,global-S%GAGGYNE,CASSYGAGGYNEQFF,TRBV6-3*01,TRBJ2-1*01,none:none,1,0.000000,-,-,-,-,-,-,-,-,-,-,-
404,S%GAGGYNE,1.7e-03,1,2,2.9e-08,1.0e+00,1.0e-03,1.0e+00,1.0e-03,2.9e-02,global-S%GAGGYNE,CASSYGAGGYNEQFF,TRBV6-3*01,TRBJ2-1*01,none:none,1,0.000000,-,-,-,-,-,-,-,-,-,-,-
404,S%GAGGYNE,1.7e-03,1,2,2.9e-08,1.0e+00,1.0e-03,1.0e+00,1.0e-03,2.9e-02,global-S%GAGGYNE,CASSYGAGGYNEQFF,TRBV6-3*01,TRBJ2-1*01,none:none,1,0.000000,-,-,-,-,-,-,-,-,-,-,-
404,S%GAGGYNE,1.7e-03,1,2,2.9e-08,1.0e+00,1.0e-03,1.0e+00,1.0e-03,2.9e-02,global-S%GAGGYNE,CASSYGAGGYNEQFF,TRBV6-3*01,TRBJ2-1*01,none:none,1,0.000000,-,-,-,-,-,-,-,-,-,-,-
404,S%GAGGYNE,1.7e-03,1,2,2.9e-08,1.0e+00,1.0e-03,1.0e+00,1.0e-03,2.9e-02,global-S%GAGGYNE,CASSYGAGGYNEQFF,TRBV6-3*01,TRBJ2-1*01,none:none,1,0.000000,-,-,-,-,-,-,-,-,-,-,-
404,S%GAGGYNE,1.7e-03,1,2,2.9e-08,1.0e+00,1.0e-03,1.0e+00,1.0e-03,2.9e-02,global-S%GAGGYNE,CASSYGAGGYNEQFF,TRBV6-3*01,TRBJ2-1*01,none:none,1,0.000000,-,-,-,-,-,-,-,-,-,-,-
404,S%GAGGYNE,1.7e-03,1,2,2.9e-08,1.0e+00,1.0e-03,1.0e+00,1.0e-03,2.9e-02,global-S%GAGGYNE,CASSYGAGGYNEQFF,TRBV6-3*01,TRBJ2-1*01,none:none,1,0.000000,-,-,-,-,-,-,-,-,-,-,-
404,S%GAGGYNE,1.7e-03,1,2,2.9e-08,1.0e+00,1.0e-03,1.0e+00,1.0e-03,2.9e-02,global-S%GAGGYNE,CASSYGAGGYNEQFF,TRBV6-3*01,TRBJ2-1*01,none:none,1,0.000000,-,-,-,-,-,-,-,-,-,-,-

405,SSTSG%YNE,1.7e-03,1,2,1.7e-06,1.0e+00,5.7e-02,1.0e+00,1.0e-03,2.9e-02,global-SSTSG%YNE,CASSSTSGDYNEQFF,TRBV7-7*01,TRBJ2-1*01,none:none,1,0.000000,-,-,-,-,-,-,-,-,-,-,-
405,SSTSG%YNE,1.7e-03,1,2,1.7e-06,1.0e+00,5.7e-02,1.0e+00,1.0e-03,2.9e-02,global-SSTSG%YNE,CASSSTSGPYNEQFF,TRBV11-2*01,TRBJ2-1*01,none:none,1,0.000000,-,-,-,-,-,-,-,-,-,-,-

406,S%TDT,1.8e-03,1,4,2.2e-07,1.0e+00,9.4e-02,1.0e+00,1.0e-03,2.3e-03,global-S%TDT,CASSSTDTQYF,TRBV9*01,TRBJ2-3*01,none:none,1,0.000000,-,-,-,-,-,-,-,-,-,-,-
406,S%TDT,1.8e-03,1,4,2.2e-07,1.0e+00,9.4e-02,1.0e+00,1.0e-03,2.3e-03,global-S%TDT,CASSLTDTQYF,TRBV28*01,TRBJ2-3*01,none:none,1,0.000000,-,-,-,-,-,-,-,-,-,-,-
406,S%TDT,1.8e-03,1,4,2.2e-07,1.0e+00,9.4e-02,1.0e+00,1.0e-03,2.3e-03,global-S%TDT,CASSLTDTQYF,TRBV28*01,TRBJ2-3*01,none:none,1,0.000000,-,-,-,-,-,-,-,-,-,-,-
406,S%TDT,1.8e-03,1,4,2.2e-07,1.0e+00,9.4e-02,1.0e+00,1.0e-03,2.3e-03,global-S%TDT,CASSKTDTQYF,TRBV5-1*01,TRBJ2-3*01,none:none,1,0.000000,-,-,-,-,-,-,-,-,-,-,-
406,S%TDT,1.8e-03,1,4,2.2e-07,1.0e+00,9.4e-02,1.0e+00,1.0e-03,2.3e-03,global-S%TDT,CASSPTDTQYF,TRBV4-3*01,TRBJ2-3*01,none:none,1,0.000000,-,-,-,-,-,-,-,-,-,-,-

407,%LGNQP,2.1e-03,1,2,2.9e-08,1.0e+00,1.0e-03,1.0e+00,1.0e-03,2.9e-02,global-%LGNQP,CSATLGNQPQHF,TRBV20-1*01,TRBJ1-5*01,none:none,1,0.000000,-,-,-,-,-,-,-,-,-,-,-
407,%LGNQP,2.1e-03,1,2,2.9e-08,1.0e+00,1.0e-03,1.0e+00,1.0e-03,2.9e-02,global-%LGNQP,CSANLGNQPQHF,TRBV20-1*01,TRBJ1-5*01,none:none,1,0.000000,-,-,-,-,-,-,-,-,-,-,-

408,%GTGNTE,2.1e-03,1,2,2.9e-08,1.0e+00,1.0e-03,1.0e+00,1.0e-03,2.9e-02,global-%GTGNTE,CSVSGTGNTEAFF,TRBV29-1*01,TRBJ1-1*01,none:none,1,0.000000,-,-,-,-,-,-,-,-,-,-,-
408,%GTGNTE,2.1e-03,1,2,2.9e-08,1.0e+00,1.0e-03,1.0e+00,1.0e-03,2.9e-02,global-%GTGNTE,CSVAGTGNTEAFF,TRBV29-1*01,TRBJ1-1*01,none:none,1,0.000000,-,-,-,-,-,-,-,-,-,-,-

409,S%RAADT,2.1e-03,1,2,2.9e-08,1.0e+00,1.0e-03,1.0e+00,1.0e-03,2.9e-02,global-S%RAADT,CASSWRAADTQYF,TRBV19*01,TRBJ2-3*01,none:none,1,0.000000,-,-,-,-,-,-,-,-,-,-,-
409,S%RAADT,2.1e-03,1,2,2.9e-08,1.0e+00,1.0e-03,1.0e+00,1.0e-03,2.9e-02,global-S%RAADT,CASSTRAADTQYF,TRBV19*01,TRBJ2-3*01,none:none,1,0.000000,-,-,-,-,-,-,-,-,-,-,-

410,SF%GTDT,2.1e-03,1,2,1.6e-06,1.0e+00,5.5e-02,1.0e+00,1.0e-03,2.9e-02,global-SF%GTDT,CASSFSGTDTQYF,TRBV5-4*01,TRBJ2-3*01,none:none,1,0.000000,-,-,-,-,-,-,-,-,-,-,-
410,SF%GTDT,2.1e-03,1,2,1.6e-06,1.0e+00,5.5e-02,1.0e+00,1.0e-03,2.9e-02,global-SF%GTDT,CASSFAGTDTQYF,TRBV27*01,TRBJ2-3*01,none:none,1,0.000000,-,-,-,-,-,-,-,-,-,-,-

411,SS%DSYE,2.1e-03,1,2,1.7e-06,1.0e+00,5.9e-02,1.0e+00,1.0e-03,2.9e-02,global-SS%DSYE,CASSSTDSYEQYF,TRBV27*01,TRBJ2-7*01,none:none,1,0.000000,-,-,-,-,-,-,-,-,-,-,-
411,SS%DSYE,2.1e-03,1,2,1.7e-06,1.0e+00,5.9e-02,1.0e+00,1.0e-03,2.9e-02,global-SS%DSYE,CASSSRDSYEQYF,TRBV5-5*01,TRBJ2-7*01,none:none,1,0.000000,-,-,-,-,-,-,-,-,-,-,-

412,SD%STDT,2.1e-03,1,2,1.9e-06,1.0e+00,6.6e-02,1.0e+00,1.0e-03,2.9e-02,global-SD%STDT,CASSDSSTDTQYF,TRBV6-4*01,TRBJ2-3*01,none:none,1,0.000000,-,-,-,-,-,-,-,-,-,-,-
412,SD%STDT,2.1e-03,1,2,1.9e-06,1.0e+00,6.6e-02,1.0e+00,1.0e-03,2.9e-02,global-SD%STDT,CASSDLSTDTQYF,TRBV19*01,TRBJ2-3*01,none:none,1,0.000000,-,-,-,-,-,-,-,-,-,-,-

413,SLS%NQP,2.1e-03,1,2,1.5e-06,1.0e+00,5.3e-02,1.0e+00,1.0e-03,2.9e-02,global-SLS%NQP,CASSLSWNQPQHF,TRBV27*01,TRBJ1-5*01,none:none,1,0.000000,-,-,-,-,-,-,-,-,-,-,-
413,SLS%NQP,2.1e-03,1,2,1.5e-06,1.0e+00,5.3e-02,1.0e+00,1.0e-03,2.9e-02,global-SLS%NQP,CASSLSDNQPQHF,TRBV9*01,TRBJ1-5*01,none:none,1,0.000000,-,-,-,-,-,-,-,-,-,-,-

414,SLGR%NQP,2.1e-03,1,2,2.2e-06,1.0e+00,7.5e-02,1.0e+00,1.0e-03,2.9e-02,global-SLGR%NQP,CASSLGRGNQPQHF,TRBV5-5*01,TRBJ1-5*01,none:none,1,0.000000,-,-,-,-,-,-,-,-,-,-,-
414,SLGR%NQP,2.1e-03,1,2,2.2e-06,1.0e+00,7.5e-02,1.0e+00,1.0e-03,2.9e-02,global-SLGR%NQP,CASSLGRTNQPQHF,TRBV11-2*01,TRBJ1-5*01,none:none,1,0.000000,-,-,-,-,-,-,-,-,-,-,-

415,STGTG%NE,2.1e-03,1,2,2.9e-08,1.0e+00,1.0e-03,1.0e+00,1.0e-03,2.9e-02,global-STGTG%NE,CASSTGTGWNEQFF,TRBV27*01,TRBJ2-1*01,none:none,1,0.000000,-,-,-,-,-,-,-,-,-,-,-
415,STGTG%NE,2.1e-03,1,2,2.9e-08,1.0e+00,1.0e-03,1.0e+00,1.0e-03,2.9e-02,global-STGTG%NE,CASSTGTGNNEQFF,TRBV27*01,TRBJ2-1*01,none:none,1,0.000000,-,-,-,-,-,-,-,-,-,-,-

416,SSSGGA%E,2.1e-03,1,2,1.7e-06,1.0e+00,5.8e-02,1.0e+00,1.0e-03,2.9e-02,global-SSSGGA%E,CASSSSGGANEQFF,TRBV12-3*01,TRBJ2-1*01,none:none,1,0.000000,-,-,-,-,-,-,-,-,-,-,-
416,SSSGGA%E,2.1e-03,1,2,1.7e-06,1.0e+00,5.8e-02,1.0e+00,1.0e-03,2.9e-02,global-SSSGGA%E,CASSSSGGAGELFF,TRBV19*01,TRBJ2-2*01,none:none,1,0.000000,-,-,-,-,-,-,-,-,-,-,-

417,SEV%E,2.5e-03,1,2,1.6e-06,1.0e+00,5.5e-02,1.0e+00,1.0e-03,2.9e-02,global-SEV%E,CASSEVNEQFF,TRBV25-1*01,TRBJ2-1*01,none:none,1,0.000000,-,-,-,-,-,-,-,-,-,-,-
417,SEV%E,2.5e-03,1,2,1.6e-06,1.0e+00,5.5e-02,1.0e+00,1.0e-03,2.9e-02,global-SEV%E,CAWSEVHEQFF,TRBV30*01,TRBJ2-1*01,none:none,1,0.000000,-,-,-,-,-,-,-,-,-,-,-

418,S%GVYG,2.5e-03,1,2,2.9e-08,1.0e+00,1.0e-03,1.0e+00,1.0e-03,2.9e-02,global-S%GVYG,CASSIGVYGYTF,TRBV19*01,TRBJ1-2*01,none:none,1,0.000000,-,-,-,-,-,-,-,-,-,-,-
418,S%GVYG,2.5e-03,1,2,2.9e-08,1.0e+00,1.0e-03,1.0e+00,1.0e-03,2.9e-02,global-S%GVYG,CASSIGVYGYTF,TRBV19*01,TRBJ1-2*01,none:none,1,0.000000,-,-,-,-,-,-,-,-,-,-,-
418,S%GVYG,2.5e-03,1,2,2.9e-08,1.0e+00,1.0e-03,1.0e+00,1.0e-03,2.9e-02,global-S%GVYG,CASSIGVYGYTF,TRBV19*01,TRBJ1-2*01,none:none,1,0.000000,-,-,-,-,-,-,-,-,-,-,-
418,S%GVYG,2.5e-03,1,2,2.9e-08,1.0e+00,1.0e-03,1.0e+00,1.0e-03,2.9e-02,global-S%GVYG,CASSYGVYGYTF,TRBV19*01,TRBJ1-2*01,none:none,1,0.000000,-,-,-,-,-,-,-,-,-,-,-

419,SL%DNQP,2.5e-03,1,2,1.9e-06,1.0e+00,6.4e-02,1.0e+00,1.0e-03,2.9e-02,global-SL%DNQP,CASSLSDNQPQHF,TRBV9*01,TRBJ1-5*01,none:none,1,0.000000,-,-,-,-,-,-,-,-,-,-,-
419,SL%DNQP,2.5e-03,1,2,1.9e-06,1.0e+00,6.4e-02,1.0e+00,1.0e-03,2.9e-02,global-SL%DNQP,CASSLTDNQPQHF,TRBV7-9*01,TRBJ1-5*01,none:none,1,0.000000,-,-,-,-,-,-,-,-,-,-,-

420,ST%SNQP,2.5e-03,1,2,2.9e-08,1.0e+00,1.0e-03,1.0e+00,1.0e-03,2.9e-02,global-ST%SNQP,CASSTYSNQPQHF,TRBV19*01,TRBJ1-5*01,none:none,1,0.000000,-,-,-,-,-,-,-,-,-,-,-
420,ST%SNQP,2.5e-03,1,2,2.9e-08,1.0e+00,1.0e-03,1.0e+00,1.0e-03,2.9e-02,global-ST%SNQP,CASSTRSNQPQHF,TRBV19*01,TRBJ1-5*01,none:none,1,0.000000,-,-,-,-,-,-,-,-,-,-,-

421,SLP%YNE,2.5e-03,1,2,2.8e-06,1.0e+00,9.6e-02,1.0e+00,1.0e-03,2.9e-02,global-SLP%YNE,CASSLPGYNEQFF,TRBV7-2*01,TRBJ2-1*01,none:none,1,0.000000,-,-,-,-,-,-,-,-,-,-,-
421,SLP%YNE,2.5e-03,1,2,2.8e-06,1.0e+00,9.6e-02,1.0e+00,1.0e-03,2.9e-02,global-SLP%YNE,CASSLPGYNEQFF,TRBV7-2*01,TRBJ2-1*01,none:none,1,0.000000,-,-,-,-,-,-,-,-,-,-,-
421,SLP%YNE,2.5e-03,1,2,2.8e-06,1.0e+00,9.6e-02,1.0e+00,1.0e-03,2.9e-02,global-SLP%YNE,CASSLPDYNEQFF,TRBV5-1*01,TRBJ2-1*01,none:none,1,0.000000,-,-,-,-,-,-,-,-,-,-,-

422,SYG%GNQP,2.5e-03,1,2,1.8e-06,1.0e+00,6.1e-02,1.0e+00,1.0e-03,2.9e-02,global-SYG%GNQP,CASSYGLGNQPQHF,TRBV6-5*01,TRBJ1-5*01,none:none,1,0.000000,-,-,-,-,-,-,-,-,-,-,-
422,SYG%GNQP,2.5e-03,1,2,1.8e-06,1.0e+00,6.1e-02,1.0e+00,1.0e-03,2.9e-02,global-SYG%GNQP,CASSYGDGNQPQHF,TRBV6-3*01,TRBJ1-5*01,none:none,1,0.000000,-,-,-,-,-,-,-,-,-,-,-

423,SPG%SYNE,2.5e-03,1,2,2.0e-06,1.0e+00,6.9e-02,1.0e+00,1.0e-03,2.9e-02,global-SPG%SYNE,CASSPGTSYNEQFF,TRBV19*01,TRBJ2-1*01,none:none,1,0.000000,-,-,-,-,-,-,-,-,-,-,-
423,SPG%SYNE,2.5e-03,1,2,2.0e-06,1.0e+00,6.9e-02,1.0e+00,1.0e-03,2.9e-02,global-SPG%SYNE,CASSPGGSYNEQFF,TRBV18*01,TRBJ2-1*01,none:none,1,0.000000,-,-,-,-,-,-,-,-,-,-,-

424,SLLAG%YNE,2.5e-03,1,2,1.5e-07,1.0e+00,5.0e-03,1.0e+00,1.0e-03,2.9e-02,global-SLLAG%YNE,CASSLLAGEYNEQFF,TRBV4-1*01,TRBJ2-1*01,none:none,1,0.000000,-,-,-,-,-,-,-,-,-,-,-
424,SLLAG%YNE,2.5e-03,1,2,1.5e-07,1.0e+00,5.0e-03,1.0e+00,1.0e-03,2.9e-02,global-SLLAG%YNE,CASSLLAGEYNEQFF,TRBV4-1*01,TRBJ2-1*01,none:none,1,0.000000,-,-,-,-,-,-,-,-,-,-,-
424,SLLAG%YNE,2.5e-03,1,2,1.5e-07,1.0e+00,5.0e-03,1.0e+00,1.0e-03,2.9e-02,global-SLLAG%YNE,CASSLLAGEYNEQFF,TRBV4-1*01,TRBJ2-1*01,none:none,1,0.000000,-,-,-,-,-,-,-,-,-,-,-
424,SLLAG%YNE,2.5e-03,1,2,1.5e-07,1.0e+00,5.0e-03,1.0e+00,1.0e-03,2.9e-02,global-SLLAG%YNE,CASSLLAGEYNEQFF,TRBV4-1*01,TRBJ2-1*01,none:none,1,0.000000,-,-,-,-,-,-,-,-,-,-,-
424,SLLAG%YNE,2.5e-03,1,2,1.5e-07,1.0e+00,5.0e-03,1.0e+00,1.0e-03,2.9e-02,global-SLLAG%YNE,CASSLLAGPYNEQFF,TRBV19*01,TRBJ2-1*01,none:none,1,0.000000,-,-,-,-,-,-,-,-,-,-,-

425,S%GLYG,2.9e-03,1,2,2.9e-08,1.0e+00,1.0e-03,1.0e+00,1.0e-03,2.9e-02,global-S%GLYG,CASSFGLYGYTF,TRBV19*01,TRBJ1-2*01,none:none,1,0.000000,-,-,-,-,-,-,-,-,-,-,-
425,S%GLYG,2.9e-03,1,2,2.9e-08,1.0e+00,1.0e-03,1.0e+00,1.0e-03,2.9e-02,global-S%GLYG,CASSIGLYGYTF,TRBV19*01,TRBJ1-2*01,none:none,1,0.000000,-,-,-,-,-,-,-,-,-,-,-
425,S%GLYG,2.9e-03,1,2,2.9e-08,1.0e+00,1.0e-03,1.0e+00,1.0e-03,2.9e-02,global-S%GLYG,CASSIGLYGYTF,TRBV19*01,TRBJ1-2*01,none:none,1,0.000000,-,-,-,-,-,-,-,-,-,-,-
425,S%GLYG,2.9e-03,1,2,2.9e-08,1.0e+00,1.0e-03,1.0e+00,1.0e-03,2.9e-02,global-S%GLYG,CASSIGLYGYTF,TRBV19*01,TRBJ1-2*01,none:none,1,0.000000,-,-,-,-,-,-,-,-,-,-,-
425,S%GLYG,2.9e-03,1,2,2.9e-08,1.0e+00,1.0e-03,1.0e+00,1.0e-03,2.9e-02,global-S%GLYG,CASSIGLYGYTF,TRBV19*01,TRBJ1-2*01,none:none,1,0.000000,-,-,-,-,-,-,-,-,-,-,-

426,S%FTDT,2.9e-03,1,2,1.9e-06,1.0e+00,6.5e-02,1.0e+00,1.0e-03,2.9e-02,global-S%FTDT,CASSAFTDTQYF,TRBV9*01,TRBJ2-3*01,none:none,1,0.000000,-,-,-,-,-,-,-,-,-,-,-
426,S%FTDT,2.9e-03,1,2,1.9e-06,1.0e+00,6.5e-02,1.0e+00,1.0e-03,2.9e-02,global-S%FTDT,CASSLFTDTQYF,TRBV7-8*01,TRBJ2-3*01,none:none,1,0.000000,-,-,-,-,-,-,-,-,-,-,-

427,SL%GDYE,2.9e-03,1,2,1.7e-07,1.0e+00,6.0e-03,1.0e+00,1.0e-03,2.9e-02,global-SL%GDYE,CASSLWGDYEQYF,TRBV12-3*01,TRBJ2-7*01,none:none,1,0.000000,-,-,-,-,-,-,-,-,-,-,-
427,SL%GDYE,2.9e-03,1,2,1.7e-07,1.0e+00,6.0e-03,1.0e+00,1.0e-03,2.9e-02,global-SL%GDYE,CASSLWGDYEQYF,TRBV12-3*01,TRBJ2-7*01,none:none,1,0.000000,-,-,-,-,-,-,-,-,-,-,-
427,SL%GDYE,2.9e-03,1,2,1.7e-07,1.0e+00,6.0e-03,1.0e+00,1.0e-03,2.9e-02,global-SL%GDYE,CASSLWGDYEQYF,TRBV12-3*01,TRBJ2-7*01,none:none,1,0.000000,-,-,-,-,-,-,-,-,-,-,-
427,SL%GDYE,2.9e-03,1,2,1.7e-07,1.0e+00,6.0e-03,1.0e+00,1.0e-03,2.9e-02,global-SL%GDYE,CASSLWGDYEQYF,TRBV12-3*01,TRBJ2-7*01,none:none,1,0.000000,-,-,-,-,-,-,-,-,-,-,-
427,SL%GDYE,2.9e-03,1,2,1.7e-07,1.0e+00,6.0e-03,1.0e+00,1.0e-03,2.9e-02,global-SL%GDYE,CASSLAGDYEQYF,TRBV5-4*01,TRBJ2-7*01,none:none,1,0.000000,-,-,-,-,-,-,-,-,-,-,-

428,SF%STDT,2.9e-03,1,2,2.9e-08,1.0e+00,1.0e-03,1.0e+00,1.0e-03,2.9e-02,global-SF%STDT,CASSFISTDTQYF,TRBV19*01,TRBJ2-3*01,none:none,1,0.000000,-,-,-,-,-,-,-,-,-,-,-
428,SF%STDT,2.9e-03,1,2,2.9e-08,1.0e+00,1.0e-03,1.0e+00,1.0e-03,2.9e-02,global-SF%STDT,CASSFRSTDTQYF,TRBV19*01,TRBJ2-3*01,none:none,1,0.000000,-,-,-,-,-,-,-,-,-,-,-
428,SF%STDT,2.9e-03,1,2,2.9e-08,1.0e+00,1.0e-03,1.0e+00,1.0e-03,2.9e-02,global-SF%STDT,CASSFRSTDTQYF,TRBV19*01,TRBJ2-3*01,none:none,1,0.000000,-,-,-,-,-,-,-,-,-,-,-

429,SAG%TGE,2.9e-03,1,2,2.9e-08,1.0e+00,1.0e-03,1.0e+00,1.0e-03,2.9e-02,global-SAG%TGE,CATSAGYTGELFF,TRBV24-1*01,TRBJ2-2*01,none:none,1,0.000000,-,-,-,-,-,-,-,-,-,-,-
429,SAG%TGE,2.9e-03,1,2,2.9e-08,1.0e+00,1.0e-03,1.0e+00,1.0e-03,2.9e-02,global-SAG%TGE,CATSAGNTGELFF,TRBV24-1*01,TRBJ2-2*01,none:none,1,0.000000,-,-,-,-,-,-,-,-,-,-,-

430,SLG%GGSYE,2.9e-03,1,2,8.7e-08,1.0e+00,3.0e-03,1.0e+00,1.0e-03,2.9e-02,global-SLG%GGSYE,CASSLGSGGSYEQYF,TRBV5-6*01,TRBJ2-7*01,none:none,1,0.000000,-,-,-,-,-,-,-,-,-,-,-
430,SLG%GGSYE,2.9e-03,1,2,8.7e-08,1.0e+00,3.0e-03,1.0e+00,1.0e-03,2.9e-02,global-SLG%GGSYE,CASSLGTGGSYEQYF,TRBV3-1*01,TRBJ2-7*01,none:none,1,0.000000,-,-,-,-,-,-,-,-,-,-,-
430,SLG%GGSYE,2.9e-03,1,2,8.7e-08,1.0e+00,3.0e-03,1.0e+00,1.0e-03,2.9e-02,global-SLG%GGSYE,CASSLGTGGSYEQYF,TRBV3-1*01,TRBJ2-7*01,none:none,1,0.000000,-,-,-,-,-,-,-,-,-,-,-

431,S%QGATE,3.2e-03,1,3,1.1e-06,1.0e+00,1.8e-01,1.0e+00,1.0e-03,6.2e-03,global-S%QGATE,CASSKQGATEAFF,TRBV6-3*01,TRBJ1-1*01,none:none,1,0.000000,-,-,-,-,-,-,-,-,-,-,-
431,S%QGATE,3.2e-03,1,3,1.1e-06,1.0e+00,1.8e-01,1.0e+00,1.0e-03,6.2e-03,global-S%QGATE,CASSVQGATEAFF,TRBV19*01,TRBJ1-1*01,none:none,1,0.000000,-,-,-,-,-,-,-,-,-,-,-
431,S%QGATE,3.2e-03,1,3,1.1e-06,1.0e+00,1.8e-01,1.0e+00,1.0e-03,6.2e-03,global-S%QGATE,CASSQQGATEAFF,TRBV4-1*01,TRBJ1-1*01,none:none,1,0.000000,-,-,-,-,-,-,-,-,-,-,-

432,SY%NE,3.4e-03,1,2,1.9e-06,1.0e+00,6.6e-02,1.0e+00,1.0e-03,2.9e-02,global-SY%NE,CASSYYNEQFF,TRBV4-3*01,TRBJ2-1*01,none:none,1,0.000000,-,-,-,-,-,-,-,-,-,-,-
432,SY%NE,3.4e-03,1,2,1.9e-06,1.0e+00,6.6e-02,1.0e+00,1.0e-03,2.9e-02,global-SY%NE,CASSYTNEQFF,TRBV6-2*01,TRBJ2-1*01,none:none,1,0.000000,-,-,-,-,-,-,-,-,-,-,-

433,SFG%YE,3.4e-03,1,2,1.9e-06,1.0e+00,6.4e-02,1.0e+00,1.0e-03,2.9e-02,global-SFG%YE,CASSFGGYEQYF,TRBV28*01,TRBJ2-7*01,none:none,1,0.000000,-,-,-,-,-,-,-,-,-,-,-
433,SFG%YE,3.4e-03,1,2,1.9e-06,1.0e+00,6.4e-02,1.0e+00,1.0e-03,2.9e-02,global-SFG%YE,CASSFGVYEQYF,TRBV12-3*01,TRBJ2-7*01,none:none,1,0.000000,-,-,-,-,-,-,-,-,-,-,-

434,SLSG%E,3.4e-03,1,3,1.2e-06,1.0e+00,1.9e-01,1.0e+00,1.0e-03,6.2e-03,global-SLSG%E,CASSLSGYEAFF,TRBV12-3*01,TRBJ1-1*01,none:none,1,0.000000,-,-,-,-,-,-,-,-,-,-,-
434,SLSG%E,3.4e-03,1,3,1.2e-06,1.0e+00,1.9e-01,1.0e+00,1.0e-03,6.2e-03,global-SLSG%E,CASSLSGNEQFF,TRBV27*01,TRBJ2-1*01,none:none,1,0.000000,-,-,-,-,-,-,-,-,-,-,-
434,SLSG%E,3.4e-03,1,3,1.2e-06,1.0e+00,1.9e-01,1.0e+00,1.0e-03,6.2e-03,global-SLSG%E,CASSLSGYEQYF,TRBV28*01,TRBJ2-7*01,none:none,1,0.000000,-,-,-,-,-,-,-,-,-,-,-

435,S%RDSYE,3.4e-03,1,2,3.0e-06,1.0e+00,1.0e-01,1.0e+00,1.0e-03,2.9e-02,global-S%RDSYE,CASSSRDSYEQYF,TRBV5-5*01,TRBJ2-7*01,none:none,1,0.000000,-,-,-,-,-,-,-,-,-,-,-
435,S%RDSYE,3.4e-03,1,2,3.0e-06,1.0e+00,1.0e-01,1.0e+00,1.0e-03,2.9e-02,global-S%RDSYE,CASSFRDSYEQYF,TRBV7-9*01,TRBJ2-7*01,none:none,1,0.000000,-,-,-,-,-,-,-,-,-,-,-
435,S%RDSYE,3.4e-03,1,2,3.0e-06,1.0e+00,1.0e-01,1.0e+00,1.0e-03,2.9e-02,global-S%RDSYE,CASSFRDSYEQYF,TRBV7-9*01,TRBJ2-7*01,none:none,1,0.000000,-,-,-,-,-,-,-,-,-,-,-

436,SL%ATDT,3.4e-03,1,2,1.8e-06,1.0e+00,6.2e-02,1.0e+00,1.0e-03,2.9e-02,global-SL%ATDT,CASSLTATDTQYF,TRBV19*01,TRBJ2-3*01,none:none,1,0.000000,-,-,-,-,-,-,-,-,-,-,-
436,SL%ATDT,3.4e-03,1,2,1.8e-06,1.0e+00,6.2e-02,1.0e+00,1.0e-03,2.9e-02,global-SL%ATDT,CASSLMATDTQYF,TRBV7-3*01,TRBJ2-3*01,none:none,1,0.000000,-,-,-,-,-,-,-,-,-,-,-

437,SR%GTGE,3.4e-03,1,2,1.8e-06,1.0e+00,6.2e-02,1.0e+00,1.0e-03,2.9e-02,global-SR%GTGE,CASSRRGTGELFF,TRBV28*01,TRBJ2-2*01,none:none,1,0.000000,-,-,-,-,-,-,-,-,-,-,-
437,SR%GTGE,3.4e-03,1,2,1.8e-06,1.0e+00,6.2e-02,1.0e+00,1.0e-03,2.9e-02,global-SR%GTGE,CASSRDGTGELFF,TRBV7-2*01,TRBJ2-2*01,none:none,1,0.000000,-,-,-,-,-,-,-,-,-,-,-

438,S%SGGAGE,3.4e-03,1,2,2.3e-07,1.0e+00,8.0e-03,1.0e+00,1.0e-03,2.9e-02,global-S%SGGAGE,CASSYSGGAGELFF,TRBV3-1*01,TRBJ2-2*01,none:none,1,0.000000,-,-,-,-,-,-,-,-,-,-,-
438,S%SGGAGE,3.4e-03,1,2,2.3e-07,1.0e+00,8.0e-03,1.0e+00,1.0e-03,2.9e-02,global-S%SGGAGE,CASSYSGGAGELFF,TRBV3-1*01,TRBJ2-2*01,none:none,1,0.000000,-,-,-,-,-,-,-,-,-,-,-
438,S%SGGAGE,3.4e-03,1,2,2.3e-07,1.0e+00,8.0e-03,1.0e+00,1.0e-03,2.9e-02,global-S%SGGAGE,CASSYSGGAGELFF,TRBV3-1*01,TRBJ2-2*01,none:none,1,0.000000,-,-,-,-,-,-,-,-,-,-,-
438,S%SGGAGE,3.4e-03,1,2,2.3e-07,1.0e+00,8.0e-03,1.0e+00,1.0e-03,2.9e-02,global-S%SGGAGE,CASSYSGGAGELFF,TRBV3-1*01,TRBJ2-2*01,none:none,1,0.000000,-,-,-,-,-,-,-,-,-,-,-
438,S%SGGAGE,3.4e-03,1,2,2.3e-07,1.0e+00,8.0e-03,1.0e+00,1.0e-03,2.9e-02,global-S%SGGAGE,CASSSSGGAGELFF,TRBV19*01,TRBJ2-2*01,none:none,1,0.000000,-,-,-,-,-,-,-,-,-,-,-

439,SFG%NTGE,3.4e-03,1,2,2.9e-08,1.0e+00,1.0e-03,1.0e+00,1.0e-03,2.9e-02,global-SFG%NTGE,CASSFGLNTGELFF,TRBV27*01,TRBJ2-2*01,none:none,1,0.000000,-,-,-,-,-,-,-,-,-,-,-
439,SFG%NTGE,3.4e-03,1,2,2.9e-08,1.0e+00,1.0e-03,1.0e+00,1.0e-03,2.9e-02,global-SFG%NTGE,CASSFGGNTGELFF,TRBV27*01,TRBJ2-2*01,none:none,1,0.000000,-,-,-,-,-,-,-,-,-,-,-

440,SPGG%,3.9e-03,1,2,1.9e-06,1.0e+00,6.6e-02,1.0e+00,1.0e-03,2.9e-02,global-SPGG%,CASSPGGGYTF,TRBV5-6*01,TRBJ1-2*01,none:none,1,0.000000,-,-,-,-,-,-,-,-,-,-,-
440,SPGG%,3.9e-03,1,2,1.9e-06,1.0e+00,6.6e-02,1.0e+00,1.0e-03,2.9e-02,global-SPGG%,CASSPGGIAFF,TRBV3-1*01,TRBJ1-1*01,none:none,1,0.000000,-,-,-,-,-,-,-,-,-,-,-

441,S%VNQP,3.9e-03,1,2,1.7e-06,1.0e+00,5.7e-02,1.0e+00,1.0e-03,2.9e-02,global-S%VNQP,CASSFVNQPQHF,TRBV27*01,TRBJ1-5*01,none:none,1,0.000000,-,-,-,-,-,-,-,-,-,-,-
441,S%VNQP,3.9e-03,1,2,1.7e-06,1.0e+00,5.7e-02,1.0e+00,1.0e-03,2.9e-02,global-S%VNQP,CATSRVNQPQHF,TRBV15*01,TRBJ1-5*01,none:none,1,0.000000,-,-,-,-,-,-,-,-,-,-,-

442,%VYSNQP,3.9e-03,1,2,2.9e-08,1.0e+00,1.0e-03,1.0e+00,1.0e-03,2.9e-02,global-%VYSNQP,CASGVYSNQPQHF,TRBV19*01,TRBJ1-5*01,none:none,1,0.000000,-,-,-,-,-,-,-,-,-,-,-
442,%VYSNQP,3.9e-03,1,2,2.9e-08,1.0e+00,1.0e-03,1.0e+00,1.0e-03,2.9e-02,global-%VYSNQP,CASSVYSNQPQHF,TRBV19*01,TRBJ1-5*01,none:none,1,0.000000,-,-,-,-,-,-,-,-,-,-,-

443,SPS%SYE,3.9e-03,1,2,2.1e-06,1.0e+00,7.1e-02,1.0e+00,1.0e-03,2.9e-02,global-SPS%SYE,CASSPSLSYEQYF,TRBV6-5*01,TRBJ2-7*01,none:none,1,0.000000,-,-,-,-,-,-,-,-,-,-,-
443,SPS%SYE,3.9e-03,1,2,2.1e-06,1.0e+00,7.1e-02,1.0e+00,1.0e-03,2.9e-02,global-SPS%SYE,CASSPSSSYEQYF,TRBV12-4*01,TRBJ2-7*01,none:none,1,0.000000,-,-,-,-,-,-,-,-,-,-,-

444,SLGT%YG,3.9e-03,1,2,2.9e-08,1.0e+00,1.0e-03,1.0e+00,1.0e-03,2.9e-02,global-SLGT%YG,CASSLGTEYGYTF,TRBV12-3*01,TRBJ1-2*01,none:none,1,0.000000,-,-,-,-,-,-,-,-,-,-,-
444,SLGT%YG,3.9e-03,1,2,2.9e-08,1.0e+00,1.0e-03,1.0e+00,1.0e-03,2.9e-02,global-SLGT%YG,CASSLGTDYGYTF,TRBV12-3*01,TRBJ1-2*01,none:none,1,0.000000,-,-,-,-,-,-,-,-,-,-,-

445,SR%GRTDT,3.9e-03,1,2,2.0e-06,1.0e+00,6.7e-02,1.0e+00,1.0e-03,2.9e-02,global-SR%GRTDT,CASSRTGRTDTQYF,TRBV2*01,TRBJ2-3*01,none:none,1,0.000000,-,-,-,-,-,-,-,-,-,-,-
445,SR%GRTDT,3.9e-03,1,2,2.0e-06,1.0e+00,6.7e-02,1.0e+00,1.0e-03,2.9e-02,global-SR%GRTDT,CASSRAGRTDTQYF,TRBV19*01,TRBJ2-3*01,none:none,1,0.000000,-,-,-,-,-,-,-,-,-,-,-

446,SSPGQG%E,3.9e-03,1,2,1.6e-06,1.0e+00,5.6e-02,1.0e+00,1.0e-03,2.9e-02,global-SSPGQG%E,CASSSPGQGEEAFF,TRBV9*01,TRBJ1-1*01,none:none,1,0.000000,-,-,-,-,-,-,-,-,-,-,-
446,SSPGQG%E,3.9e-03,1,2,1.6e-06,1.0e+00,5.6e-02,1.0e+00,1.0e-03,2.9e-02,global-SSPGQG%E,CASSSPGQGTEAFF,TRBV2*01,TRBJ1-1*01,none:none,1,0.000000,-,-,-,-,-,-,-,-,-,-,-

447,SL%RGSYNE,3.9e-03,1,2,2.0e-06,1.0e+00,6.8e-02,1.0e+00,1.0e-03,2.9e-02,global-SL%RGSYNE,CASSLWRGSYNEQFF,TRBV28*01,TRBJ2-1*01,none:none,1,0.000000,-,-,-,-,-,-,-,-,-,-,-
447,SL%RGSYNE,3.9e-03,1,2,2.0e-06,1.0e+00,6.8e-02,1.0e+00,1.0e-03,2.9e-02,global-SL%RGSYNE,CASSLERGSYNEQFF,TRBV5-1*01,TRBJ2-1*01,none:none,1,0.000000,-,-,-,-,-,-,-,-,-,-,-

448,SD%GE,4.4e-03,1,2,1.3e-06,1.0e+00,4.6e-02,1.0e+00,1.0e-03,2.9e-02,global-SD%GE,CASSDSGELFF,TRBV9*01,TRBJ2-2*01,none:none,1,0.000000,-,-,-,-,-,-,-,-,-,-,-
448,SD%GE,4.4e-03,1,2,1.3e-06,1.0e+00,4.6e-02,1.0e+00,1.0e-03,2.9e-02,global-SD%GE,CASSDLGEQFF,TRBV7-9*01,TRBJ2-1*01,none:none,1,0.000000,-,-,-,-,-,-,-,-,-,-,-

449,SYT%E,4.4e-03,1,2,2.9e-08,1.0e+00,1.0e-03,1.0e+00,1.0e-03,2.9e-02,global-SYT%E,CASSYTNEQFF,TRBV6-2*01,TRBJ2-1*01,none:none,1,0.000000,-,-,-,-,-,-,-,-,-,-,-
449,SYT%E,4.4e-03,1,2,2.9e-08,1.0e+00,1.0e-03,1.0e+00,1.0e-03,2.9e-02,global-SYT%E,CASSYTYEQFF,TRBV6-2*01,TRBJ2-1*01,none:none,1,0.000000,-,-,-,-,-,-,-,-,-,-,-

450,SPS%GE,4.4e-03,1,2,1.5e-06,1.0e+00,5.3e-02,1.0e+00,1.0e-03,2.9e-02,global-SPS%GE,CASSPSFGELFF,TRBV7-9*01,TRBJ2-2*01,none:none,1,0.000000,-,-,-,-,-,-,-,-,-,-,-
450,SPS%GE,4.4e-03,1,2,1.5e-06,1.0e+00,5.3e-02,1.0e+00,1.0e-03,2.9e-02,global-SPS%GE,CASSPSTGELFF,TRBV7-2*01,TRBJ2-2*01,none:none,1,0.000000,-,-,-,-,-,-,-,-,-,-,-

451,SLEGE%,4.4e-03,1,2,1.9e-06,1.0e+00,6.6e-02,1.0e+00,1.0e-03,2.9e-02,global-SLEGE%,CASSLEGEGYTF,TRBV5-1*01,TRBJ1-2*01,none:none,1,0.000000,-,-,-,-,-,-,-,-,-,-,-
451,SLEGE%,4.4e-03,1,2,1.9e-06,1.0e+00,6.6e-02,1.0e+00,1.0e-03,2.9e-02,global-SLEGE%,CASSLEGETQYF,TRBV28*01,TRBJ2-5*01,none:none,1,0.000000,-,-,-,-,-,-,-,-,-,-,-

452,S%RAGGE,4.4e-03,1,2,1.5e-06,1.0e+00,5.3e-02,1.0e+00,1.0e-03,2.9e-02,global-S%RAGGE,CASSQRAGGELFF,TRBV6-1*01,TRBJ2-2*01,none:none,1,0.000000,-,-,-,-,-,-,-,-,-,-,-
452,S%RAGGE,4.4e-03,1,2,1.5e-06,1.0e+00,5.3e-02,1.0e+00,1.0e-03,2.9e-02,global-S%RAGGE,CASSYRAGGELFF,TRBV6-5*01,TRBJ2-2*01,none:none,1,0.000000,-,-,-,-,-,-,-,-,-,-,-

453,SG%SNQP,4.4e-03,1,2,2.9e-08,1.0e+00,1.0e-03,1.0e+00,1.0e-03,2.9e-02,global-SG%SNQP,CASSGLSNQPQHF,TRBV19*01,TRBJ1-5*01,none:none,1,0.000000,-,-,-,-,-,-,-,-,-,-,-
453,SG%SNQP,4.4e-03,1,2,2.9e-08,1.0e+00,1.0e-03,1.0e+00,1.0e-03,2.9e-02,global-SG%SNQP,CASSGVSNQPQHF,TRBV19*01,TRBJ1-5*01,none:none,1,0.000000,-,-,-,-,-,-,-,-,-,-,-

454,SV%GTDT,4.4e-03,1,2,1.9e-06,1.0e+00,6.5e-02,1.0e+00,1.0e-03,2.9e-02,global-SV%GTDT,CASSVFGTDTQYF,TRBV19*01,TRBJ2-3*01,none:none,1,0.000000,-,-,-,-,-,-,-,-,-,-,-
454,SV%GTDT,4.4e-03,1,2,1.9e-06,1.0e+00,6.5e-02,1.0e+00,1.0e-03,2.9e-02,global-SV%GTDT,CASSVGGTDTQYF,TRBV6-1*01,TRBJ2-3*01,none:none,1,0.000000,-,-,-,-,-,-,-,-,-,-,-

455,SLVG%GE,4.4e-03,1,2,1.8e-06,1.0e+00,6.1e-02,1.0e+00,1.0e-03,2.9e-02,global-SLVG%GE,CASSLVGTGELFF,TRBV7-3*01,TRBJ2-2*01,none:none,1,0.000000,-,-,-,-,-,-,-,-,-,-,-
455,SLVG%GE,4.4e-03,1,2,1.8e-06,1.0e+00,6.1e-02,1.0e+00,1.0e-03,2.9e-02,global-SLVG%GE,CASSLVGAGELFF,TRBV7-2*01,TRBJ2-2*01,none:none,1,0.000000,-,-,-,-,-,-,-,-,-,-,-

456,SP%NTE,4.5e-03,1,3,1.1e-06,1.0e+00,1.8e-01,1.0e+00,1.0e-03,6.2e-03,global-SP%NTE,CASSPGNTEAFF,TRBV6-5*01,TRBJ1-1*01,none:none,1,0.000000,-,-,-,-,-,-,-,-,-,-,-
456,SP%NTE,4.5e-03,1,3,1.1e-06,1.0e+00,1.8e-01,1.0e+00,1.0e-03,6.2e-03,global-SP%NTE,CASSPWNTEAFF,TRBV7-3*01,TRBJ1-1*01,none:none,1,0.000000,-,-,-,-,-,-,-,-,-,-,-
456,SP%NTE,4.5e-03,1,3,1.1e-06,1.0e+00,1.8e-01,1.0e+00,1.0e-03,6.2e-03,global-SP%NTE,CASSPANTEAFF,TRBV9*01,TRBJ1-1*01,none:none,1,0.000000,-,-,-,-,-,-,-,-,-,-,-

457,R%GNQP,4.8e-03,1,3,6.1e-07,1.0e+00,9.8e-02,1.0e+00,1.0e-03,6.2e-03,global-R%GNQP,CASRAGNQPQHF,TRBV7-9*01,TRBJ1-5*01,none:none,1,0.000000,-,-,-,-,-,-,-,-,-,-,-
457,R%GNQP,4.8e-03,1,3,6.1e-07,1.0e+00,9.8e-02,1.0e+00,1.0e-03,6.2e-03,global-R%GNQP,CSAREGNQPQHF,TRBV20-1*01,TRBJ1-5*01,none:none,1,0.000000,-,-,-,-,-,-,-,-,-,-,-
457,R%GNQP,4.8e-03,1,3,6.1e-07,1.0e+00,9.8e-02,1.0e+00,1.0e-03,6.2e-03,global-R%GNQP,CSARAGNQPQHF,TRBV20-1*01,TRBJ1-5*01,none:none,1,0.000000,-,-,-,-,-,-,-,-,-,-,-

458,%NE,5.0e-03,1,2,1.8e-06,1.0e+00,6.3e-02,1.0e+00,1.0e-03,2.9e-02,global-%NE,CASRNEQYF,TRBV27*01,TRBJ2-7*01,none:none,1,0.000000,-,-,-,-,-,-,-,-,-,-,-
458,%NE,5.0e-03,1,2,1.8e-06,1.0e+00,6.3e-02,1.0e+00,1.0e-03,2.9e-02,global-%NE,CSAHNEQFF,TRBV20-1*01,TRBJ2-1*01,none:none,1,0.000000,-,-,-,-,-,-,-,-,-,-,-

459,SLS%NE,5.0e-03,1,2,2.9e-08,1.0e+00,1.0e-03,1.0e+00,1.0e-03,2.9e-02,global-SLS%NE,CASSLSGNEQFF,TRBV27*01,TRBJ2-1*01,none:none,1,0.000000,-,-,-,-,-,-,-,-,-,-,-
459,SLS%NE,5.0e-03,1,2,2.9e-08,1.0e+00,1.0e-03,1.0e+00,1.0e-03,2.9e-02,global-SLS%NE,CASSLSSNEQFF,TRBV27*01,TRBJ2-1*01,none:none,1,0.000000,-,-,-,-,-,-,-,-,-,-,-

460,SPGQ%YE,5.0e-03,1,2,1.7e-06,1.0e+00,5.8e-02,1.0e+00,1.0e-03,2.9e-02,global-SPGQ%YE,CASSPGQLYEQYF,TRBV19*01,TRBJ2-7*01,none:none,1,0.000000,-,-,-,-,-,-,-,-,-,-,-
460,SPGQ%YE,5.0e-03,1,2,1.7e-06,1.0e+00,5.8e-02,1.0e+00,1.0e-03,2.9e-02,global-SPGQ%YE,CASSPGQGYEQYF,TRBV6-3*01,TRBJ2-7*01,none:none,1,0.000000,-,-,-,-,-,-,-,-,-,-,-

461,SLAGY%E,5.0e-03,1,2,6.4e-06,1.0e+00,2.2e-01,1.0e+00,1.0e-03,2.9e-02,global-SLAGY%E,CASSLAGYNEQFF,TRBV7-2*01,TRBJ2-1*01,none:none,1,0.000000,-,-,-,-,-,-,-,-,-,-,-
461,SLAGY%E,5.0e-03,1,2,6.4e-06,1.0e+00,2.2e-01,1.0e+00,1.0e-03,2.9e-02,global-SLAGY%E,CASSLAGYNEQFF,TRBV5-1*01,TRBJ2-1*01,none:none,1,0.000000,-,-,-,-,-,-,-,-,-,-,-
461,SLAGY%E,5.0e-03,1,2,6.4e-06,1.0e+00,2.2e-01,1.0e+00,1.0e-03,2.9e-02,global-SLAGY%E,CASSLAGYTEAFF,TRBV5-5*01,TRBJ1-1*01,none:none,1,0.000000,-,-,-,-,-,-,-,-,-,-,-

462,SL%GLSYE,5.0e-03,1,2,2.9e-08,1.0e+00,1.0e-03,1.0e+00,1.0e-03,2.9e-02,global-SL%GLSYE,CAWSLPGLSYEQYF,TRBV30*01,TRBJ2-7*01,none:none,1,0.000000,-,-,-,-,-,-,-,-,-,-,-
462,SL%GLSYE,5.0e-03,1,2,2.9e-08,1.0e+00,1.0e-03,1.0e+00,1.0e-03,2.9e-02,global-SL%GLSYE,CAWSLVGLSYEQYF,TRBV30*01,TRBJ2-7*01,none:none,1,0.000000,-,-,-,-,-,-,-,-,-,-,-

463,SF%GNTGE,5.0e-03,1,2,2.9e-08,1.0e+00,1.0e-03,1.0e+00,1.0e-03,2.9e-02,global-SF%GNTGE,CASSFSGNTGELFF,TRBV12-3*01,TRBJ2-2*01,none:none,1,0.000000,-,-,-,-,-,-,-,-,-,-,-
463,SF%GNTGE,5.0e-03,1,2,2.9e-08,1.0e+00,1.0e-03,1.0e+00,1.0e-03,2.9e-02,global-SF%GNTGE,CASSFSGNTGELFF,TRBV12-3*01,TRBJ2-2*01,none:none,1,0.000000,-,-,-,-,-,-,-,-,-,-,-
463,SF%GNTGE,5.0e-03,1,2,2.9e-08,1.0e+00,1.0e-03,1.0e+00,1.0e-03,2.9e-02,global-SF%GNTGE,CASSFSGNTGELFF,TRBV12-3*01,TRBJ2-2*01,none:none,1,0.000000,-,-,-,-,-,-,-,-,-,-,-
463,SF%GNTGE,5.0e-03,1,2,2.9e-08,1.0e+00,1.0e-03,1.0e+00,1.0e-03,2.9e-02,global-SF%GNTGE,CASSFSGNTGELFF,TRBV12-3*01,TRBJ2-2*01,none:none,1,0.000000,-,-,-,-,-,-,-,-,-,-,-
463,SF%GNTGE,5.0e-03,1,2,2.9e-08,1.0e+00,1.0e-03,1.0e+00,1.0e-03,2.9e-02,global-SF%GNTGE,CASSFSGNTGELFF,TRBV12-3*01,TRBJ2-2*01,none:none,1,0.000000,-,-,-,-,-,-,-,-,-,-,-
463,SF%GNTGE,5.0e-03,1,2,2.9e-08,1.0e+00,1.0e-03,1.0e+00,1.0e-03,2.9e-02,global-SF%GNTGE,CASSFSGNTGELFF,TRBV12-3*01,TRBJ2-2*01,none:none,1,0.000000,-,-,-,-,-,-,-,-,-,-,-
463,SF%GNTGE,5.0e-03,1,2,2.9e-08,1.0e+00,1.0e-03,1.0e+00,1.0e-03,2.9e-02,global-SF%GNTGE,CASSFSGNTGELFF,TRBV12-3*01,TRBJ2-2*01,none:none,1,0.000000,-,-,-,-,-,-,-,-,-,-,-
463,SF%GNTGE,5.0e-03,1,2,2.9e-08,1.0e+00,1.0e-03,1.0e+00,1.0e-03,2.9e-02,global-SF%GNTGE,CASSFSGNTGELFF,TRBV12-3*01,TRBJ2-2*01,none:none,1,0.000000,-,-,-,-,-,-,-,-,-,-,-
463,SF%GNTGE,5.0e-03,1,2,2.9e-08,1.0e+00,1.0e-03,1.0e+00,1.0e-03,2.9e-02,global-SF%GNTGE,CASSFSGNTGELFF,TRBV12-3*01,TRBJ2-2*01,none:none,1,0.000000,-,-,-,-,-,-,-,-,-,-,-
463,SF%GNTGE,5.0e-03,1,2,2.9e-08,1.0e+00,1.0e-03,1.0e+00,1.0e-03,2.9e-02,global-SF%GNTGE,CASSFSGNTGELFF,TRBV12-3*01,TRBJ2-2*01,none:none,1,0.000000,-,-,-,-,-,-,-,-,-,-,-
463,SF%GNTGE,5.0e-03,1,2,2.9e-08,1.0e+00,1.0e-03,1.0e+00,1.0e-03,2.9e-02,global-SF%GNTGE,CASSFSGNTGELFF,TRBV12-3*01,TRBJ2-2*01,none:none,1,0.000000,-,-,-,-,-,-,-,-,-,-,-
463,SF%GNTGE,5.0e-03,1,2,2.9e-08,1.0e+00,1.0e-03,1.0e+00,1.0e-03,2.9e-02,global-SF%GNTGE,CASSFSGNTGELFF,TRBV12-3*01,TRBJ2-2*01,none:none,1,0.000000,-,-,-,-,-,-,-,-,-,-,-
463,SF%GNTGE,5.0e-03,1,2,2.9e-08,1.0e+00,1.0e-03,1.0e+00,1.0e-03,2.9e-02,global-SF%GNTGE,CASSFSGNTGELFF,TRBV12-3*01,TRBJ2-2*01,none:none,1,0.000000,-,-,-,-,-,-,-,-,-,-,-
463,SF%GNTGE,5.0e-03,1,2,2.9e-08,1.0e+00,1.0e-03,1.0e+00,1.0e-03,2.9e-02,global-SF%GNTGE,CASSFSGNTGELFF,TRBV12-3*01,TRBJ2-2*01,none:none,1,0.000000,-,-,-,-,-,-,-,-,-,-,-
463,SF%GNTGE,5.0e-03,1,2,2.9e-08,1.0e+00,1.0e-03,1.0e+00,1.0e-03,2.9e-02,global-SF%GNTGE,CASSFSGNTGELFF,TRBV12-3*01,TRBJ2-2*01,none:none,1,0.000000,-,-,-,-,-,-,-,-,-,-,-
463,SF%GNTGE,5.0e-03,1,2,2.9e-08,1.0e+00,1.0e-03,1.0e+00,1.0e-03,2.9e-02,global-SF%GNTGE,CASSFSGNTGELFF,TRBV12-3*01,TRBJ2-2*01,none:none,1,0.000000,-,-,-,-,-,-,-,-,-,-,-
463,SF%GNTGE,5.0e-03,1,2,2.9e-08,1.0e+00,1.0e-03,1.0e+00,1.0e-03,2.9e-02,global-SF%GNTGE,CASSFSGNTGELFF,TRBV12-3*01,TRBJ2-2*01,none:none,1,0.000000,-,-,-,-,-,-,-,-,-,-,-
463,SF%GNTGE,5.0e-03,1,2,2.9e-08,1.0e+00,1.0e-03,1.0e+00,1.0e-03,2.9e-02,global-SF%GNTGE,CASSFSGNTGELFF,TRBV12-3*01,TRBJ2-2*01,none:none,1,0.000000,-,-,-,-,-,-,-,-,-,-,-
463,SF%GNTGE,5.0e-03,1,2,2.9e-08,1.0e+00,1.0e-03,1.0e+00,1.0e-03,2.9e-02,global-SF%GNTGE,CASSFSGNTGELFF,TRBV12-3*01,TRBJ2-2*01,none:none,1,0.000000,-,-,-,-,-,-,-,-,-,-,-
463,SF%GNTGE,5.0e-03,1,2,2.9e-08,1.0e+00,1.0e-03,1.0e+00,1.0e-03,2.9e-02,global-SF%GNTGE,CASSFSGNTGELFF,TRBV12-3*01,TRBJ2-2*01,none:none,1,0.000000,-,-,-,-,-,-,-,-,-,-,-
463,SF%GNTGE,5.0e-03,1,2,2.9e-08,1.0e+00,1.0e-03,1.0e+00,1.0e-03,2.9e-02,global-SF%GNTGE,CASSFSGNTGELFF,TRBV12-3*01,TRBJ2-2*01,none:none,1,0.000000,-,-,-,-,-,-,-,-,-,-,-
463,SF%GNTGE,5.0e-03,1,2,2.9e-08,1.0e+00,1.0e-03,1.0e+00,1.0e-03,2.9e-02,global-SF%GNTGE,CASSFSGNTGELFF,TRBV12-3*01,TRBJ2-2*01,none:none,1,0.000000,-,-,-,-,-,-,-,-,-,-,-
463,SF%GNTGE,5.0e-03,1,2,2.9e-08,1.0e+00,1.0e-03,1.0e+00,1.0e-03,2.9e-02,global-SF%GNTGE,CASSFSGNTGELFF,TRBV12-3*01,TRBJ2-2*01,none:none,1,0.000000,-,-,-,-,-,-,-,-,-,-,-
463,SF%GNTGE,5.0e-03,1,2,2.9e-08,1.0e+00,1.0e-03,1.0e+00,1.0e-03,2.9e-02,global-SF%GNTGE,CASSFSGNTGELFF,TRBV12-3*01,TRBJ2-2*01,none:none,1,0.000000,-,-,-,-,-,-,-,-,-,-,-
463,SF%GNTGE,5.0e-03,1,2,2.9e-08,1.0e+00,1.0e-03,1.0e+00,1.0e-03,2.9e-02,global-SF%GNTGE,CASSFSGNTGELFF,TRBV12-3*01,TRBJ2-2*01,none:none,1,0.000000,-,-,-,-,-,-,-,-,-,-,-
463,SF%GNTGE,5.0e-03,1,2,2.9e-08,1.0e+00,1.0e-03,1.0e+00,1.0e-03,2.9e-02,global-SF%GNTGE,CASSFSGNTGELFF,TRBV12-3*01,TRBJ2-2*01,none:none,1,0.000000,-,-,-,-,-,-,-,-,-,-,-
463,SF%GNTGE,5.0e-03,1,2,2.9e-08,1.0e+00,1.0e-03,1.0e+00,1.0e-03,2.9e-02,global-SF%GNTGE,CASSFSGNTGELFF,TRBV12-3*01,TRBJ2-2*01,none:none,1,0.000000,-,-,-,-,-,-,-,-,-,-,-
463,SF%GNTGE,5.0e-03,1,2,2.9e-08,1.0e+00,1.0e-03,1.0e+00,1.0e-03,2.9e-02,global-SF%GNTGE,CASSFSGNTGELFF,TRBV12-3*01,TRBJ2-2*01,none:none,1,0.000000,-,-,-,-,-,-,-,-,-,-,-
463,SF%GNTGE,5.0e-03,1,2,2.9e-08,1.0e+00,1.0e-03,1.0e+00,1.0e-03,2.9e-02,global-SF%GNTGE,CASSFSGNTGELFF,TRBV12-3*01,TRBJ2-2*01,none:none,1,0.000000,-,-,-,-,-,-,-,-,-,-,-
463,SF%GNTGE,5.0e-03,1,2,2.9e-08,1.0e+00,1.0e-03,1.0e+00,1.0e-03,2.9e-02,global-SF%GNTGE,CASSFSGNTGELFF,TRBV12-3*01,TRBJ2-2*01,none:none,1,0.000000,-,-,-,-,-,-,-,-,-,-,-
463,SF%GNTGE,5.0e-03,1,2,2.9e-08,1.0e+00,1.0e-03,1.0e+00,1.0e-03,2.9e-02,global-SF%GNTGE,CASSFSGNTGELFF,TRBV12-3*01,TRBJ2-2*01,none:none,1,0.000000,-,-,-,-,-,-,-,-,-,-,-
463,SF%GNTGE,5.0e-03,1,2,2.9e-08,1.0e+00,1.0e-03,1.0e+00,1.0e-03,2.9e-02,global-SF%GNTGE,CASSFSGNTGELFF,TRBV12-3*01,TRBJ2-2*01,none:none,1,0.000000,-,-,-,-,-,-,-,-,-,-,-
463,SF%GNTGE,5.0e-03,1,2,2.9e-08,1.0e+00,1.0e-03,1.0e+00,1.0e-03,2.9e-02,global-SF%GNTGE,CASSFSGNTGELFF,TRBV12-3*01,TRBJ2-2*01,none:none,1,0.000000,-,-,-,-,-,-,-,-,-,-,-
463,SF%GNTGE,5.0e-03,1,2,2.9e-08,1.0e+00,1.0e-03,1.0e+00,1.0e-03,2.9e-02,global-SF%GNTGE,CASSFSGNTGELFF,TRBV12-3*01,TRBJ2-2*01,none:none,1,0.000000,-,-,-,-,-,-,-,-,-,-,-
463,SF%GNTGE,5.0e-03,1,2,2.9e-08,1.0e+00,1.0e-03,1.0e+00,1.0e-03,2.9e-02,global-SF%GNTGE,CASSFSGNTGELFF,TRBV12-3*01,TRBJ2-2*01,none:none,1,0.000000,-,-,-,-,-,-,-,-,-,-,-
463,SF%GNTGE,5.0e-03,1,2,2.9e-08,1.0e+00,1.0e-03,1.0e+00,1.0e-03,2.9e-02,global-SF%GNTGE,CASSFSGNTGELFF,TRBV12-3*01,TRBJ2-2*01,none:none,1,0.000000,-,-,-,-,-,-,-,-,-,-,-
463,SF%GNTGE,5.0e-03,1,2,2.9e-08,1.0e+00,1.0e-03,1.0e+00,1.0e-03,2.9e-02,global-SF%GNTGE,CASSFSGNTGELFF,TRBV12-3*01,TRBJ2-2*01,none:none,1,0.000000,-,-,-,-,-,-,-,-,-,-,-
463,SF%GNTGE,5.0e-03,1,2,2.9e-08,1.0e+00,1.0e-03,1.0e+00,1.0e-03,2.9e-02,global-SF%GNTGE,CASSFSGNTGELFF,TRBV12-3*01,TRBJ2-2*01,none:none,1,0.000000,-,-,-,-,-,-,-,-,-,-,-
463,SF%GNTGE,5.0e-03,1,2,2.9e-08,1.0e+00,1.0e-03,1.0e+00,1.0e-03,2.9e-02,global-SF%GNTGE,CASSFSGNTGELFF,TRBV12-3*01,TRBJ2-2*01,none:none,1,0.000000,-,-,-,-,-,-,-,-,-,-,-
463,SF%GNTGE,5.0e-03,1,2,2.9e-08,1.0e+00,1.0e-03,1.0e+00,1.0e-03,2.9e-02,global-SF%GNTGE,CASSFSGNTGELFF,TRBV12-3*01,TRBJ2-2*01,none:none,1,0.000000,-,-,-,-,-,-,-,-,-,-,-
463,SF%GNTGE,5.0e-03,1,2,2.9e-08,1.0e+00,1.0e-03,1.0e+00,1.0e-03,2.9e-02,global-SF%GNTGE,CASSFSGNTGELFF,TRBV12-3*01,TRBJ2-2*01,none:none,1,0.000000,-,-,-,-,-,-,-,-,-,-,-
463,SF%GNTGE,5.0e-03,1,2,2.9e-08,1.0e+00,1.0e-03,1.0e+00,1.0e-03,2.9e-02,global-SF%GNTGE,CASSFSGNTGELFF,TRBV12-3*01,TRBJ2-2*01,none:none,1,0.000000,-,-,-,-,-,-,-,-,-,-,-
463,SF%GNTGE,5.0e-03,1,2,2.9e-08,1.0e+00,1.0e-03,1.0e+00,1.0e-03,2.9e-02,global-SF%GNTGE,CASSFSGNTGELFF,TRBV12-3*01,TRBJ2-2*01,none:none,1,0.000000,-,-,-,-,-,-,-,-,-,-,-
463,SF%GNTGE,5.0e-03,1,2,2.9e-08,1.0e+00,1.0e-03,1.0e+00,1.0e-03,2.9e-02,global-SF%GNTGE,CASSFSGNTGELFF,TRBV12-3*01,TRBJ2-2*01,none:none,1,0.000000,-,-,-,-,-,-,-,-,-,-,-
463,SF%GNTGE,5.0e-03,1,2,2.9e-08,1.0e+00,1.0e-03,1.0e+00,1.0e-03,2.9e-02,global-SF%GNTGE,CASSFSGNTGELFF,TRBV12-3*01,TRBJ2-2*01,none:none,1,0.000000,-,-,-,-,-,-,-,-,-,-,-
463,SF%GNTGE,5.0e-03,1,2,2.9e-08,1.0e+00,1.0e-03,1.0e+00,1.0e-03,2.9e-02,global-SF%GNTGE,CASSFSGNTGELFF,TRBV12-3*01,TRBJ2-2*01,none:none,1,0.000000,-,-,-,-,-,-,-,-,-,-,-
463,SF%GNTGE,5.0e-03,1,2,2.9e-08,1.0e+00,1.0e-03,1.0e+00,1.0e-03,2.9e-02,global-SF%GNTGE,CASSFSGNTGELFF,TRBV12-3*01,TRBJ2-2*01,none:none,1,0.000000,-,-,-,-,-,-,-,-,-,-,-
463,SF%GNTGE,5.0e-03,1,2,2.9e-08,1.0e+00,1.0e-03,1.0e+00,1.0e-03,2.9e-02,global-SF%GNTGE,CASSFSGNTGELFF,TRBV12-3*01,TRBJ2-2*01,none:none,1,0.000000,-,-,-,-,-,-,-,-,-,-,-
463,SF%GNTGE,5.0e-03,1,2,2.9e-08,1.0e+00,1.0e-03,1.0e+00,1.0e-03,2.9e-02,global-SF%GNTGE,CASSFSGNTGELFF,TRBV12-3*01,TRBJ2-2*01,none:none,1,0.000000,-,-,-,-,-,-,-,-,-,-,-
463,SF%GNTGE,5.0e-03,1,2,2.9e-08,1.0e+00,1.0e-03,1.0e+00,1.0e-03,2.9e-02,global-SF%GNTGE,CASSFSGNTGELFF,TRBV12-3*01,TRBJ2-2*01,none:none,1,0.000000,-,-,-,-,-,-,-,-,-,-,-
463,SF%GNTGE,5.0e-03,1,2,2.9e-08,1.0e+00,1.0e-03,1.0e+00,1.0e-03,2.9e-02,global-SF%GNTGE,CASSFSGNTGELFF,TRBV12-3*01,TRBJ2-2*01,none:none,1,0.000000,-,-,-,-,-,-,-,-,-,-,-
463,SF%GNTGE,5.0e-03,1,2,2.9e-08,1.0e+00,1.0e-03,1.0e+00,1.0e-03,2.9e-02,global-SF%GNTGE,CASSFSGNTGELFF,TRBV12-3*01,TRBJ2-2*01,none:none,1,0.000000,-,-,-,-,-,-,-,-,-,-,-
463,SF%GNTGE,5.0e-03,1,2,2.9e-08,1.0e+00,1.0e-03,1.0e+00,1.0e-03,2.9e-02,global-SF%GNTGE,CASSFSGNTGELFF,TRBV12-3*01,TRBJ2-2*01,none:none,1,0.000000,-,-,-,-,-,-,-,-,-,-,-
463,SF%GNTGE,5.0e-03,1,2,2.9e-08,1.0e+00,1.0e-03,1.0e+00,1.0e-03,2.9e-02,global-SF%GNTGE,CASSFSGNTGELFF,TRBV12-3*01,TRBJ2-2*01,none:none,1,0.000000,-,-,-,-,-,-,-,-,-,-,-
463,SF%GNTGE,5.0e-03,1,2,2.9e-08,1.0e+00,1.0e-03,1.0e+00,1.0e-03,2.9e-02,global-SF%GNTGE,CASSFSGNTGELFF,TRBV12-3*01,TRBJ2-2*01,none:none,1,0.000000,-,-,-,-,-,-,-,-,-,-,-
463,SF%GNTGE,5.0e-03,1,2,2.9e-08,1.0e+00,1.0e-03,1.0e+00,1.0e-03,2.9e-02,global-SF%GNTGE,CASSFSGNTGELFF,TRBV12-3*01,TRBJ2-2*01,none:none,1,0.000000,-,-,-,-,-,-,-,-,-,-,-
463,SF%GNTGE,5.0e-03,1,2,2.9e-08,1.0e+00,1.0e-03,1.0e+00,1.0e-03,2.9e-02,global-SF%GNTGE,CASSFSGNTGELFF,TRBV12-3*01,TRBJ2-2*01,none:none,1,0.000000,-,-,-,-,-,-,-,-,-,-,-
463,SF%GNTGE,5.0e-03,1,2,2.9e-08,1.0e+00,1.0e-03,1.0e+00,1.0e-03,2.9e-02,global-SF%GNTGE,CASSFSGNTGELFF,TRBV12-3*01,TRBJ2-2*01,none:none,1,0.000000,-,-,-,-,-,-,-,-,-,-,-
463,SF%GNTGE,5.0e-03,1,2,2.9e-08,1.0e+00,1.0e-03,1.0e+00,1.0e-03,2.9e-02,global-SF%GNTGE,CASSFSGNTGELFF,TRBV12-3*01,TRBJ2-2*01,none:none,1,0.000000,-,-,-,-,-,-,-,-,-,-,-
463,SF%GNTGE,5.0e-03,1,2,2.9e-08,1.0e+00,1.0e-03,1.0e+00,1.0e-03,2.9e-02,global-SF%GNTGE,CASSFSGNTGELFF,TRBV12-3*01,TRBJ2-2*01,none:none,1,0.000000,-,-,-,-,-,-,-,-,-,-,-
463,SF%GNTGE,5.0e-03,1,2,2.9e-08,1.0e+00,1.0e-03,1.0e+00,1.0e-03,2.9e-02,global-SF%GNTGE,CASSFSGNTGELFF,TRBV12-3*01,TRBJ2-2*01,none:none,1,0.000000,-,-,-,-,-,-,-,-,-,-,-
463,SF%GNTGE,5.0e-03,1,2,2.9e-08,1.0e+00,1.0e-03,1.0e+00,1.0e-03,2.9e-02,global-SF%GNTGE,CASSFSGNTGELFF,TRBV12-3*01,TRBJ2-2*01,none:none,1,0.000000,-,-,-,-,-,-,-,-,-,-,-
463,SF%GNTGE,5.0e-03,1,2,2.9e-08,1.0e+00,1.0e-03,1.0e+00,1.0e-03,2.9e-02,global-SF%GNTGE,CASSFSGNTGELFF,TRBV12-3*01,TRBJ2-2*01,none:none,1,0.000000,-,-,-,-,-,-,-,-,-,-,-
463,SF%GNTGE,5.0e-03,1,2,2.9e-08,1.0e+00,1.0e-03,1.0e+00,1.0e-03,2.9e-02,global-SF%GNTGE,CASSFSGNTGELFF,TRBV12-3*01,TRBJ2-2*01,none:none,1,0.000000,-,-,-,-,-,-,-,-,-,-,-
463,SF%GNTGE,5.0e-03,1,2,2.9e-08,1.0e+00,1.0e-03,1.0e+00,1.0e-03,2.9e-02,global-SF%GNTGE,CASSFSGNTGELFF,TRBV12-3*01,TRBJ2-2*01,none:none,1,0.000000,-,-,-,-,-,-,-,-,-,-,-
463,SF%GNTGE,5.0e-03,1,2,2.9e-08,1.0e+00,1.0e-03,1.0e+00,1.0e-03,2.9e-02,global-SF%GNTGE,CASSFSGNTGELFF,TRBV12-3*01,TRBJ2-2*01,none:none,1,0.000000,-,-,-,-,-,-,-,-,-,-,-
463,SF%GNTGE,5.0e-03,1,2,2.9e-08,1.0e+00,1.0e-03,1.0e+00,1.0e-03,2.9e-02,global-SF%GNTGE,CASSFSGNTGELFF,TRBV12-3*01,TRBJ2-2*01,none:none,1,0.000000,-,-,-,-,-,-,-,-,-,-,-
463,SF%GNTGE,5.0e-03,1,2,2.9e-08,1.0e+00,1.0e-03,1.0e+00,1.0e-03,2.9e-02,global-SF%GNTGE,CASSFSGNTGELFF,TRBV12-3*01,TRBJ2-2*01,none:none,1,0.000000,-,-,-,-,-,-,-,-,-,-,-
463,SF%GNTGE,5.0e-03,1,2,2.9e-08,1.0e+00,1.0e-03,1.0e+00,1.0e-03,2.9e-02,global-SF%GNTGE,CASSFSGNTGELFF,TRBV12-3*01,TRBJ2-2*01,none:none,1,0.000000,-,-,-,-,-,-,-,-,-,-,-
463,SF%GNTGE,5.0e-03,1,2,2.9e-08,1.0e+00,1.0e-03,1.0e+00,1.0e-03,2.9e-02,global-SF%GNTGE,CASSFSGNTGELFF,TRBV12-3*01,TRBJ2-2*01,none:none,1,0.000000,-,-,-,-,-,-,-,-,-,-,-
463,SF%GNTGE,5.0e-03,1,2,2.9e-08,1.0e+00,1.0e-03,1.0e+00,1.0e-03,2.9e-02,global-SF%GNTGE,CASSFSGNTGELFF,TRBV12-3*01,TRBJ2-2*01,none:none,1,0.000000,-,-,-,-,-,-,-,-,-,-,-
463,SF%GNTGE,5.0e-03,1,2,2.9e-08,1.0e+00,1.0e-03,1.0e+00,1.0e-03,2.9e-02,global-SF%GNTGE,CASSFSGNTGELFF,TRBV12-3*01,TRBJ2-2*01,none:none,1,0.000000,-,-,-,-,-,-,-,-,-,-,-
463,SF%GNTGE,5.0e-03,1,2,2.9e-08,1.0e+00,1.0e-03,1.0e+00,1.0e-03,2.9e-02,global-SF%GNTGE,CASSFSGNTGELFF,TRBV12-3*01,TRBJ2-2*01,none:none,1,0.000000,-,-,-,-,-,-,-,-,-,-,-
463,SF%GNTGE,5.0e-03,1,2,2.9e-08,1.0e+00,1.0e-03,1.0e+00,1.0e-03,2.9e-02,global-SF%GNTGE,CASSFSGNTGELFF,TRBV12-3*01,TRBJ2-2*01,none:none,1,0.000000,-,-,-,-,-,-,-,-,-,-,-
463,SF%GNTGE,5.0e-03,1,2,2.9e-08,1.0e+00,1.0e-03,1.0e+00,1.0e-03,2.9e-02,global-SF%GNTGE,CASSFSGNTGELFF,TRBV12-3*01,TRBJ2-2*01,none:none,1,0.000000,-,-,-,-,-,-,-,-,-,-,-
463,SF%GNTGE,5.0e-03,1,2,2.9e-08,1.0e+00,1.0e-03,1.0e+00,1.0e-03,2.9e-02,global-SF%GNTGE,CASSFSGNTGELFF,TRBV12-3*01,TRBJ2-2*01,none:none,1,0.000000,-,-,-,-,-,-,-,-,-,-,-
463,SF%GNTGE,5.0e-03,1,2,2.9e-08,1.0e+00,1.0e-03,1.0e+00,1.0e-03,2.9e-02,global-SF%GNTGE,CASSFSGNTGELFF,TRBV12-3*01,TRBJ2-2*01,none:none,1,0.000000,-,-,-,-,-,-,-,-,-,-,-
463,SF%GNTGE,5.0e-03,1,2,2.9e-08,1.0e+00,1.0e-03,1.0e+00,1.0e-03,2.9e-02,global-SF%GNTGE,CASSFSGNTGELFF,TRBV12-3*01,TRBJ2-2*01,none:none,1,0.000000,-,-,-,-,-,-,-,-,-,-,-
463,SF%GNTGE,5.0e-03,1,2,2.9e-08,1.0e+00,1.0e-03,1.0e+00,1.0e-03,2.9e-02,global-SF%GNTGE,CASSFSGNTGELFF,TRBV12-3*01,TRBJ2-2*01,none:none,1,0.000000,-,-,-,-,-,-,-,-,-,-,-
463,SF%GNTGE,5.0e-03,1,2,2.9e-08,1.0e+00,1.0e-03,1.0e+00,1.0e-03,2.9e-02,global-SF%GNTGE,CASSFSGNTGELFF,TRBV12-3*01,TRBJ2-2*01,none:none,1,0.000000,-,-,-,-,-,-,-,-,-,-,-
463,SF%GNTGE,5.0e-03,1,2,2.9e-08,1.0e+00,1.0e-03,1.0e+00,1.0e-03,2.9e-02,global-SF%GNTGE,CASSFSGNTGELFF,TRBV12-3*01,TRBJ2-2*01,none:none,1,0.000000,-,-,-,-,-,-,-,-,-,-,-
463,SF%GNTGE,5.0e-03,1,2,2.9e-08,1.0e+00,1.0e-03,1.0e+00,1.0e-03,2.9e-02,global-SF%GNTGE,CASSFSGNTGELFF,TRBV12-3*01,TRBJ2-2*01,none:none,1,0.000000,-,-,-,-,-,-,-,-,-,-,-
463,SF%GNTGE,5.0e-03,1,2,2.9e-08,1.0e+00,1.0e-03,1.0e+00,1.0e-03,2.9e-02,global-SF%GNTGE,CASSFSGNTGELFF,TRBV12-3*01,TRBJ2-2*01,none:none,1,0.000000,-,-,-,-,-,-,-,-,-,-,-
463,SF%GNTGE,5.0e-03,1,2,2.9e-08,1.0e+00,1.0e-03,1.0e+00,1.0e-03,2.9e-02,global-SF%GNTGE,CASSFSGNTGELFF,TRBV12-3*01,TRBJ2-2*01,none:none,1,0.000000,-,-,-,-,-,-,-,-,-,-,-
463,SF%GNTGE,5.0e-03,1,2,2.9e-08,1.0e+00,1.0e-03,1.0e+00,1.0e-03,2.9e-02,global-SF%GNTGE,CASSFSGNTGELFF,TRBV12-3*01,TRBJ2-2*01,none:none,1,0.000000,-,-,-,-,-,-,-,-,-,-,-
463,SF%GNTGE,5.0e-03,1,2,2.9e-08,1.0e+00,1.0e-03,1.0e+00,1.0e-03,2.9e-02,global-SF%GNTGE,CASSFSGNTGELFF,TRBV12-3*01,TRBJ2-2*01,none:none,1,0.000000,-,-,-,-,-,-,-,-,-,-,-
463,SF%GNTGE,5.0e-03,1,2,2.9e-08,1.0e+00,1.0e-03,1.0e+00,1.0e-03,2.9e-02,global-SF%GNTGE,CASSFSGNTGELFF,TRBV12-3*01,TRBJ2-2*01,none:none,1,0.000000,-,-,-,-,-,-,-,-,-,-,-
463,SF%GNTGE,5.0e-03,1,2,2.9e-08,1.0e+00,1.0e-03,1.0e+00,1.0e-03,2.9e-02,global-SF%GNTGE,CASSFSGNTGELFF,TRBV12-3*01,TRBJ2-2*01,none:none,1,0.000000,-,-,-,-,-,-,-,-,-,-,-
463,SF%GNTGE,5.0e-03,1,2,2.9e-08,1.0e+00,1.0e-03,1.0e+00,1.0e-03,2.9e-02,global-SF%GNTGE,CASSFSGNTGELFF,TRBV12-3*01,TRBJ2-2*01,none:none,1,0.000000,-,-,-,-,-,-,-,-,-,-,-
463,SF%GNTGE,5.0e-03,1,2,2.9e-08,1.0e+00,1.0e-03,1.0e+00,1.0e-03,2.9e-02,global-SF%GNTGE,CASSFSGNTGELFF,TRBV12-3*01,TRBJ2-2*01,none:none,1,0.000000,-,-,-,-,-,-,-,-,-,-,-
463,SF%GNTGE,5.0e-03,1,2,2.9e-08,1.0e+00,1.0e-03,1.0e+00,1.0e-03,2.9e-02,global-SF%GNTGE,CASSFGGNTGELFF,TRBV27*01,TRBJ2-2*01,none:none,1,0.000000,-,-,-,-,-,-,-,-,-,-,-

464,S%GAYG,5.6e-03,1,2,2.9e-08,1.0e+00,1.0e-03,1.0e+00,1.0e-03,2.9e-02,global-S%GAYG,CASSQGAYGYTF,TRBV19*01,TRBJ1-2*01,none:none,1,0.000000,-,-,-,-,-,-,-,-,-,-,-
464,S%GAYG,5.6e-03,1,2,2.9e-08,1.0e+00,1.0e-03,1.0e+00,1.0e-03,2.9e-02,global-S%GAYG,CASSQGAYGYTF,TRBV19*01,TRBJ1-2*01,none:none,1,0.000000,-,-,-,-,-,-,-,-,-,-,-
464,S%GAYG,5.6e-03,1,2,2.9e-08,1.0e+00,1.0e-03,1.0e+00,1.0e-03,2.9e-02,global-S%GAYG,CASSQGAYGYTF,TRBV19*01,TRBJ1-2*01,none:none,1,0.000000,-,-,-,-,-,-,-,-,-,-,-
464,S%GAYG,5.6e-03,1,2,2.9e-08,1.0e+00,1.0e-03,1.0e+00,1.0e-03,2.9e-02,global-S%GAYG,CASSQGAYGYTF,TRBV19*01,TRBJ1-2*01,none:none,1,0.000000,-,-,-,-,-,-,-,-,-,-,-
464,S%GAYG,5.6e-03,1,2,2.9e-08,1.0e+00,1.0e-03,1.0e+00,1.0e-03,2.9e-02,global-S%GAYG,CASSQGAYGYTF,TRBV19*01,TRBJ1-2*01,none:none,1,0.000000,-,-,-,-,-,-,-,-,-,-,-
464,S%GAYG,5.6e-03,1,2,2.9e-08,1.0e+00,1.0e-03,1.0e+00,1.0e-03,2.9e-02,global-S%GAYG,CASSIGAYGYTF,TRBV19*01,TRBJ1-2*01,none:none,1,0.000000,-,-,-,-,-,-,-,-,-,-,-
464,S%GAYG,5.6e-03,1,2,2.9e-08,1.0e+00,1.0e-03,1.0e+00,1.0e-03,2.9e-02,global-S%GAYG,CASSIGAYGYTF,TRBV19*01,TRBJ1-2*01,none:none,1,0.000000,-,-,-,-,-,-,-,-,-,-,-

465,GQGG%E,5.6e-03,1,2,1.6e-06,1.0e+00,5.6e-02,1.0e+00,1.0e-03,2.9e-02,global-GQGG%E,CSGGQGGGEQFF,TRBV29-1*01,TRBJ2-1*01,none:none,1,0.000000,-,-,-,-,-,-,-,-,-,-,-
465,GQGG%E,5.6e-03,1,2,1.6e-06,1.0e+00,5.6e-02,1.0e+00,1.0e-03,2.9e-02,global-GQGG%E,CASGQGGTEAFF,TRBV27*01,TRBJ1-1*01,none:none,1,0.000000,-,-,-,-,-,-,-,-,-,-,-

466,%GGLNTE,5.6e-03,1,2,2.0e-06,1.0e+00,6.9e-02,1.0e+00,1.0e-03,2.9e-02,global-%GGLNTE,CAWSGGLNTEAFF,TRBV30*01,TRBJ1-1*01,none:none,1,0.000000,-,-,-,-,-,-,-,-,-,-,-
466,%GGLNTE,5.6e-03,1,2,2.0e-06,1.0e+00,6.9e-02,1.0e+00,1.0e-03,2.9e-02,global-%GGLNTE,CASQGGLNTEAFF,TRBV27*01,TRBJ1-1*01,none:none,1,0.000000,-,-,-,-,-,-,-,-,-,-,-

467,S%GGAET,5.6e-03,1,2,2.9e-08,1.0e+00,1.0e-03,1.0e+00,1.0e-03,2.9e-02,global-S%GGAET,CASSFGGAETQYF,TRBV12-4*01,TRBJ2-5*01,none:none,1,0.000000,-,-,-,-,-,-,-,-,-,-,-
467,S%GGAET,5.6e-03,1,2,2.9e-08,1.0e+00,1.0e-03,1.0e+00,1.0e-03,2.9e-02,global-S%GGAET,CASSLGGAETQYF,TRBV12-4*01,TRBJ2-5*01,none:none,1,0.000000,-,-,-,-,-,-,-,-,-,-,-

468,S%GPGNE,5.6e-03,1,2,2.1e-06,1.0e+00,7.2e-02,1.0e+00,1.0e-03,2.9e-02,global-S%GPGNE,CASSPGPGNEQFF,TRBV7-9*01,TRBJ2-1*01,none:none,1,0.000000,-,-,-,-,-,-,-,-,-,-,-
468,S%GPGNE,5.6e-03,1,2,2.1e-06,1.0e+00,7.2e-02,1.0e+00,1.0e-03,2.9e-02,global-S%GPGNE,CASSWGPGNEQFF,TRBV6-3*01,TRBJ2-1*01,none:none,1,0.000000,-,-,-,-,-,-,-,-,-,-,-

469,S%GQGGEK,5.6e-03,1,2,1.5e-06,1.0e+00,5.1e-02,1.0e+00,1.0e-03,2.9e-02,global-S%GQGGEK,CASSSGQGGEKLFF,TRBV5-1*01,TRBJ1-4*01,none:none,1,0.000000,-,-,-,-,-,-,-,-,-,-,-
469,S%GQGGEK,5.6e-03,1,2,1.5e-06,1.0e+00,5.1e-02,1.0e+00,1.0e-03,2.9e-02,global-S%GQGGEK,CASSFGQGGEKLFF,TRBV27*01,TRBJ1-4*01,none:none,1,0.000000,-,-,-,-,-,-,-,-,-,-,-

470,SL%AGSYE,5.6e-03,1,2,1.9e-06,1.0e+00,6.6e-02,1.0e+00,1.0e-03,2.9e-02,global-SL%AGSYE,CASSLLAGSYEQYF,TRBV27*01,TRBJ2-7*01,none:none,1,0.000000,-,-,-,-,-,-,-,-,-,-,-
470,SL%AGSYE,5.6e-03,1,2,1.9e-06,1.0e+00,6.6e-02,1.0e+00,1.0e-03,2.9e-02,global-SL%AGSYE,CASSLVAGSYEQYF,TRBV7-2*01,TRBJ2-7*01,none:none,1,0.000000,-,-,-,-,-,-,-,-,-,-,-

471,S%LAGGQET,5.6e-03,1,2,1.3e-06,1.0e+00,4.6e-02,1.0e+00,1.0e-03,2.9e-02,global-S%LAGGQET,CASSTLAGGQETQYF,TRBV6-6*01,TRBJ2-5*01,none:none,1,0.000000,-,-,-,-,-,-,-,-,-,-,-
471,S%LAGGQET,5.6e-03,1,2,1.3e-06,1.0e+00,4.6e-02,1.0e+00,1.0e-03,2.9e-02,global-S%LAGGQET,CASSELAGGQETQYF,TRBV6-1*01,TRBJ2-5*01,none:none,1,0.000000,-,-,-,-,-,-,-,-,-,-,-

472,S%GGTE,6.1e-03,1,3,1.1e-06,1.0e+00,1.7e-01,1.0e+00,1.0e-03,6.2e-03,global-S%GGTE,CASSRGGTEAFF,TRBV27*01,TRBJ1-1*01,none:none,1,0.000000,-,-,-,-,-,-,-,-,-,-,-
472,S%GGTE,6.1e-03,1,3,1.1e-06,1.0e+00,1.7e-01,1.0e+00,1.0e-03,6.2e-03,global-S%GGTE,CASSVGGTEAFF,TRBV9*01,TRBJ1-1*01,none:none,1,0.000000,-,-,-,-,-,-,-,-,-,-,-
472,S%GGTE,6.1e-03,1,3,1.1e-06,1.0e+00,1.7e-01,1.0e+00,1.0e-03,6.2e-03,global-S%GGTE,CATSSGGTEAFF,TRBV15*01,TRBJ1-1*01,none:none,1,0.000000,-,-,-,-,-,-,-,-,-,-,-

473,SPGT%YG,6.2e-03,1,2,5.8e-06,1.0e+00,2.0e-01,1.0e+00,1.0e-03,2.9e-02,global-SPGT%YG,CASSPGTVYGYTF,TRBV27*01,TRBJ1-2*01,none:none,1,0.000000,-,-,-,-,-,-,-,-,-,-,-
473,SPGT%YG,6.2e-03,1,2,5.8e-06,1.0e+00,2.0e-01,1.0e+00,1.0e-03,2.9e-02,global-SPGT%YG,CASSPGTNYGYTF,TRBV12-3*01,TRBJ1-2*01,none:none,1,0.000000,-,-,-,-,-,-,-,-,-,-,-
473,SPGT%YG,6.2e-03,1,2,5.8e-06,1.0e+00,2.0e-01,1.0e+00,1.0e-03,2.9e-02,global-SPGT%YG,CASSPGTNYGYTF,TRBV12-4*01,TRBJ1-2*01,none:none,1,0.000000,-,-,-,-,-,-,-,-,-,-,-

474,SPG%GAYE,6.2e-03,1,2,1.7e-06,1.0e+00,5.7e-02,1.0e+00,1.0e-03,2.9e-02,global-SPG%GAYE,CASSPGTGAYEQYF,TRBV7-7*01,TRBJ2-7*01,none:none,1,0.000000,-,-,-,-,-,-,-,-,-,-,-
474,SPG%GAYE,6.2e-03,1,2,1.7e-06,1.0e+00,5.7e-02,1.0e+00,1.0e-03,2.9e-02,global-SPG%GAYE,CASSPGKGAYEQYF,TRBV7-2*01,TRBJ2-7*01,none:none,1,0.000000,-,-,-,-,-,-,-,-,-,-,-

475,S%GGGSNQP,6.2e-03,1,2,2.9e-08,1.0e+00,1.0e-03,1.0e+00,1.0e-03,2.9e-02,global-S%GGGSNQP,CASSLGGGSNQPQHF,TRBV27*01,TRBJ1-5*01,none:none,1,0.000000,-,-,-,-,-,-,-,-,-,-,-
475,S%GGGSNQP,6.2e-03,1,2,2.9e-08,1.0e+00,1.0e-03,1.0e+00,1.0e-03,2.9e-02,global-S%GGGSNQP,CASSRGGGSNQPQHF,TRBV27*01,TRBJ1-5*01,none:none,1,0.000000,-,-,-,-,-,-,-,-,-,-,-

476,S%GVYE,6.9e-03,1,2,1.9e-06,1.0e+00,6.6e-02,1.0e+00,1.0e-03,2.9e-02,global-S%GVYE,CASSSGVYEQYF,TRBV19*01,TRBJ2-7*01,none:none,1,0.000000,-,-,-,-,-,-,-,-,-,-,-
476,S%GVYE,6.9e-03,1,2,1.9e-06,1.0e+00,6.6e-02,1.0e+00,1.0e-03,2.9e-02,global-S%GVYE,CASSFGVYEQYF,TRBV12-3*01,TRBJ2-7*01,none:none,1,0.000000,-,-,-,-,-,-,-,-,-,-,-

477,SR%GEET,6.9e-03,1,2,1.7e-06,1.0e+00,6.0e-02,1.0e+00,1.0e-03,2.9e-02,global-SR%GEET,CASSRAGEETQYF,TRBV7-9*01,TRBJ2-5*01,none:none,1,0.000000,-,-,-,-,-,-,-,-,-,-,-
477,SR%GEET,6.9e-03,1,2,1.7e-06,1.0e+00,6.0e-02,1.0e+00,1.0e-03,2.9e-02,global-SR%GEET,CASSRGGEETQYF,TRBV25-1*01,TRBJ2-5*01,none:none,1,0.000000,-,-,-,-,-,-,-,-,-,-,-

478,SLT%TDT,6.9e-03,1,2,1.9e-06,1.0e+00,6.4e-02,1.0e+00,1.0e-03,2.9e-02,global-SLT%TDT,CASSLTRTDTQYF,TRBV7-9*01,TRBJ2-3*01,none:none,1,0.000000,-,-,-,-,-,-,-,-,-,-,-
478,SLT%TDT,6.9e-03,1,2,1.9e-06,1.0e+00,6.4e-02,1.0e+00,1.0e-03,2.9e-02,global-SLT%TDT,CASSLTATDTQYF,TRBV19*01,TRBJ2-3*01,none:none,1,0.000000,-,-,-,-,-,-,-,-,-,-,-

479,SVQG%TE,6.9e-03,1,2,1.7e-06,1.0e+00,5.8e-02,1.0e+00,1.0e-03,2.9e-02,global-SVQG%TE,CASSVQGATEAFF,TRBV19*01,TRBJ1-1*01,none:none,1,0.000000,-,-,-,-,-,-,-,-,-,-,-
479,SVQG%TE,6.9e-03,1,2,1.7e-06,1.0e+00,5.8e-02,1.0e+00,1.0e-03,2.9e-02,global-SVQG%TE,CASSVQGYTEAFF,TRBV28*01,TRBJ1-1*01,none:none,1,0.000000,-,-,-,-,-,-,-,-,-,-,-

480,S%YNE,7.3e-03,1,3,1.1e-06,1.0e+00,1.8e-01,1.0e+00,1.0e-03,6.2e-03,global-S%YNE,CASSFYNEQFF,TRBV7-8*01,TRBJ2-1*01,none:none,1,0.000000,-,-,-,-,-,-,-,-,-,-,-
480,S%YNE,7.3e-03,1,3,1.1e-06,1.0e+00,1.8e-01,1.0e+00,1.0e-03,6.2e-03,global-S%YNE,CASSYYNEQFF,TRBV4-3*01,TRBJ2-1*01,none:none,1,0.000000,-,-,-,-,-,-,-,-,-,-,-
480,S%YNE,7.3e-03,1,3,1.1e-06,1.0e+00,1.8e-01,1.0e+00,1.0e-03,6.2e-03,global-S%YNE,CASSPYNEQFF,TRBV28*01,TRBJ2-1*01,none:none,1,0.000000,-,-,-,-,-,-,-,-,-,-,-

481,S%GQP,7.6e-03,1,2,2.9e-08,1.0e+00,1.0e-03,1.0e+00,1.0e-03,2.9e-02,global-S%GQP,CASSVGQPQHF,TRBV19*01,TRBJ1-5*01,none:none,1,0.000000,-,-,-,-,-,-,-,-,-,-,-
481,S%GQP,7.6e-03,1,2,2.9e-08,1.0e+00,1.0e-03,1.0e+00,1.0e-03,2.9e-02,global-S%GQP,CASSTGQPQHF,TRBV19*01,TRBJ1-5*01,none:none,1,0.000000,-,-,-,-,-,-,-,-,-,-,-

482,SPG%G,7.6e-03,1,2,1.9e-06,1.0e+00,6.6e-02,1.0e+00,1.0e-03,2.9e-02,global-SPG%G,CASSPGGGYTF,TRBV5-6*01,TRBJ1-2*01,none:none,1,0.000000,-,-,-,-,-,-,-,-,-,-,-
482,SPG%G,7.6e-03,1,2,1.9e-06,1.0e+00,6.6e-02,1.0e+00,1.0e-03,2.9e-02,global-SPG%G,CASSPGQGWFF,TRBV28*01,TRBJ2-1*01,none:none,1,0.000000,-,-,-,-,-,-,-,-,-,-,-

483,SLSS%E,7.6e-03,1,2,2.0e-06,1.0e+00,7.0e-02,1.0e+00,1.0e-03,2.9e-02,global-SLSS%E,CASSLSSNEQFF,TRBV27*01,TRBJ2-1*01,none:none,1,0.000000,-,-,-,-,-,-,-,-,-,-,-
483,SLSS%E,7.6e-03,1,2,2.0e-06,1.0e+00,7.0e-02,1.0e+00,1.0e-03,2.9e-02,global-SLSS%E,CAWSLSSGELFF,TRBV30*01,TRBJ2-2*01,none:none,1,0.000000,-,-,-,-,-,-,-,-,-,-,-

484,SP%SSYE,7.6e-03,1,2,2.3e-06,1.0e+00,7.8e-02,1.0e+00,1.0e-03,2.9e-02,global-SP%SSYE,CASSPSSSYEQYF,TRBV12-4*01,TRBJ2-7*01,none:none,1,0.000000,-,-,-,-,-,-,-,-,-,-,-
484,SP%SSYE,7.6e-03,1,2,2.3e-06,1.0e+00,7.8e-02,1.0e+00,1.0e-03,2.9e-02,global-SP%SSYE,CASSPRSSYEQYF,TRBV19*01,TRBJ2-7*01,none:none,1,0.000000,-,-,-,-,-,-,-,-,-,-,-

485,SP%GANV,7.6e-03,1,2,1.8e-06,1.0e+00,6.3e-02,1.0e+00,1.0e-03,2.9e-02,global-SP%GANV,CASSPSGANVLTF,TRBV27*01,TRBJ2-6*01,none:none,1,0.000000,-,-,-,-,-,-,-,-,-,-,-
485,SP%GANV,7.6e-03,1,2,1.8e-06,1.0e+00,6.3e-02,1.0e+00,1.0e-03,2.9e-02,global-SP%GANV,CASSPTGANVLTF,TRBV18*01,TRBJ2-6*01,none:none,1,0.000000,-,-,-,-,-,-,-,-,-,-,-

486,SL%GYTE,7.6e-03,1,2,2.4e-06,1.0e+00,8.2e-02,1.0e+00,1.0e-03,2.9e-02,global-SL%GYTE,CASSLEGYTEAFF,TRBV11-2*01,TRBJ1-1*01,none:none,1,0.000000,-,-,-,-,-,-,-,-,-,-,-
486,SL%GYTE,7.6e-03,1,2,2.4e-06,1.0e+00,8.2e-02,1.0e+00,1.0e-03,2.9e-02,global-SL%GYTE,CASSLAGYTEAFF,TRBV5-5*01,TRBJ1-1*01,none:none,1,0.000000,-,-,-,-,-,-,-,-,-,-,-

487,SPG%GNT,7.6e-03,1,2,1.8e-06,1.0e+00,6.1e-02,1.0e+00,1.0e-03,2.9e-02,global-SPG%GNT,CASSPGSGNTIYF,TRBV6-3*01,TRBJ1-3*01,none:none,1,0.000000,-,-,-,-,-,-,-,-,-,-,-
487,SPG%GNT,7.6e-03,1,2,1.8e-06,1.0e+00,6.1e-02,1.0e+00,1.0e-03,2.9e-02,global-SPG%GNT,CASSPGLGNTIYF,TRBV27*01,TRBJ1-3*01,none:none,1,0.000000,-,-,-,-,-,-,-,-,-,-,-

488,SPGQG%NE,7.6e-03,1,2,1.8e-06,1.0e+00,6.2e-02,1.0e+00,1.0e-03,2.9e-02,global-SPGQG%NE,CASSPGQGWNEQFF,TRBV4-3*01,TRBJ2-1*01,none:none,1,0.000000,-,-,-,-,-,-,-,-,-,-,-
488,SPGQG%NE,7.6e-03,1,2,1.8e-06,1.0e+00,6.2e-02,1.0e+00,1.0e-03,2.9e-02,global-SPGQG%NE,CSYSPGQGRNEQFF,TRBV29-1*01,TRBJ2-1*01,none:none,1,0.000000,-,-,-,-,-,-,-,-,-,-,-

489,SLGTG%NE,7.6e-03,1,2,2.9e-08,1.0e+00,1.0e-03,1.0e+00,1.0e-03,2.9e-02,global-SLGTG%NE,CASSLGTGHNEQFF,TRBV11-2*01,TRBJ2-1*01,none:none,1,0.000000,-,-,-,-,-,-,-,-,-,-,-
489,SLGTG%NE,7.6e-03,1,2,2.9e-08,1.0e+00,1.0e-03,1.0e+00,1.0e-03,2.9e-02,global-SLGTG%NE,CASSLGTGHNEQFF,TRBV11-2*01,TRBJ2-1*01,none:none,1,0.000000,-,-,-,-,-,-,-,-,-,-,-
489,SLGTG%NE,7.6e-03,1,2,2.9e-08,1.0e+00,1.0e-03,1.0e+00,1.0e-03,2.9e-02,global-SLGTG%NE,CASSLGTGENEQYF,TRBV11-2*01,TRBJ2-7*01,none:none,1,0.000000,-,-,-,-,-,-,-,-,-,-,-

490,%LGNTE,8.3e-03,1,2,2.0e-06,1.0e+00,7.0e-02,1.0e+00,1.0e-03,2.9e-02,global-%LGNTE,CASSLGNTEAFF,TRBV7-2*01,TRBJ1-1*01,none:none,1,0.000000,-,-,-,-,-,-,-,-,-,-,-
490,%LGNTE,8.3e-03,1,2,2.0e-06,1.0e+00,7.0e-02,1.0e+00,1.0e-03,2.9e-02,global-%LGNTE,CASTLGNTEAFF,TRBV12-4*01,TRBJ1-1*01,none:none,1,0.000000,-,-,-,-,-,-,-,-,-,-,-

491,%QGAGE,8.3e-03,1,2,1.9e-06,1.0e+00,6.4e-02,1.0e+00,1.0e-03,2.9e-02,global-%QGAGE,CASSQGAGELFF,TRBV12-4*01,TRBJ2-2*01,none:none,1,0.000000,-,-,-,-,-,-,-,-,-,-,-
491,%QGAGE,8.3e-03,1,2,1.9e-06,1.0e+00,6.4e-02,1.0e+00,1.0e-03,2.9e-02,global-%QGAGE,CASGQGAGELFF,TRBV12-3*01,TRBJ2-2*01,none:none,1,0.000000,-,-,-,-,-,-,-,-,-,-,-

492,S%RGTGE,8.3e-03,1,2,1.6e-06,1.0e+00,5.6e-02,1.0e+00,1.0e-03,2.9e-02,global-S%RGTGE,CASSRRGTGELFF,TRBV28*01,TRBJ2-2*01,none:none,1,0.000000,-,-,-,-,-,-,-,-,-,-,-
492,S%RGTGE,8.3e-03,1,2,1.6e-06,1.0e+00,5.6e-02,1.0e+00,1.0e-03,2.9e-02,global-S%RGTGE,CASSPRGTGELFF,TRBV9*01,TRBJ2-2*01,none:none,1,0.000000,-,-,-,-,-,-,-,-,-,-,-

493,S%GDTGE,8.3e-03,1,2,1.9e-06,1.0e+00,6.5e-02,1.0e+00,1.0e-03,2.9e-02,global-S%GDTGE,CASSSGDTGELFF,TRBV6-3*01,TRBJ2-2*01,none:none,1,0.000000,-,-,-,-,-,-,-,-,-,-,-
493,S%GDTGE,8.3e-03,1,2,1.9e-06,1.0e+00,6.5e-02,1.0e+00,1.0e-03,2.9e-02,global-S%GDTGE,CATSRGDTGELFF,TRBV15*01,TRBJ2-2*01,none:none,1,0.000000,-,-,-,-,-,-,-,-,-,-,-

494,%DSTDT,9.1e-03,1,2,1.7e-06,1.0e+00,6.0e-02,1.0e+00,1.0e-03,2.9e-02,global-%DSTDT,CASYDSTDTQYF,TRBV2*01,TRBJ2-3*01,none:none,1,0.000000,-,-,-,-,-,-,-,-,-,-,-
494,%DSTDT,9.1e-03,1,2,1.7e-06,1.0e+00,6.0e-02,1.0e+00,1.0e-03,2.9e-02,global-%DSTDT,CATGDSTDTQYF,TRBV24-1*01,TRBJ2-3*01,none:none,1,0.000000,-,-,-,-,-,-,-,-,-,-,-

495,S%GTYG,9.1e-03,1,2,1.8e-06,1.0e+00,6.2e-02,1.0e+00,1.0e-03,2.9e-02,global-S%GTYG,CASSIGTYGYTF,TRBV19*01,TRBJ1-2*01,none:none,1,0.000000,-,-,-,-,-,-,-,-,-,-,-
495,S%GTYG,9.1e-03,1,2,1.8e-06,1.0e+00,6.2e-02,1.0e+00,1.0e-03,2.9e-02,global-S%GTYG,CASSPGTYGYTF,TRBV12-3*01,TRBJ1-2*01,none:none,1,0.000000,-,-,-,-,-,-,-,-,-,-,-

496,SPG%TE,9.1e-03,1,2,1.7e-06,1.0e+00,5.9e-02,1.0e+00,1.0e-03,2.9e-02,global-SPG%TE,CASSPGSTEAFF,TRBV7-8*01,TRBJ1-1*01,none:none,1,0.000000,-,-,-,-,-,-,-,-,-,-,-
496,SPG%TE,9.1e-03,1,2,1.7e-06,1.0e+00,5.9e-02,1.0e+00,1.0e-03,2.9e-02,global-SPG%TE,CASSPGNTEAFF,TRBV6-5*01,TRBJ1-1*01,none:none,1,0.000000,-,-,-,-,-,-,-,-,-,-,-

497,S%AGDYE,9.1e-03,1,2,1.8e-06,1.0e+00,6.3e-02,1.0e+00,1.0e-03,2.9e-02,global-S%AGDYE,CASSPAGDYEQYF,TRBV19*01,TRBJ2-7*01,none:none,1,0.000000,-,-,-,-,-,-,-,-,-,-,-
497,S%AGDYE,9.1e-03,1,2,1.8e-06,1.0e+00,6.3e-02,1.0e+00,1.0e-03,2.9e-02,global-S%AGDYE,CASSLAGDYEQYF,TRBV5-4*01,TRBJ2-7*01,none:none,1,0.000000,-,-,-,-,-,-,-,-,-,-,-

498,SL%AGQET,9.1e-03,1,2,2.9e-08,1.0e+00,1.0e-03,1.0e+00,1.0e-03,2.9e-02,global-SL%AGQET,CASSLLAGQETQYF,TRBV11-2*01,TRBJ2-5*01,none:none,1,0.000000,-,-,-,-,-,-,-,-,-,-,-
498,SL%AGQET,9.1e-03,1,2,2.9e-08,1.0e+00,1.0e-03,1.0e+00,1.0e-03,2.9e-02,global-SL%AGQET,CASSLSAGQETQYF,TRBV11-2*01,TRBJ2-5*01,none:none,1,0.000000,-,-,-,-,-,-,-,-,-,-,-

499,SFSG%TGE,9.1e-03,1,2,2.9e-08,1.0e+00,1.0e-03,1.0e+00,1.0e-03,2.9e-02,global-SFSG%TGE,CASSFSGNTGELFF,TRBV12-3*01,TRBJ2-2*01,none:none,1,0.000000,-,-,-,-,-,-,-,-,-,-,-
499,SFSG%TGE,9.1e-03,1,2,2.9e-08,1.0e+00,1.0e-03,1.0e+00,1.0e-03,2.9e-02,global-SFSG%TGE,CASSFSGNTGELFF,TRBV12-3*01,TRBJ2-2*01,none:none,1,0.000000,-,-,-,-,-,-,-,-,-,-,-
499,SFSG%TGE,9.1e-03,1,2,2.9e-08,1.0e+00,1.0e-03,1.0e+00,1.0e-03,2.9e-02,global-SFSG%TGE,CASSFSGNTGELFF,TRBV12-3*01,TRBJ2-2*01,none:none,1,0.000000,-,-,-,-,-,-,-,-,-,-,-
499,SFSG%TGE,9.1e-03,1,2,2.9e-08,1.0e+00,1.0e-03,1.0e+00,1.0e-03,2.9e-02,global-SFSG%TGE,CASSFSGNTGELFF,TRBV12-3*01,TRBJ2-2*01,none:none,1,0.000000,-,-,-,-,-,-,-,-,-,-,-
499,SFSG%TGE,9.1e-03,1,2,2.9e-08,1.0e+00,1.0e-03,1.0e+00,1.0e-03,2.9e-02,global-SFSG%TGE,CASSFSGNTGELFF,TRBV12-3*01,TRBJ2-2*01,none:none,1,0.000000,-,-,-,-,-,-,-,-,-,-,-
499,SFSG%TGE,9.1e-03,1,2,2.9e-08,1.0e+00,1.0e-03,1.0e+00,1.0e-03,2.9e-02,global-SFSG%TGE,CASSFSGNTGELFF,TRBV12-3*01,TRBJ2-2*01,none:none,1,0.000000,-,-,-,-,-,-,-,-,-,-,-
499,SFSG%TGE,9.1e-03,1,2,2.9e-08,1.0e+00,1.0e-03,1.0e+00,1.0e-03,2.9e-02,global-SFSG%TGE,CASSFSGNTGELFF,TRBV12-3*01,TRBJ2-2*01,none:none,1,0.000000,-,-,-,-,-,-,-,-,-,-,-
499,SFSG%TGE,9.1e-03,1,2,2.9e-08,1.0e+00,1.0e-03,1.0e+00,1.0e-03,2.9e-02,global-SFSG%TGE,CASSFSGNTGELFF,TRBV12-3*01,TRBJ2-2*01,none:none,1,0.000000,-,-,-,-,-,-,-,-,-,-,-
499,SFSG%TGE,9.1e-03,1,2,2.9e-08,1.0e+00,1.0e-03,1.0e+00,1.0e-03,2.9e-02,global-SFSG%TGE,CASSFSGNTGELFF,TRBV12-3*01,TRBJ2-2*01,none:none,1,0.000000,-,-,-,-,-,-,-,-,-,-,-
499,SFSG%TGE,9.1e-03,1,2,2.9e-08,1.0e+00,1.0e-03,1.0e+00,1.0e-03,2.9e-02,global-SFSG%TGE,CASSFSGNTGELFF,TRBV12-3*01,TRBJ2-2*01,none:none,1,0.000000,-,-,-,-,-,-,-,-,-,-,-
499,SFSG%TGE,9.1e-03,1,2,2.9e-08,1.0e+00,1.0e-03,1.0e+00,1.0e-03,2.9e-02,global-SFSG%TGE,CASSFSGNTGELFF,TRBV12-3*01,TRBJ2-2*01,none:none,1,0.000000,-,-,-,-,-,-,-,-,-,-,-
499,SFSG%TGE,9.1e-03,1,2,2.9e-08,1.0e+00,1.0e-03,1.0e+00,1.0e-03,2.9e-02,global-SFSG%TGE,CASSFSGNTGELFF,TRBV12-3*01,TRBJ2-2*01,none:none,1,0.000000,-,-,-,-,-,-,-,-,-,-,-
499,SFSG%TGE,9.1e-03,1,2,2.9e-08,1.0e+00,1.0e-03,1.0e+00,1.0e-03,2.9e-02,global-SFSG%TGE,CASSFSGNTGELFF,TRBV12-3*01,TRBJ2-2*01,none:none,1,0.000000,-,-,-,-,-,-,-,-,-,-,-
499,SFSG%TGE,9.1e-03,1,2,2.9e-08,1.0e+00,1.0e-03,1.0e+00,1.0e-03,2.9e-02,global-SFSG%TGE,CASSFSGNTGELFF,TRBV12-3*01,TRBJ2-2*01,none:none,1,0.000000,-,-,-,-,-,-,-,-,-,-,-
499,SFSG%TGE,9.1e-03,1,2,2.9e-08,1.0e+00,1.0e-03,1.0e+00,1.0e-03,2.9e-02,global-SFSG%TGE,CASSFSGNTGELFF,TRBV12-3*01,TRBJ2-2*01,none:none,1,0.000000,-,-,-,-,-,-,-,-,-,-,-
499,SFSG%TGE,9.1e-03,1,2,2.9e-08,1.0e+00,1.0e-03,1.0e+00,1.0e-03,2.9e-02,global-SFSG%TGE,CASSFSGNTGELFF,TRBV12-3*01,TRBJ2-2*01,none:none,1,0.000000,-,-,-,-,-,-,-,-,-,-,-
499,SFSG%TGE,9.1e-03,1,2,2.9e-08,1.0e+00,1.0e-03,1.0e+00,1.0e-03,2.9e-02,global-SFSG%TGE,CASSFSGNTGELFF,TRBV12-3*01,TRBJ2-2*01,none:none,1,0.000000,-,-,-,-,-,-,-,-,-,-,-
499,SFSG%TGE,9.1e-03,1,2,2.9e-08,1.0e+00,1.0e-03,1.0e+00,1.0e-03,2.9e-02,global-SFSG%TGE,CASSFSGNTGELFF,TRBV12-3*01,TRBJ2-2*01,none:none,1,0.000000,-,-,-,-,-,-,-,-,-,-,-
499,SFSG%TGE,9.1e-03,1,2,2.9e-08,1.0e+00,1.0e-03,1.0e+00,1.0e-03,2.9e-02,global-SFSG%TGE,CASSFSGNTGELFF,TRBV12-3*01,TRBJ2-2*01,none:none,1,0.000000,-,-,-,-,-,-,-,-,-,-,-
499,SFSG%TGE,9.1e-03,1,2,2.9e-08,1.0e+00,1.0e-03,1.0e+00,1.0e-03,2.9e-02,global-SFSG%TGE,CASSFSGNTGELFF,TRBV12-3*01,TRBJ2-2*01,none:none,1,0.000000,-,-,-,-,-,-,-,-,-,-,-
499,SFSG%TGE,9.1e-03,1,2,2.9e-08,1.0e+00,1.0e-03,1.0e+00,1.0e-03,2.9e-02,global-SFSG%TGE,CASSFSGNTGELFF,TRBV12-3*01,TRBJ2-2*01,none:none,1,0.000000,-,-,-,-,-,-,-,-,-,-,-
499,SFSG%TGE,9.1e-03,1,2,2.9e-08,1.0e+00,1.0e-03,1.0e+00,1.0e-03,2.9e-02,global-SFSG%TGE,CASSFSGNTGELFF,TRBV12-3*01,TRBJ2-2*01,none:none,1,0.000000,-,-,-,-,-,-,-,-,-,-,-
499,SFSG%TGE,9.1e-03,1,2,2.9e-08,1.0e+00,1.0e-03,1.0e+00,1.0e-03,2.9e-02,global-SFSG%TGE,CASSFSGNTGELFF,TRBV12-3*01,TRBJ2-2*01,none:none,1,0.000000,-,-,-,-,-,-,-,-,-,-,-
499,SFSG%TGE,9.1e-03,1,2,2.9e-08,1.0e+00,1.0e-03,1.0e+00,1.0e-03,2.9e-02,global-SFSG%TGE,CASSFSGNTGELFF,TRBV12-3*01,TRBJ2-2*01,none:none,1,0.000000,-,-,-,-,-,-,-,-,-,-,-
499,SFSG%TGE,9.1e-03,1,2,2.9e-08,1.0e+00,1.0e-03,1.0e+00,1.0e-03,2.9e-02,global-SFSG%TGE,CASSFSGNTGELFF,TRBV12-3*01,TRBJ2-2*01,none:none,1,0.000000,-,-,-,-,-,-,-,-,-,-,-
499,SFSG%TGE,9.1e-03,1,2,2.9e-08,1.0e+00,1.0e-03,1.0e+00,1.0e-03,2.9e-02,global-SFSG%TGE,CASSFSGNTGELFF,TRBV12-3*01,TRBJ2-2*01,none:none,1,0.000000,-,-,-,-,-,-,-,-,-,-,-
499,SFSG%TGE,9.1e-03,1,2,2.9e-08,1.0e+00,1.0e-03,1.0e+00,1.0e-03,2.9e-02,global-SFSG%TGE,CASSFSGNTGELFF,TRBV12-3*01,TRBJ2-2*01,none:none,1,0.000000,-,-,-,-,-,-,-,-,-,-,-
499,SFSG%TGE,9.1e-03,1,2,2.9e-08,1.0e+00,1.0e-03,1.0e+00,1.0e-03,2.9e-02,global-SFSG%TGE,CASSFSGNTGELFF,TRBV12-3*01,TRBJ2-2*01,none:none,1,0.000000,-,-,-,-,-,-,-,-,-,-,-
499,SFSG%TGE,9.1e-03,1,2,2.9e-08,1.0e+00,1.0e-03,1.0e+00,1.0e-03,2.9e-02,global-SFSG%TGE,CASSFSGNTGELFF,TRBV12-3*01,TRBJ2-2*01,none:none,1,0.000000,-,-,-,-,-,-,-,-,-,-,-
499,SFSG%TGE,9.1e-03,1,2,2.9e-08,1.0e+00,1.0e-03,1.0e+00,1.0e-03,2.9e-02,global-SFSG%TGE,CASSFSGNTGELFF,TRBV12-3*01,TRBJ2-2*01,none:none,1,0.000000,-,-,-,-,-,-,-,-,-,-,-
499,SFSG%TGE,9.1e-03,1,2,2.9e-08,1.0e+00,1.0e-03,1.0e+00,1.0e-03,2.9e-02,global-SFSG%TGE,CASSFSGNTGELFF,TRBV12-3*01,TRBJ2-2*01,none:none,1,0.000000,-,-,-,-,-,-,-,-,-,-,-
499,SFSG%TGE,9.1e-03,1,2,2.9e-08,1.0e+00,1.0e-03,1.0e+00,1.0e-03,2.9e-02,global-SFSG%TGE,CASSFSGNTGELFF,TRBV12-3*01,TRBJ2-2*01,none:none,1,0.000000,-,-,-,-,-,-,-,-,-,-,-
499,SFSG%TGE,9.1e-03,1,2,2.9e-08,1.0e+00,1.0e-03,1.0e+00,1.0e-03,2.9e-02,global-SFSG%TGE,CASSFSGNTGELFF,TRBV12-3*01,TRBJ2-2*01,none:none,1,0.000000,-,-,-,-,-,-,-,-,-,-,-
499,SFSG%TGE,9.1e-03,1,2,2.9e-08,1.0e+00,1.0e-03,1.0e+00,1.0e-03,2.9e-02,global-SFSG%TGE,CASSFSGNTGELFF,TRBV12-3*01,TRBJ2-2*01,none:none,1,0.000000,-,-,-,-,-,-,-,-,-,-,-
499,SFSG%TGE,9.1e-03,1,2,2.9e-08,1.0e+00,1.0e-03,1.0e+00,1.0e-03,2.9e-02,global-SFSG%TGE,CASSFSGNTGELFF,TRBV12-3*01,TRBJ2-2*01,none:none,1,0.000000,-,-,-,-,-,-,-,-,-,-,-
499,SFSG%TGE,9.1e-03,1,2,2.9e-08,1.0e+00,1.0e-03,1.0e+00,1.0e-03,2.9e-02,global-SFSG%TGE,CASSFSGNTGELFF,TRBV12-3*01,TRBJ2-2*01,none:none,1,0.000000,-,-,-,-,-,-,-,-,-,-,-
499,SFSG%TGE,9.1e-03,1,2,2.9e-08,1.0e+00,1.0e-03,1.0e+00,1.0e-03,2.9e-02,global-SFSG%TGE,CASSFSGNTGELFF,TRBV12-3*01,TRBJ2-2*01,none:none,1,0.000000,-,-,-,-,-,-,-,-,-,-,-
499,SFSG%TGE,9.1e-03,1,2,2.9e-08,1.0e+00,1.0e-03,1.0e+00,1.0e-03,2.9e-02,global-SFSG%TGE,CASSFSGNTGELFF,TRBV12-3*01,TRBJ2-2*01,none:none,1,0.000000,-,-,-,-,-,-,-,-,-,-,-
499,SFSG%TGE,9.1e-03,1,2,2.9e-08,1.0e+00,1.0e-03,1.0e+00,1.0e-03,2.9e-02,global-SFSG%TGE,CASSFSGNTGELFF,TRBV12-3*01,TRBJ2-2*01,none:none,1,0.000000,-,-,-,-,-,-,-,-,-,-,-
499,SFSG%TGE,9.1e-03,1,2,2.9e-08,1.0e+00,1.0e-03,1.0e+00,1.0e-03,2.9e-02,global-SFSG%TGE,CASSFSGNTGELFF,TRBV12-3*01,TRBJ2-2*01,none:none,1,0.000000,-,-,-,-,-,-,-,-,-,-,-
499,SFSG%TGE,9.1e-03,1,2,2.9e-08,1.0e+00,1.0e-03,1.0e+00,1.0e-03,2.9e-02,global-SFSG%TGE,CASSFSGNTGELFF,TRBV12-3*01,TRBJ2-2*01,none:none,1,0.000000,-,-,-,-,-,-,-,-,-,-,-
499,SFSG%TGE,9.1e-03,1,2,2.9e-08,1.0e+00,1.0e-03,1.0e+00,1.0e-03,2.9e-02,global-SFSG%TGE,CASSFSGNTGELFF,TRBV12-3*01,TRBJ2-2*01,none:none,1,0.000000,-,-,-,-,-,-,-,-,-,-,-
499,SFSG%TGE,9.1e-03,1,2,2.9e-08,1.0e+00,1.0e-03,1.0e+00,1.0e-03,2.9e-02,global-SFSG%TGE,CASSFSGNTGELFF,TRBV12-3*01,TRBJ2-2*01,none:none,1,0.000000,-,-,-,-,-,-,-,-,-,-,-
499,SFSG%TGE,9.1e-03,1,2,2.9e-08,1.0e+00,1.0e-03,1.0e+00,1.0e-03,2.9e-02,global-SFSG%TGE,CASSFSGNTGELFF,TRBV12-3*01,TRBJ2-2*01,none:none,1,0.000000,-,-,-,-,-,-,-,-,-,-,-
499,SFSG%TGE,9.1e-03,1,2,2.9e-08,1.0e+00,1.0e-03,1.0e+00,1.0e-03,2.9e-02,global-SFSG%TGE,CASSFSGNTGELFF,TRBV12-3*01,TRBJ2-2*01,none:none,1,0.000000,-,-,-,-,-,-,-,-,-,-,-
499,SFSG%TGE,9.1e-03,1,2,2.9e-08,1.0e+00,1.0e-03,1.0e+00,1.0e-03,2.9e-02,global-SFSG%TGE,CASSFSGNTGELFF,TRBV12-3*01,TRBJ2-2*01,none:none,1,0.000000,-,-,-,-,-,-,-,-,-,-,-
499,SFSG%TGE,9.1e-03,1,2,2.9e-08,1.0e+00,1.0e-03,1.0e+00,1.0e-03,2.9e-02,global-SFSG%TGE,CASSFSGNTGELFF,TRBV12-3*01,TRBJ2-2*01,none:none,1,0.000000,-,-,-,-,-,-,-,-,-,-,-
499,SFSG%TGE,9.1e-03,1,2,2.9e-08,1.0e+00,1.0e-03,1.0e+00,1.0e-03,2.9e-02,global-SFSG%TGE,CASSFSGNTGELFF,TRBV12-3*01,TRBJ2-2*01,none:none,1,0.000000,-,-,-,-,-,-,-,-,-,-,-
499,SFSG%TGE,9.1e-03,1,2,2.9e-08,1.0e+00,1.0e-03,1.0e+00,1.0e-03,2.9e-02,global-SFSG%TGE,CASSFSGNTGELFF,TRBV12-3*01,TRBJ2-2*01,none:none,1,0.000000,-,-,-,-,-,-,-,-,-,-,-
499,SFSG%TGE,9.1e-03,1,2,2.9e-08,1.0e+00,1.0e-03,1.0e+00,1.0e-03,2.9e-02,global-SFSG%TGE,CASSFSGNTGELFF,TRBV12-3*01,TRBJ2-2*01,none:none,1,0.000000,-,-,-,-,-,-,-,-,-,-,-
499,SFSG%TGE,9.1e-03,1,2,2.9e-08,1.0e+00,1.0e-03,1.0e+00,1.0e-03,2.9e-02,global-SFSG%TGE,CASSFSGNTGELFF,TRBV12-3*01,TRBJ2-2*01,none:none,1,0.000000,-,-,-,-,-,-,-,-,-,-,-
499,SFSG%TGE,9.1e-03,1,2,2.9e-08,1.0e+00,1.0e-03,1.0e+00,1.0e-03,2.9e-02,global-SFSG%TGE,CASSFSGNTGELFF,TRBV12-3*01,TRBJ2-2*01,none:none,1,0.000000,-,-,-,-,-,-,-,-,-,-,-
499,SFSG%TGE,9.1e-03,1,2,2.9e-08,1.0e+00,1.0e-03,1.0e+00,1.0e-03,2.9e-02,global-SFSG%TGE,CASSFSGNTGELFF,TRBV12-3*01,TRBJ2-2*01,none:none,1,0.000000,-,-,-,-,-,-,-,-,-,-,-
499,SFSG%TGE,9.1e-03,1,2,2.9e-08,1.0e+00,1.0e-03,1.0e+00,1.0e-03,2.9e-02,global-SFSG%TGE,CASSFSGNTGELFF,TRBV12-3*01,TRBJ2-2*01,none:none,1,0.000000,-,-,-,-,-,-,-,-,-,-,-
499,SFSG%TGE,9.1e-03,1,2,2.9e-08,1.0e+00,1.0e-03,1.0e+00,1.0e-03,2.9e-02,global-SFSG%TGE,CASSFSGNTGELFF,TRBV12-3*01,TRBJ2-2*01,none:none,1,0.000000,-,-,-,-,-,-,-,-,-,-,-
499,SFSG%TGE,9.1e-03,1,2,2.9e-08,1.0e+00,1.0e-03,1.0e+00,1.0e-03,2.9e-02,global-SFSG%TGE,CASSFSGNTGELFF,TRBV12-3*01,TRBJ2-2*01,none:none,1,0.000000,-,-,-,-,-,-,-,-,-,-,-
499,SFSG%TGE,9.1e-03,1,2,2.9e-08,1.0e+00,1.0e-03,1.0e+00,1.0e-03,2.9e-02,global-SFSG%TGE,CASSFSGNTGELFF,TRBV12-3*01,TRBJ2-2*01,none:none,1,0.000000,-,-,-,-,-,-,-,-,-,-,-
499,SFSG%TGE,9.1e-03,1,2,2.9e-08,1.0e+00,1.0e-03,1.0e+00,1.0e-03,2.9e-02,global-SFSG%TGE,CASSFSGNTGELFF,TRBV12-3*01,TRBJ2-2*01,none:none,1,0.000000,-,-,-,-,-,-,-,-,-,-,-
499,SFSG%TGE,9.1e-03,1,2,2.9e-08,1.0e+00,1.0e-03,1.0e+00,1.0e-03,2.9e-02,global-SFSG%TGE,CASSFSGNTGELFF,TRBV12-3*01,TRBJ2-2*01,none:none,1,0.000000,-,-,-,-,-,-,-,-,-,-,-
499,SFSG%TGE,9.1e-03,1,2,2.9e-08,1.0e+00,1.0e-03,1.0e+00,1.0e-03,2.9e-02,global-SFSG%TGE,CASSFSGNTGELFF,TRBV12-3*01,TRBJ2-2*01,none:none,1,0.000000,-,-,-,-,-,-,-,-,-,-,-
499,SFSG%TGE,9.1e-03,1,2,2.9e-08,1.0e+00,1.0e-03,1.0e+00,1.0e-03,2.9e-02,global-SFSG%TGE,CASSFSGNTGELFF,TRBV12-3*01,TRBJ2-2*01,none:none,1,0.000000,-,-,-,-,-,-,-,-,-,-,-
499,SFSG%TGE,9.1e-03,1,2,2.9e-08,1.0e+00,1.0e-03,1.0e+00,1.0e-03,2.9e-02,global-SFSG%TGE,CASSFSGNTGELFF,TRBV12-3*01,TRBJ2-2*01,none:none,1,0.000000,-,-,-,-,-,-,-,-,-,-,-
499,SFSG%TGE,9.1e-03,1,2,2.9e-08,1.0e+00,1.0e-03,1.0e+00,1.0e-03,2.9e-02,global-SFSG%TGE,CASSFSGNTGELFF,TRBV12-3*01,TRBJ2-2*01,none:none,1,0.000000,-,-,-,-,-,-,-,-,-,-,-
499,SFSG%TGE,9.1e-03,1,2,2.9e-08,1.0e+00,1.0e-03,1.0e+00,1.0e-03,2.9e-02,global-SFSG%TGE,CASSFSGNTGELFF,TRBV12-3*01,TRBJ2-2*01,none:none,1,0.000000,-,-,-,-,-,-,-,-,-,-,-
499,SFSG%TGE,9.1e-03,1,2,2.9e-08,1.0e+00,1.0e-03,1.0e+00,1.0e-03,2.9e-02,global-SFSG%TGE,CASSFSGNTGELFF,TRBV12-3*01,TRBJ2-2*01,none:none,1,0.000000,-,-,-,-,-,-,-,-,-,-,-
499,SFSG%TGE,9.1e-03,1,2,2.9e-08,1.0e+00,1.0e-03,1.0e+00,1.0e-03,2.9e-02,global-SFSG%TGE,CASSFSGNTGELFF,TRBV12-3*01,TRBJ2-2*01,none:none,1,0.000000,-,-,-,-,-,-,-,-,-,-,-
499,SFSG%TGE,9.1e-03,1,2,2.9e-08,1.0e+00,1.0e-03,1.0e+00,1.0e-03,2.9e-02,global-SFSG%TGE,CASSFSGNTGELFF,TRBV12-3*01,TRBJ2-2*01,none:none,1,0.000000,-,-,-,-,-,-,-,-,-,-,-
499,SFSG%TGE,9.1e-03,1,2,2.9e-08,1.0e+00,1.0e-03,1.0e+00,1.0e-03,2.9e-02,global-SFSG%TGE,CASSFSGNTGELFF,TRBV12-3*01,TRBJ2-2*01,none:none,1,0.000000,-,-,-,-,-,-,-,-,-,-,-
499,SFSG%TGE,9.1e-03,1,2,2.9e-08,1.0e+00,1.0e-03,1.0e+00,1.0e-03,2.9e-02,global-SFSG%TGE,CASSFSGNTGELFF,TRBV12-3*01,TRBJ2-2*01,none:none,1,0.000000,-,-,-,-,-,-,-,-,-,-,-
499,SFSG%TGE,9.1e-03,1,2,2.9e-08,1.0e+00,1.0e-03,1.0e+00,1.0e-03,2.9e-02,global-SFSG%TGE,CASSFSGNTGELFF,TRBV12-3*01,TRBJ2-2*01,none:none,1,0.000000,-,-,-,-,-,-,-,-,-,-,-
499,SFSG%TGE,9.1e-03,1,2,2.9e-08,1.0e+00,1.0e-03,1.0e+00,1.0e-03,2.9e-02,global-SFSG%TGE,CASSFSGNTGELFF,TRBV12-3*01,TRBJ2-2*01,none:none,1,0.000000,-,-,-,-,-,-,-,-,-,-,-
499,SFSG%TGE,9.1e-03,1,2,2.9e-08,1.0e+00,1.0e-03,1.0e+00,1.0e-03,2.9e-02,global-SFSG%TGE,CASSFSGNTGELFF,TRBV12-3*01,TRBJ2-2*01,none:none,1,0.000000,-,-,-,-,-,-,-,-,-,-,-
499,SFSG%TGE,9.1e-03,1,2,2.9e-08,1.0e+00,1.0e-03,1.0e+00,1.0e-03,2.9e-02,global-SFSG%TGE,CASSFSGNTGELFF,TRBV12-3*01,TRBJ2-2*01,none:none,1,0.000000,-,-,-,-,-,-,-,-,-,-,-
499,SFSG%TGE,9.1e-03,1,2,2.9e-08,1.0e+00,1.0e-03,1.0e+00,1.0e-03,2.9e-02,global-SFSG%TGE,CASSFSGNTGELFF,TRBV12-3*01,TRBJ2-2*01,none:none,1,0.000000,-,-,-,-,-,-,-,-,-,-,-
499,SFSG%TGE,9.1e-03,1,2,2.9e-08,1.0e+00,1.0e-03,1.0e+00,1.0e-03,2.9e-02,global-SFSG%TGE,CASSFSGNTGELFF,TRBV12-3*01,TRBJ2-2*01,none:none,1,0.000000,-,-,-,-,-,-,-,-,-,-,-
499,SFSG%TGE,9.1e-03,1,2,2.9e-08,1.0e+00,1.0e-03,1.0e+00,1.0e-03,2.9e-02,global-SFSG%TGE,CASSFSGNTGELFF,TRBV12-3*01,TRBJ2-2*01,none:none,1,0.000000,-,-,-,-,-,-,-,-,-,-,-
499,SFSG%TGE,9.1e-03,1,2,2.9e-08,1.0e+00,1.0e-03,1.0e+00,1.0e-03,2.9e-02,global-SFSG%TGE,CASSFSGNTGELFF,TRBV12-3*01,TRBJ2-2*01,none:none,1,0.000000,-,-,-,-,-,-,-,-,-,-,-
499,SFSG%TGE,9.1e-03,1,2,2.9e-08,1.0e+00,1.0e-03,1.0e+00,1.0e-03,2.9e-02,global-SFSG%TGE,CASSFSGNTGELFF,TRBV12-3*01,TRBJ2-2*01,none:none,1,0.000000,-,-,-,-,-,-,-,-,-,-,-
499,SFSG%TGE,9.1e-03,1,2,2.9e-08,1.0e+00,1.0e-03,1.0e+00,1.0e-03,2.9e-02,global-SFSG%TGE,CASSFSGNTGELFF,TRBV12-3*01,TRBJ2-2*01,none:none,1,0.000000,-,-,-,-,-,-,-,-,-,-,-
499,SFSG%TGE,9.1e-03,1,2,2.9e-08,1.0e+00,1.0e-03,1.0e+00,1.0e-03,2.9e-02,global-SFSG%TGE,CASSFSGNTGELFF,TRBV12-3*01,TRBJ2-2*01,none:none,1,0.000000,-,-,-,-,-,-,-,-,-,-,-
499,SFSG%TGE,9.1e-03,1,2,2.9e-08,1.0e+00,1.0e-03,1.0e+00,1.0e-03,2.9e-02,global-SFSG%TGE,CASSFSGNTGELFF,TRBV12-3*01,TRBJ2-2*01,none:none,1,0.000000,-,-,-,-,-,-,-,-,-,-,-
499,SFSG%TGE,9.1e-03,1,2,2.9e-08,1.0e+00,1.0e-03,1.0e+00,1.0e-03,2.9e-02,global-SFSG%TGE,CASSFSGNTGELFF,TRBV12-3*01,TRBJ2-2*01,none:none,1,0.000000,-,-,-,-,-,-,-,-,-,-,-
499,SFSG%TGE,9.1e-03,1,2,2.9e-08,1.0e+00,1.0e-03,1.0e+00,1.0e-03,2.9e-02,global-SFSG%TGE,CASSFSGNTGELFF,TRBV12-3*01,TRBJ2-2*01,none:none,1,0.000000,-,-,-,-,-,-,-,-,-,-,-
499,SFSG%TGE,9.1e-03,1,2,2.9e-08,1.0e+00,1.0e-03,1.0e+00,1.0e-03,2.9e-02,global-SFSG%TGE,CASSFSGNTGELFF,TRBV12-3*01,TRBJ2-2*01,none:none,1,0.000000,-,-,-,-,-,-,-,-,-,-,-
499,SFSG%TGE,9.1e-03,1,2,2.9e-08,1.0e+00,1.0e-03,1.0e+00,1.0e-03,2.9e-02,global-SFSG%TGE,CASSFSGNTGELFF,TRBV12-3*01,TRBJ2-2*01,none:none,1,0.000000,-,-,-,-,-,-,-,-,-,-,-
499,SFSG%TGE,9.1e-03,1,2,2.9e-08,1.0e+00,1.0e-03,1.0e+00,1.0e-03,2.9e-02,global-SFSG%TGE,CASSFSGNTGELFF,TRBV12-3*01,TRBJ2-2*01,none:none,1,0.000000,-,-,-,-,-,-,-,-,-,-,-
499,SFSG%TGE,9.1e-03,1,2,2.9e-08,1.0e+00,1.0e-03,1.0e+00,1.0e-03,2.9e-02,global-SFSG%TGE,CASSFSGNTGELFF,TRBV12-3*01,TRBJ2-2*01,none:none,1,0.000000,-,-,-,-,-,-,-,-,-,-,-
499,SFSG%TGE,9.1e-03,1,2,2.9e-08,1.0e+00,1.0e-03,1.0e+00,1.0e-03,2.9e-02,global-SFSG%TGE,CASSFSGNTGELFF,TRBV12-3*01,TRBJ2-2*01,none:none,1,0.000000,-,-,-,-,-,-,-,-,-,-,-
499,SFSG%TGE,9.1e-03,1,2,2.9e-08,1.0e+00,1.0e-03,1.0e+00,1.0e-03,2.9e-02,global-SFSG%TGE,CASSFSGNTGELFF,TRBV12-3*01,TRBJ2-2*01,none:none,1,0.000000,-,-,-,-,-,-,-,-,-,-,-
499,SFSG%TGE,9.1e-03,1,2,2.9e-08,1.0e+00,1.0e-03,1.0e+00,1.0e-03,2.9e-02,global-SFSG%TGE,CASSFSGNTGELFF,TRBV12-3*01,TRBJ2-2*01,none:none,1,0.000000,-,-,-,-,-,-,-,-,-,-,-
499,SFSG%TGE,9.1e-03,1,2,2.9e-08,1.0e+00,1.0e-03,1.0e+00,1.0e-03,2.9e-02,global-SFSG%TGE,CASSFSGGTGELFF,TRBV12-3*01,TRBJ2-2*01,none:none,1,0.000000,-,-,-,-,-,-,-,-,-,-,-
499,SFSG%TGE,9.1e-03,1,2,2.9e-08,1.0e+00,1.0e-03,1.0e+00,1.0e-03,2.9e-02,global-SFSG%TGE,CASSFSGGTGELFF,TRBV12-3*01,TRBJ2-2*01,none:none,1,0.000000,-,-,-,-,-,-,-,-,-,-,-
499,SFSG%TGE,9.1e-03,1,2,2.9e-08,1.0e+00,1.0e-03,1.0e+00,1.0e-03,2.9e-02,global-SFSG%TGE,CASSFSGGTGELFF,TRBV12-3*01,TRBJ2-2*01,none:none,1,0.000000,-,-,-,-,-,-,-,-,-,-,-

500,SLGR%YE,9.8e-03,1,2,1.7e-06,1.0e+00,5.9e-02,1.0e+00,1.0e-03,2.9e-02,global-SLGR%YE,CASSLGRQYEQFF,TRBV28*01,TRBJ2-1*01,none:none,1,0.000000,-,-,-,-,-,-,-,-,-,-,-
500,SLGR%YE,9.8e-03,1,2,1.7e-06,1.0e+00,5.9e-02,1.0e+00,1.0e-03,2.9e-02,global-SLGR%YE,CSASLGRGYEQYF,TRBV20-1*01,TRBJ2-7*01,none:none,1,0.000000,-,-,-,-,-,-,-,-,-,-,-

501,S%SGGSYE,9.8e-03,1,2,1.7e-06,1.0e+00,5.9e-02,1.0e+00,1.0e-03,2.9e-02,global-S%SGGSYE,CASSFSGGSYEQYF,TRBV11-3*01,TRBJ2-7*01,none:none,1,0.000000,-,-,-,-,-,-,-,-,-,-,-
501,S%SGGSYE,9.8e-03,1,2,1.7e-06,1.0e+00,5.9e-02,1.0e+00,1.0e-03,2.9e-02,global-S%SGGSYE,CASSWSGGSYEQYF,TRBV7-9*01,TRBJ2-7*01,none:none,1,0.000000,-,-,-,-,-,-,-,-,-,-,-

502,G%NTE,1.1e-02,1,3,6.2e-09,1.0e+00,1.0e-03,1.0e+00,1.0e-03,6.2e-03,global-G%NTE,CSAGGNTEAFF,TRBV29-1*01,TRBJ1-1*01,none:none,1,0.000000,-,-,-,-,-,-,-,-,-,-,-
502,G%NTE,1.1e-02,1,3,6.2e-09,1.0e+00,1.0e-03,1.0e+00,1.0e-03,6.2e-03,global-G%NTE,CSAGGNTEAFF,TRBV29-1*01,TRBJ1-1*01,none:none,1,0.000000,-,-,-,-,-,-,-,-,-,-,-
502,G%NTE,1.1e-02,1,3,6.2e-09,1.0e+00,1.0e-03,1.0e+00,1.0e-03,6.2e-03,global-G%NTE,CSAGGNTEAFF,TRBV29-1*01,TRBJ1-1*01,none:none,1,0.000000,-,-,-,-,-,-,-,-,-,-,-
502,G%NTE,1.1e-02,1,3,6.2e-09,1.0e+00,1.0e-03,1.0e+00,1.0e-03,6.2e-03,global-G%NTE,CSAGGNTEAFF,TRBV29-1*01,TRBJ1-1*01,none:none,1,0.000000,-,-,-,-,-,-,-,-,-,-,-
502,G%NTE,1.1e-02,1,3,6.2e-09,1.0e+00,1.0e-03,1.0e+00,1.0e-03,6.2e-03,global-G%NTE,CSAGGNTEAFF,TRBV29-1*01,TRBJ1-1*01,none:none,1,0.000000,-,-,-,-,-,-,-,-,-,-,-
502,G%NTE,1.1e-02,1,3,6.2e-09,1.0e+00,1.0e-03,1.0e+00,1.0e-03,6.2e-03,global-G%NTE,CSAGGNTEAFF,TRBV29-1*01,TRBJ1-1*01,none:none,1,0.000000,-,-,-,-,-,-,-,-,-,-,-
502,G%NTE,1.1e-02,1,3,6.2e-09,1.0e+00,1.0e-03,1.0e+00,1.0e-03,6.2e-03,global-G%NTE,CSAGGNTEAFF,TRBV29-1*01,TRBJ1-1*01,none:none,1,0.000000,-,-,-,-,-,-,-,-,-,-,-
502,G%NTE,1.1e-02,1,3,6.2e-09,1.0e+00,1.0e-03,1.0e+00,1.0e-03,6.2e-03,global-G%NTE,CASGLNTEAFF,TRBV12-5*01,TRBJ1-1*01,none:none,1,0.000000,-,-,-,-,-,-,-,-,-,-,-
502,G%NTE,1.1e-02,1,3,6.2e-09,1.0e+00,1.0e-03,1.0e+00,1.0e-03,6.2e-03,global-G%NTE,CASGYNTEAFF,TRBV12-3*01,TRBJ1-1*01,none:none,1,0.000000,-,-,-,-,-,-,-,-,-,-,-

503,SFG%E,1.1e-02,1,3,1.3e-06,1.0e+00,2.1e-01,1.0e+00,1.0e-03,6.2e-03,global-SFG%E,CASSFGDEQFF,TRBV12-3*01,TRBJ2-1*01,none:none,1,0.000000,-,-,-,-,-,-,-,-,-,-,-
503,SFG%E,1.1e-02,1,3,1.3e-06,1.0e+00,2.1e-01,1.0e+00,1.0e-03,6.2e-03,global-SFG%E,CASSFGGEQFF,TRBV27*01,TRBJ2-1*01,none:none,1,0.000000,-,-,-,-,-,-,-,-,-,-,-
503,SFG%E,1.1e-02,1,3,1.3e-06,1.0e+00,2.1e-01,1.0e+00,1.0e-03,6.2e-03,global-SFG%E,CASSFGNEQFF,TRBV5-1*01,TRBJ2-1*01,none:none,1,0.000000,-,-,-,-,-,-,-,-,-,-,-

504,SL%TDT,1.1e-02,1,3,1.2e-06,1.0e+00,1.9e-01,1.0e+00,1.0e-03,6.2e-03,global-SL%TDT,CASSLNTDTQYF,TRBV7-9*01,TRBJ2-3*01,none:none,1,0.000000,-,-,-,-,-,-,-,-,-,-,-
504,SL%TDT,1.1e-02,1,3,1.2e-06,1.0e+00,1.9e-01,1.0e+00,1.0e-03,6.2e-03,global-SL%TDT,CASSLFTDTQYF,TRBV7-8*01,TRBJ2-3*01,none:none,1,0.000000,-,-,-,-,-,-,-,-,-,-,-
504,SL%TDT,1.1e-02,1,3,1.2e-06,1.0e+00,1.9e-01,1.0e+00,1.0e-03,6.2e-03,global-SL%TDT,CASSLSTDTQYF,TRBV28*01,TRBJ2-3*01,none:none,1,0.000000,-,-,-,-,-,-,-,-,-,-,-

505,SR%STDT,1.1e-02,1,2,2.9e-08,1.0e+00,1.0e-03,1.0e+00,1.0e-03,2.9e-02,global-SR%STDT,CASSRLSTDTQYF,TRBV19*01,TRBJ2-3*01,none:none,1,0.000000,-,-,-,-,-,-,-,-,-,-,-
505,SR%STDT,1.1e-02,1,2,2.9e-08,1.0e+00,1.0e-03,1.0e+00,1.0e-03,2.9e-02,global-SR%STDT,CASSRRSTDTQYF,TRBV19*01,TRBJ2-3*01,none:none,1,0.000000,-,-,-,-,-,-,-,-,-,-,-

506,SS%MNTE,1.1e-02,1,2,1.6e-06,1.0e+00,5.4e-02,1.0e+00,1.0e-03,2.9e-02,global-SS%MNTE,CASSSHMNTEAFF,TRBV11-3*01,TRBJ1-1*01,none:none,1,0.000000,-,-,-,-,-,-,-,-,-,-,-
506,SS%MNTE,1.1e-02,1,2,1.6e-06,1.0e+00,5.4e-02,1.0e+00,1.0e-03,2.9e-02,global-SS%MNTE,CASSSRMNTEAFF,TRBV4-1*01,TRBJ1-1*01,none:none,1,0.000000,-,-,-,-,-,-,-,-,-,-,-

507,SPG%GNQP,1.1e-02,1,2,1.7e-06,1.0e+00,5.8e-02,1.0e+00,1.0e-03,2.9e-02,global-SPG%GNQP,CASSPGQGNQPQHF,TRBV7-6*01,TRBJ1-5*01,none:none,1,0.000000,-,-,-,-,-,-,-,-,-,-,-
507,SPG%GNQP,1.1e-02,1,2,1.7e-06,1.0e+00,5.8e-02,1.0e+00,1.0e-03,2.9e-02,global-SPG%GNQP,CASSPGGGNQPQHF,TRBV12-3*01,TRBJ1-5*01,none:none,1,0.000000,-,-,-,-,-,-,-,-,-,-,-

508,S%GPE,1.2e-02,1,2,2.0e-06,1.0e+00,6.7e-02,1.0e+00,1.0e-03,2.9e-02,global-S%GPE,CASSSGPEAFF,TRBV4-1*01,TRBJ1-1*01,none:none,1,0.000000,-,-,-,-,-,-,-,-,-,-,-
508,S%GPE,1.2e-02,1,2,2.0e-06,1.0e+00,6.7e-02,1.0e+00,1.0e-03,2.9e-02,global-S%GPE,CASSYGPEAFF,TRBV4-2*01,TRBJ1-1*01,none:none,1,0.000000,-,-,-,-,-,-,-,-,-,-,-

509,SLR%TE,1.2e-02,1,2,1.5e-06,1.0e+00,5.3e-02,1.0e+00,1.0e-03,2.9e-02,global-SLR%TE,CASSLRPTEAFF,TRBV7-9*01,TRBJ1-1*01,none:none,1,0.000000,-,-,-,-,-,-,-,-,-,-,-
509,SLR%TE,1.2e-02,1,2,1.5e-06,1.0e+00,5.3e-02,1.0e+00,1.0e-03,2.9e-02,global-SLR%TE,CASSLRVTEAFF,TRBV5-6*01,TRBJ1-1*01,none:none,1,0.000000,-,-,-,-,-,-,-,-,-,-,-

510,S%GVNTE,1.2e-02,1,2,2.9e-08,1.0e+00,1.0e-03,1.0e+00,1.0e-03,2.9e-02,global-S%GVNTE,CASSMGVNTEAFF,TRBV19*01,TRBJ1-1*01,none:none,1,0.000000,-,-,-,-,-,-,-,-,-,-,-
510,S%GVNTE,1.2e-02,1,2,2.9e-08,1.0e+00,1.0e-03,1.0e+00,1.0e-03,2.9e-02,global-S%GVNTE,CASSIGVNTEAFF,TRBV19*01,TRBJ1-1*01,none:none,1,0.000000,-,-,-,-,-,-,-,-,-,-,-

511,SPG%GYE,1.2e-02,1,2,1.8e-06,1.0e+00,6.2e-02,1.0e+00,1.0e-03,2.9e-02,global-SPG%GYE,CASSPGTGYEQYF,TRBV27*01,TRBJ2-7*01,none:none,1,0.000000,-,-,-,-,-,-,-,-,-,-,-
511,SPG%GYE,1.2e-02,1,2,1.8e-06,1.0e+00,6.2e-02,1.0e+00,1.0e-03,2.9e-02,global-SPG%GYE,CASSPGQGYEQYF,TRBV6-3*01,TRBJ2-7*01,none:none,1,0.000000,-,-,-,-,-,-,-,-,-,-,-

512,SLTGG%E,1.2e-02,1,2,1.6e-06,1.0e+00,5.6e-02,1.0e+00,1.0e-03,2.9e-02,global-SLTGG%E,CASSLTGGTEAFF,TRBV5-1*01,TRBJ1-1*01,none:none,1,0.000000,-,-,-,-,-,-,-,-,-,-,-
512,SLTGG%E,1.2e-02,1,2,1.6e-06,1.0e+00,5.6e-02,1.0e+00,1.0e-03,2.9e-02,global-SLTGG%E,CASSLTGGAEAFF,TRBV4-2*01,TRBJ1-1*01,none:none,1,0.000000,-,-,-,-,-,-,-,-,-,-,-

513,S%GTVNTE,1.2e-02,1,2,1.7e-06,1.0e+00,6.0e-02,1.0e+00,1.0e-03,2.9e-02,global-S%GTVNTE,CASSQGTVNTEAFF,TRBV4-1*01,TRBJ1-1*01,none:none,1,0.000000,-,-,-,-,-,-,-,-,-,-,-
513,S%GTVNTE,1.2e-02,1,2,1.7e-06,1.0e+00,6.0e-02,1.0e+00,1.0e-03,2.9e-02,global-S%GTVNTE,CASSIGTVNTEAFF,TRBV19*01,TRBJ1-1*01,none:none,1,0.000000,-,-,-,-,-,-,-,-,-,-,-

514,SLG%GNQP,1.2e-02,1,2,1.9e-06,1.0e+00,6.6e-02,1.0e+00,1.0e-03,2.9e-02,global-SLG%GNQP,CASSLGGGNQPQHF,TRBV12-3*01,TRBJ1-5*01,none:none,1,0.000000,-,-,-,-,-,-,-,-,-,-,-
514,SLG%GNQP,1.2e-02,1,2,1.9e-06,1.0e+00,6.6e-02,1.0e+00,1.0e-03,2.9e-02,global-SLG%GNQP,CASSLGRGNQPQHF,TRBV5-5*01,TRBJ1-5*01,none:none,1,0.000000,-,-,-,-,-,-,-,-,-,-,-

515,SLG%E,1.3e-02,1,4,8.9e-08,1.0e+00,3.8e-02,1.0e+00,1.0e-03,2.3e-03,global-SLG%E,CASSLGAEAFF,TRBV13*01,TRBJ1-1*01,none:none,1,0.000000,-,-,-,-,-,-,-,-,-,-,-
515,SLG%E,1.3e-02,1,4,8.9e-08,1.0e+00,3.8e-02,1.0e+00,1.0e-03,2.3e-03,global-SLG%E,CASSLGVEAFF,TRBV7-6*01,TRBJ1-1*01,none:none,1,0.000000,-,-,-,-,-,-,-,-,-,-,-
515,SLG%E,1.3e-02,1,4,8.9e-08,1.0e+00,3.8e-02,1.0e+00,1.0e-03,2.3e-03,global-SLG%E,CASSLGYEQYF,TRBV7-9*01,TRBJ2-7*01,none:none,1,0.000000,-,-,-,-,-,-,-,-,-,-,-
515,SLG%E,1.3e-02,1,4,8.9e-08,1.0e+00,3.8e-02,1.0e+00,1.0e-03,2.3e-03,global-SLG%E,CASSLGGELFF,TRBV7-9*01,TRBJ2-2*01,none:none,1,0.000000,-,-,-,-,-,-,-,-,-,-,-

516,SES%E,1.3e-02,1,2,2.9e-08,1.0e+00,1.0e-03,1.0e+00,1.0e-03,2.9e-02,global-SES%E,CAISESYEQYF,TRBV10-3*01,TRBJ2-7*01,none:none,1,0.000000,-,-,-,-,-,-,-,-,-,-,-
516,SES%E,1.3e-02,1,2,2.9e-08,1.0e+00,1.0e-03,1.0e+00,1.0e-03,2.9e-02,global-SES%E,CAISESSEQFF,TRBV10-3*01,TRBJ2-1*01,none:none,1,0.000000,-,-,-,-,-,-,-,-,-,-,-

517,SL%GNE,1.3e-02,1,3,1.1e-06,1.0e+00,1.8e-01,1.0e+00,1.0e-03,6.2e-03,global-SL%GNE,CASSLGGNEQFF,TRBV7-9*01,TRBJ2-1*01,none:none,1,0.000000,-,-,-,-,-,-,-,-,-,-,-
517,SL%GNE,1.3e-02,1,3,1.1e-06,1.0e+00,1.8e-01,1.0e+00,1.0e-03,6.2e-03,global-SL%GNE,CASSLSGNEQFF,TRBV27*01,TRBJ2-1*01,none:none,1,0.000000,-,-,-,-,-,-,-,-,-,-,-
517,SL%GNE,1.3e-02,1,3,1.1e-06,1.0e+00,1.8e-01,1.0e+00,1.0e-03,6.2e-03,global-SL%GNE,CASSLPGNEQFF,TRBV12-3*01,TRBJ2-1*01,none:none,1,0.000000,-,-,-,-,-,-,-,-,-,-,-

518,SP%TGE,1.3e-02,1,2,1.6e-06,1.0e+00,5.6e-02,1.0e+00,1.0e-03,2.9e-02,global-SP%TGE,CASSPSTGELFF,TRBV7-2*01,TRBJ2-2*01,none:none,1,0.000000,-,-,-,-,-,-,-,-,-,-,-
518,SP%TGE,1.3e-02,1,2,1.6e-06,1.0e+00,5.6e-02,1.0e+00,1.0e-03,2.9e-02,global-SP%TGE,CASSPGTGEQYF,TRBV7-6*01,TRBJ2-7*01,none:none,1,0.000000,-,-,-,-,-,-,-,-,-,-,-

519,SLG%YG,1.3e-02,1,2,2.9e-08,1.0e+00,1.0e-03,1.0e+00,1.0e-03,2.9e-02,global-SLG%YG,CASSLGSYGYTF,TRBV19*01,TRBJ1-2*01,none:none,1,0.000000,-,-,-,-,-,-,-,-,-,-,-
519,SLG%YG,1.3e-02,1,2,2.9e-08,1.0e+00,1.0e-03,1.0e+00,1.0e-03,2.9e-02,global-SLG%YG,CASSLGIYGYTF,TRBV19*01,TRBJ1-2*01,none:none,1,0.000000,-,-,-,-,-,-,-,-,-,-,-

520,S%AGGTDT,1.3e-02,1,2,1.9e-06,1.0e+00,6.5e-02,1.0e+00,1.0e-03,2.9e-02,global-S%AGGTDT,CASSPAGGTDTQYF,TRBV6-6*01,TRBJ2-3*01,none:none,1,0.000000,-,-,-,-,-,-,-,-,-,-,-
520,S%AGGTDT,1.3e-02,1,2,1.9e-06,1.0e+00,6.5e-02,1.0e+00,1.0e-03,2.9e-02,global-S%AGGTDT,CASSGAGGTDTQYF,TRBV7-6*01,TRBJ2-3*01,none:none,1,0.000000,-,-,-,-,-,-,-,-,-,-,-

521,SR%SNQP,1.5e-02,1,2,2.9e-08,1.0e+00,1.0e-03,1.0e+00,1.0e-03,2.9e-02,global-SR%SNQP,CASSRLSNQPQHF,TRBV19*01,TRBJ1-5*01,none:none,1,0.000000,-,-,-,-,-,-,-,-,-,-,-
521,SR%SNQP,1.5e-02,1,2,2.9e-08,1.0e+00,1.0e-03,1.0e+00,1.0e-03,2.9e-02,global-SR%SNQP,CASSRRSNQPQHF,TRBV19*01,TRBJ1-5*01,none:none,1,0.000000,-,-,-,-,-,-,-,-,-,-,-

522,SLGG%NQP,1.5e-02,1,2,2.1e-06,1.0e+00,7.2e-02,1.0e+00,1.0e-03,2.9e-02,global-SLGG%NQP,CASSLGGGNQPQHF,TRBV12-3*01,TRBJ1-5*01,none:none,1,0.000000,-,-,-,-,-,-,-,-,-,-,-
522,SLGG%NQP,1.5e-02,1,2,2.1e-06,1.0e+00,7.2e-02,1.0e+00,1.0e-03,2.9e-02,global-SLGG%NQP,CASSLGGSNQPQHF,TRBV27*01,TRBJ1-5*01,none:none,1,0.000000,-,-,-,-,-,-,-,-,-,-,-

523,SP%DT,1.6e-02,1,2,1.7e-06,1.0e+00,6.0e-02,1.0e+00,1.0e-03,2.9e-02,global-SP%DT,CASSPTDTQYF,TRBV4-3*01,TRBJ2-3*01,none:none,1,0.000000,-,-,-,-,-,-,-,-,-,-,-
523,SP%DT,1.6e-02,1,2,1.7e-06,1.0e+00,6.0e-02,1.0e+00,1.0e-03,2.9e-02,global-SP%DT,CASSPMDTQYF,TRBV12-4*01,TRBJ2-3*01,none:none,1,0.000000,-,-,-,-,-,-,-,-,-,-,-

524,S%GNYG,1.6e-02,1,2,2.0e-06,1.0e+00,6.9e-02,1.0e+00,1.0e-03,2.9e-02,global-S%GNYG,CASSQGNYGYTF,TRBV19*01,TRBJ1-2*01,none:none,1,0.000000,-,-,-,-,-,-,-,-,-,-,-
524,S%GNYG,1.6e-02,1,2,2.0e-06,1.0e+00,6.9e-02,1.0e+00,1.0e-03,2.9e-02,global-S%GNYG,CAWSPGNYGYTF,TRBV30*01,TRBJ1-2*01,none:none,1,0.000000,-,-,-,-,-,-,-,-,-,-,-

525,SPG%YG,1.6e-02,1,2,2.0e-06,1.0e+00,6.7e-02,1.0e+00,1.0e-03,2.9e-02,global-SPG%YG,CASSPGTYGYTF,TRBV12-3*01,TRBJ1-2*01,none:none,1,0.000000,-,-,-,-,-,-,-,-,-,-,-
525,SPG%YG,1.6e-02,1,2,2.0e-06,1.0e+00,6.7e-02,1.0e+00,1.0e-03,2.9e-02,global-SPG%YG,CAWSPGNYGYTF,TRBV30*01,TRBJ1-2*01,none:none,1,0.000000,-,-,-,-,-,-,-,-,-,-,-

526,SVG%TE,1.6e-02,1,2,2.9e-08,1.0e+00,1.0e-03,1.0e+00,1.0e-03,2.9e-02,global-SVG%TE,CASSVGGTEAFF,TRBV9*01,TRBJ1-1*01,none:none,1,0.000000,-,-,-,-,-,-,-,-,-,-,-
526,SVG%TE,1.6e-02,1,2,2.9e-08,1.0e+00,1.0e-03,1.0e+00,1.0e-03,2.9e-02,global-SVG%TE,CASSVGHTEAFF,TRBV9*01,TRBJ1-1*01,none:none,1,0.000000,-,-,-,-,-,-,-,-,-,-,-

527,SG%STDT,1.6e-02,1,2,1.7e-07,1.0e+00,6.0e-03,1.0e+00,1.0e-03,2.9e-02,global-SG%STDT,CASSGGSTDTQYF,TRBV9*01,TRBJ2-3*01,none:none,1,0.000000,-,-,-,-,-,-,-,-,-,-,-
527,SG%STDT,1.6e-02,1,2,1.7e-07,1.0e+00,6.0e-03,1.0e+00,1.0e-03,2.9e-02,global-SG%STDT,CASSGRSTDTQYF,TRBV19*01,TRBJ2-3*01,none:none,1,0.000000,-,-,-,-,-,-,-,-,-,-,-
527,SG%STDT,1.6e-02,1,2,1.7e-07,1.0e+00,6.0e-03,1.0e+00,1.0e-03,2.9e-02,global-SG%STDT,CASSGRSTDTQYF,TRBV19*01,TRBJ2-3*01,none:none,1,0.000000,-,-,-,-,-,-,-,-,-,-,-
527,SG%STDT,1.6e-02,1,2,1.7e-07,1.0e+00,6.0e-03,1.0e+00,1.0e-03,2.9e-02,global-SG%STDT,CASSGRSTDTQYF,TRBV19*01,TRBJ2-3*01,none:none,1,0.000000,-,-,-,-,-,-,-,-,-,-,-

528,SLR%SYE,1.6e-02,1,2,2.9e-08,1.0e+00,1.0e-03,1.0e+00,1.0e-03,2.9e-02,global-SLR%SYE,CASSLRSSYEQYF,TRBV19*01,TRBJ2-7*01,none:none,1,0.000000,-,-,-,-,-,-,-,-,-,-,-
528,SLR%SYE,1.6e-02,1,2,2.9e-08,1.0e+00,1.0e-03,1.0e+00,1.0e-03,2.9e-02,global-SLR%SYE,CASSLRSSYEQYF,TRBV19*01,TRBJ2-7*01,none:none,1,0.000000,-,-,-,-,-,-,-,-,-,-,-
528,SLR%SYE,1.6e-02,1,2,2.9e-08,1.0e+00,1.0e-03,1.0e+00,1.0e-03,2.9e-02,global-SLR%SYE,CASSLRASYEQYF,TRBV19*01,TRBJ2-7*01,none:none,1,0.000000,-,-,-,-,-,-,-,-,-,-,-

529,SPGTG%E,1.6e-02,1,2,2.1e-06,1.0e+00,7.1e-02,1.0e+00,1.0e-03,2.9e-02,global-SPGTG%E,CASSPGTGREQFF,TRBV9*01,TRBJ2-1*01,none:none,1,0.000000,-,-,-,-,-,-,-,-,-,-,-
529,SPGTG%E,1.6e-02,1,2,2.1e-06,1.0e+00,7.1e-02,1.0e+00,1.0e-03,2.9e-02,global-SPGTG%E,CASSPGTGYEQYF,TRBV27*01,TRBJ2-7*01,none:none,1,0.000000,-,-,-,-,-,-,-,-,-,-,-

530,S%GGNTGE,1.6e-02,1,2,2.9e-08,1.0e+00,1.0e-03,1.0e+00,1.0e-03,2.9e-02,global-S%GGNTGE,CASSFGGNTGELFF,TRBV27*01,TRBJ2-2*01,none:none,1,0.000000,-,-,-,-,-,-,-,-,-,-,-
530,S%GGNTGE,1.6e-02,1,2,2.9e-08,1.0e+00,1.0e-03,1.0e+00,1.0e-03,2.9e-02,global-S%GGNTGE,CASSLGGNTGELFF,TRBV27*01,TRBJ2-2*01,none:none,1,0.000000,-,-,-,-,-,-,-,-,-,-,-

531,SLG%YNE,1.7e-02,1,2,2.1e-06,1.0e+00,7.1e-02,1.0e+00,1.0e-03,2.9e-02,global-SLG%YNE,CASSLGGYNEQFF,TRBV11-2*01,TRBJ2-1*01,none:none,1,0.000000,-,-,-,-,-,-,-,-,-,-,-
531,SLG%YNE,1.7e-02,1,2,2.1e-06,1.0e+00,7.1e-02,1.0e+00,1.0e-03,2.9e-02,global-SLG%YNE,CASSLGFYNEQFF,TRBV9*01,TRBJ2-1*01,none:none,1,0.000000,-,-,-,-,-,-,-,-,-,-,-

532,S%LGE,1.8e-02,1,2,1.9e-06,1.0e+00,6.5e-02,1.0e+00,1.0e-03,2.9e-02,global-S%LGE,CASSDLGEQFF,TRBV7-9*01,TRBJ2-1*01,none:none,1,0.000000,-,-,-,-,-,-,-,-,-,-,-
532,S%LGE,1.8e-02,1,2,1.9e-06,1.0e+00,6.5e-02,1.0e+00,1.0e-03,2.9e-02,global-S%LGE,CASSLLGEQYF,TRBV28*01,TRBJ2-7*01,none:none,1,0.000000,-,-,-,-,-,-,-,-,-,-,-

533,S%GLNTE,1.9e-02,1,2,2.1e-06,1.0e+00,7.2e-02,1.0e+00,1.0e-03,2.9e-02,global-S%GLNTE,CAWSGGLNTEAFF,TRBV30*01,TRBJ1-1*01,none:none,1,0.000000,-,-,-,-,-,-,-,-,-,-,-
533,S%GLNTE,1.9e-02,1,2,2.1e-06,1.0e+00,7.2e-02,1.0e+00,1.0e-03,2.9e-02,global-S%GLNTE,CATSAGLNTEAFF,TRBV24-1*01,TRBJ1-1*01,none:none,1,0.000000,-,-,-,-,-,-,-,-,-,-,-

534,S%GYE,2.0e-02,1,3,1.1e-06,1.0e+00,1.8e-01,1.0e+00,1.0e-03,6.2e-03,global-S%GYE,CATSDGYEQYF,TRBV24-1*01,TRBJ2-7*01,none:none,1,0.000000,-,-,-,-,-,-,-,-,-,-,-
534,S%GYE,2.0e-02,1,3,1.1e-06,1.0e+00,1.8e-01,1.0e+00,1.0e-03,6.2e-03,global-S%GYE,CASSLGYEQYF,TRBV7-9*01,TRBJ2-7*01,none:none,1,0.000000,-,-,-,-,-,-,-,-,-,-,-
534,S%GYE,2.0e-02,1,3,1.1e-06,1.0e+00,1.8e-01,1.0e+00,1.0e-03,6.2e-03,global-S%GYE,CASSYGYEQYF,TRBV19*01,TRBJ2-7*01,none:none,1,0.000000,-,-,-,-,-,-,-,-,-,-,-

535,G%GTGE,2.0e-02,1,2,1.7e-06,1.0e+00,5.9e-02,1.0e+00,1.0e-03,2.9e-02,global-G%GTGE,CASGGGTGELFF,TRBV27*01,TRBJ2-2*01,none:none,1,0.000000,-,-,-,-,-,-,-,-,-,-,-
535,G%GTGE,2.0e-02,1,2,1.7e-06,1.0e+00,5.9e-02,1.0e+00,1.0e-03,2.9e-02,global-G%GTGE,CAWGIGTGELFF,TRBV30*01,TRBJ2-2*01,none:none,1,0.000000,-,-,-,-,-,-,-,-,-,-,-

536,S%GAGE,2.0e-02,1,2,1.5e-06,1.0e+00,5.2e-02,1.0e+00,1.0e-03,2.9e-02,global-S%GAGE,CASSLGAGELFF,TRBV13*01,TRBJ2-2*01,none:none,1,0.000000,-,-,-,-,-,-,-,-,-,-,-
536,S%GAGE,2.0e-02,1,2,1.5e-06,1.0e+00,5.2e-02,1.0e+00,1.0e-03,2.9e-02,global-S%GAGE,CASSQGAGELFF,TRBV12-4*01,TRBJ2-2*01,none:none,1,0.000000,-,-,-,-,-,-,-,-,-,-,-

537,S%SGGE,2.1e-02,1,2,2.9e-08,1.0e+00,1.0e-03,1.0e+00,1.0e-03,2.9e-02,global-S%SGGE,CASSSSGGELFF,TRBV12-3*01,TRBJ2-2*01,none:none,1,0.000000,-,-,-,-,-,-,-,-,-,-,-
537,S%SGGE,2.1e-02,1,2,2.9e-08,1.0e+00,1.0e-03,1.0e+00,1.0e-03,2.9e-02,global-S%SGGE,CASSHSGGEQYF,TRBV12-3*01,TRBJ2-7*01,none:none,1,0.000000,-,-,-,-,-,-,-,-,-,-,-

538,SSQG%E,2.1e-02,1,2,2.4e-06,1.0e+00,8.2e-02,1.0e+00,1.0e-03,2.9e-02,global-SSQG%E,CASSSQGYEQYF,TRBV6-2*01,TRBJ2-7*01,none:none,1,0.000000,-,-,-,-,-,-,-,-,-,-,-
538,SSQG%E,2.1e-02,1,2,2.4e-06,1.0e+00,8.2e-02,1.0e+00,1.0e-03,2.9e-02,global-SSQG%E,CASSSQGFEQYF,TRBV12-3*01,TRBJ2-7*01,none:none,1,0.000000,-,-,-,-,-,-,-,-,-,-,-

539,SLAG%YE,2.1e-02,1,2,2.2e-06,1.0e+00,7.6e-02,1.0e+00,1.0e-03,2.9e-02,global-SLAG%YE,CASSLAGDYEQYF,TRBV5-4*01,TRBJ2-7*01,none:none,1,0.000000,-,-,-,-,-,-,-,-,-,-,-
539,SLAG%YE,2.1e-02,1,2,2.2e-06,1.0e+00,7.6e-02,1.0e+00,1.0e-03,2.9e-02,global-SLAG%YE,CASSLAGGYEQYF,TRBV5-1*01,TRBJ2-7*01,none:none,1,0.000000,-,-,-,-,-,-,-,-,-,-,-

540,SPGT%YE,2.1e-02,1,2,2.0e-06,1.0e+00,6.9e-02,1.0e+00,1.0e-03,2.9e-02,global-SPGT%YE,CASSPGTGYEQYF,TRBV27*01,TRBJ2-7*01,none:none,1,0.000000,-,-,-,-,-,-,-,-,-,-,-
540,SPGT%YE,2.1e-02,1,2,2.0e-06,1.0e+00,6.9e-02,1.0e+00,1.0e-03,2.9e-02,global-SPGT%YE,CATSPGTTYEQYF,TRBV15*01,TRBJ2-7*01,none:none,1,0.000000,-,-,-,-,-,-,-,-,-,-,-

541,S%GSGE,2.4e-02,1,2,1.7e-06,1.0e+00,5.9e-02,1.0e+00,1.0e-03,2.9e-02,global-S%GSGE,CASSAGSGEAFF,TRBV11-1*01,TRBJ1-1*01,none:none,1,0.000000,-,-,-,-,-,-,-,-,-,-,-
541,S%GSGE,2.4e-02,1,2,1.7e-06,1.0e+00,5.9e-02,1.0e+00,1.0e-03,2.9e-02,global-S%GSGE,CASSTGSGELFF,TRBV12-3*01,TRBJ2-2*01,none:none,1,0.000000,-,-,-,-,-,-,-,-,-,-,-

542,SL%GSSYE,2.4e-02,1,2,1.8e-06,1.0e+00,6.1e-02,1.0e+00,1.0e-03,2.9e-02,global-SL%GSSYE,CASSLVGSSYEQYF,TRBV27*01,TRBJ2-7*01,none:none,1,0.000000,-,-,-,-,-,-,-,-,-,-,-
542,SL%GSSYE,2.4e-02,1,2,1.8e-06,1.0e+00,6.1e-02,1.0e+00,1.0e-03,2.9e-02,global-SL%GSSYE,CASSLRGSSYEQYF,TRBV5-1*01,TRBJ2-7*01,none:none,1,0.000000,-,-,-,-,-,-,-,-,-,-,-

543,SLG%NTGE,2.4e-02,1,2,1.7e-06,1.0e+00,6.0e-02,1.0e+00,1.0e-03,2.9e-02,global-SLG%NTGE,CASSLGGNTGELFF,TRBV27*01,TRBJ2-2*01,none:none,1,0.000000,-,-,-,-,-,-,-,-,-,-,-
543,SLG%NTGE,2.4e-02,1,2,1.7e-06,1.0e+00,6.0e-02,1.0e+00,1.0e-03,2.9e-02,global-SLG%NTGE,CASSLGVNTGELFF,TRBV7-8*01,TRBJ2-2*01,none:none,1,0.000000,-,-,-,-,-,-,-,-,-,-,-

544,G%E,2.5e-02,1,2,2.2e-06,1.0e+00,7.7e-02,1.0e+00,1.0e-03,2.9e-02,global-G%E,CASGSEAFF,TRBV6-1*01,TRBJ1-1*01,none:none,1,0.000000,-,-,-,-,-,-,-,-,-,-,-
544,G%E,2.5e-02,1,2,2.2e-06,1.0e+00,7.7e-02,1.0e+00,1.0e-03,2.9e-02,global-G%E,CASGREQYF,TRBV11-2*01,TRBJ2-7*01,none:none,1,0.000000,-,-,-,-,-,-,-,-,-,-,-

545,SYG%E,2.5e-02,1,2,1.6e-06,1.0e+00,5.5e-02,1.0e+00,1.0e-03,2.9e-02,global-SYG%E,CASSYGPEAFF,TRBV4-2*01,TRBJ1-1*01,none:none,1,0.000000,-,-,-,-,-,-,-,-,-,-,-
545,SYG%E,2.5e-02,1,2,1.6e-06,1.0e+00,5.5e-02,1.0e+00,1.0e-03,2.9e-02,global-SYG%E,CASSYGYEQYF,TRBV19*01,TRBJ2-7*01,none:none,1,0.000000,-,-,-,-,-,-,-,-,-,-,-

546,SLGY%,2.5e-02,1,2,1.7e-06,1.0e+00,6.0e-02,1.0e+00,1.0e-03,2.9e-02,global-SLGY%,CASSLGYGYTF,TRBV7-8*01,TRBJ1-2*01,none:none,1,0.000000,-,-,-,-,-,-,-,-,-,-,-
546,SLGY%,2.5e-02,1,2,1.7e-06,1.0e+00,6.0e-02,1.0e+00,1.0e-03,2.9e-02,global-SLGY%,CASSLGYEQYF,TRBV7-9*01,TRBJ2-7*01,none:none,1,0.000000,-,-,-,-,-,-,-,-,-,-,-

547,SY%YE,2.6e-02,1,2,1.7e-06,1.0e+00,6.0e-02,1.0e+00,1.0e-03,2.9e-02,global-SY%YE,CASSYTYEQFF,TRBV6-2*01,TRBJ2-1*01,none:none,1,0.000000,-,-,-,-,-,-,-,-,-,-,-
547,SY%YE,2.6e-02,1,2,1.7e-06,1.0e+00,6.0e-02,1.0e+00,1.0e-03,2.9e-02,global-SY%YE,CASSYGYEQYF,TRBV19*01,TRBJ2-7*01,none:none,1,0.000000,-,-,-,-,-,-,-,-,-,-,-

548,%GGTGE,2.6e-02,1,2,1.5e-06,1.0e+00,5.3e-02,1.0e+00,1.0e-03,2.9e-02,global-%GGTGE,CSVIGGTGELFF,TRBV29-1*01,TRBJ2-2*01,none:none,1,0.000000,-,-,-,-,-,-,-,-,-,-,-
548,%GGTGE,2.6e-02,1,2,1.5e-06,1.0e+00,5.3e-02,1.0e+00,1.0e-03,2.9e-02,global-%GGTGE,CASGGGTGELFF,TRBV27*01,TRBJ2-2*01,none:none,1,0.000000,-,-,-,-,-,-,-,-,-,-,-

549,S%SYNE,2.6e-02,1,2,1.9e-06,1.0e+00,6.5e-02,1.0e+00,1.0e-03,2.9e-02,global-S%SYNE,CSASDSYNEQFF,TRBV20-1*01,TRBJ2-1*01,none:none,1,0.000000,-,-,-,-,-,-,-,-,-,-,-
549,S%SYNE,2.6e-02,1,2,1.9e-06,1.0e+00,6.5e-02,1.0e+00,1.0e-03,2.9e-02,global-S%SYNE,CAWSESYNEQFF,TRBV30*01,TRBJ2-1*01,none:none,1,0.000000,-,-,-,-,-,-,-,-,-,-,-

550,SLAG%NE,2.6e-02,1,2,5.2e-06,1.0e+00,1.8e-01,1.0e+00,1.0e-03,2.9e-02,global-SLAG%NE,CASSLAGYNEQFF,TRBV7-2*01,TRBJ2-1*01,none:none,1,0.000000,-,-,-,-,-,-,-,-,-,-,-
550,SLAG%NE,2.6e-02,1,2,5.2e-06,1.0e+00,1.8e-01,1.0e+00,1.0e-03,2.9e-02,global-SLAG%NE,CASSLAGYNEQFF,TRBV5-1*01,TRBJ2-1*01,none:none,1,0.000000,-,-,-,-,-,-,-,-,-,-,-
550,SLAG%NE,2.6e-02,1,2,5.2e-06,1.0e+00,1.8e-01,1.0e+00,1.0e-03,2.9e-02,global-SLAG%NE,CASSLAGRNEQFF,TRBV7-7*01,TRBJ2-1*01,none:none,1,0.000000,-,-,-,-,-,-,-,-,-,-,-

551,S%GSYNE,2.7e-02,1,2,1.7e-06,1.0e+00,5.8e-02,1.0e+00,1.0e-03,2.9e-02,global-S%GSYNE,CASSYGSYNEQFF,TRBV6-5*01,TRBJ2-1*01,none:none,1,0.000000,-,-,-,-,-,-,-,-,-,-,-
551,S%GSYNE,2.7e-02,1,2,1.7e-06,1.0e+00,5.8e-02,1.0e+00,1.0e-03,2.9e-02,global-S%GSYNE,CASSSGSYNEQFF,TRBV7-8*01,TRBJ2-1*01,none:none,1,0.000000,-,-,-,-,-,-,-,-,-,-,-

552,S%GGNQP,2.9e-02,1,2,2.2e-06,1.0e+00,7.4e-02,1.0e+00,1.0e-03,2.9e-02,global-S%GGNQP,CASSIGGNQPQHF,TRBV6-2*01,TRBJ1-5*01,none:none,1,0.000000,-,-,-,-,-,-,-,-,-,-,-
552,S%GGNQP,2.9e-02,1,2,2.2e-06,1.0e+00,7.4e-02,1.0e+00,1.0e-03,2.9e-02,global-S%GGNQP,CASSYGGNQPQHF,TRBV6-3*01,TRBJ1-5*01,none:none,1,0.000000,-,-,-,-,-,-,-,-,-,-,-

553,SL%RNE,3.0e-02,1,2,1.6e-06,1.0e+00,5.6e-02,1.0e+00,1.0e-03,2.9e-02,global-SL%RNE,CASSLRRNEQFF,TRBV27*01,TRBJ2-1*01,none:none,1,0.000000,-,-,-,-,-,-,-,-,-,-,-
553,SL%RNE,3.0e-02,1,2,1.6e-06,1.0e+00,5.6e-02,1.0e+00,1.0e-03,2.9e-02,global-SL%RNE,CASSLGRNEQFF,TRBV5-1*01,TRBJ2-1*01,none:none,1,0.000000,-,-,-,-,-,-,-,-,-,-,-

554,S%GGGNQP,3.0e-02,1,2,2.9e-08,1.0e+00,1.0e-03,1.0e+00,1.0e-03,2.9e-02,global-S%GGGNQP,CASSLGGGNQPQHF,TRBV12-3*01,TRBJ1-5*01,none:none,1,0.000000,-,-,-,-,-,-,-,-,-,-,-
554,S%GGGNQP,3.0e-02,1,2,2.9e-08,1.0e+00,1.0e-03,1.0e+00,1.0e-03,2.9e-02,global-S%GGGNQP,CASSPGGGNQPQHF,TRBV12-3*01,TRBJ1-5*01,none:none,1,0.000000,-,-,-,-,-,-,-,-,-,-,-

555,SL%GGNQP,3.1e-02,1,2,1.7e-06,1.0e+00,5.7e-02,1.0e+00,1.0e-03,2.9e-02,global-SL%GGNQP,CASSLGGGNQPQHF,TRBV12-3*01,TRBJ1-5*01,none:none,1,0.000000,-,-,-,-,-,-,-,-,-,-,-
555,SL%GGNQP,3.1e-02,1,2,1.7e-06,1.0e+00,5.7e-02,1.0e+00,1.0e-03,2.9e-02,global-SL%GGNQP,CASSLEGGNQPQHF,TRBV7-6*01,TRBJ1-5*01,none:none,1,0.000000,-,-,-,-,-,-,-,-,-,-,-

556,S%GSTDT,3.2e-02,1,2,1.5e-06,1.0e+00,5.3e-02,1.0e+00,1.0e-03,2.9e-02,global-S%GSTDT,CASSGGSTDTQYF,TRBV9*01,TRBJ2-3*01,none:none,1,0.000000,-,-,-,-,-,-,-,-,-,-,-
556,S%GSTDT,3.2e-02,1,2,1.5e-06,1.0e+00,5.3e-02,1.0e+00,1.0e-03,2.9e-02,global-S%GSTDT,CASSEGSTDTQYF,TRBV2*01,TRBJ2-3*01,none:none,1,0.000000,-,-,-,-,-,-,-,-,-,-,-

557,S%SGANV,3.2e-02,1,2,2.9e-08,1.0e+00,1.0e-03,1.0e+00,1.0e-03,2.9e-02,global-S%SGANV,CASSFSGANVLTF,TRBV27*01,TRBJ2-6*01,none:none,1,0.000000,-,-,-,-,-,-,-,-,-,-,-
557,S%SGANV,3.2e-02,1,2,2.9e-08,1.0e+00,1.0e-03,1.0e+00,1.0e-03,2.9e-02,global-S%SGANV,CASSPSGANVLTF,TRBV27*01,TRBJ2-6*01,none:none,1,0.000000,-,-,-,-,-,-,-,-,-,-,-

558,SLVG%SYE,3.2e-02,1,2,1.7e-06,1.0e+00,5.8e-02,1.0e+00,1.0e-03,2.9e-02,global-SLVG%SYE,CASSLVGSSYEQYF,TRBV27*01,TRBJ2-7*01,none:none,1,0.000000,-,-,-,-,-,-,-,-,-,-,-
558,SLVG%SYE,3.2e-02,1,2,1.7e-06,1.0e+00,5.8e-02,1.0e+00,1.0e-03,2.9e-02,global-SLVG%SYE,CAWSLVGLSYEQYF,TRBV30*01,TRBJ2-7*01,none:none,1,0.000000,-,-,-,-,-,-,-,-,-,-,-

559,SF%NE,3.6e-02,1,2,1.6e-06,1.0e+00,5.4e-02,1.0e+00,1.0e-03,2.9e-02,global-SF%NE,CASSFYNEQFF,TRBV7-8*01,TRBJ2-1*01,none:none,1,0.000000,-,-,-,-,-,-,-,-,-,-,-
559,SF%NE,3.6e-02,1,2,1.6e-06,1.0e+00,5.4e-02,1.0e+00,1.0e-03,2.9e-02,global-SF%NE,CASSFGNEQFF,TRBV5-1*01,TRBJ2-1*01,none:none,1,0.000000,-,-,-,-,-,-,-,-,-,-,-

560,S%GAE,3.9e-02,1,2,1.7e-06,1.0e+00,6.0e-02,1.0e+00,1.0e-03,2.9e-02,global-S%GAE,CASSSGAEAFF,TRBV7-9*01,TRBJ1-1*01,none:none,1,0.000000,-,-,-,-,-,-,-,-,-,-,-
560,S%GAE,3.9e-02,1,2,1.7e-06,1.0e+00,6.0e-02,1.0e+00,1.0e-03,2.9e-02,global-S%GAE,CASSLGAEAFF,TRBV13*01,TRBJ1-1*01,none:none,1,0.000000,-,-,-,-,-,-,-,-,-,-,-

561,SP%YE,3.9e-02,1,2,1.7e-06,1.0e+00,5.7e-02,1.0e+00,1.0e-03,2.9e-02,global-SP%YE,CASSPSYEQYF,TRBV5-6*01,TRBJ2-7*01,none:none,1,0.000000,-,-,-,-,-,-,-,-,-,-,-
561,SP%YE,3.9e-02,1,2,1.7e-06,1.0e+00,5.7e-02,1.0e+00,1.0e-03,2.9e-02,global-SP%YE,CASSPAYEQYF,TRBV18*01,TRBJ2-7*01,none:none,1,0.000000,-,-,-,-,-,-,-,-,-,-,-

562,SLGS%E,4.1e-02,1,2,1.7e-06,1.0e+00,5.8e-02,1.0e+00,1.0e-03,2.9e-02,global-SLGS%E,CASSLGSAEAFF,TRBV5-5*01,TRBJ1-1*01,none:none,1,0.000000,-,-,-,-,-,-,-,-,-,-,-
562,SLGS%E,4.1e-02,1,2,1.7e-06,1.0e+00,5.8e-02,1.0e+00,1.0e-03,2.9e-02,global-SLGS%E,CASSLGSNEQFF,TRBV7-6*01,TRBJ2-1*01,none:none,1,0.000000,-,-,-,-,-,-,-,-,-,-,-

563,S%GGYE,4.4e-02,1,2,1.6e-06,1.0e+00,5.5e-02,1.0e+00,1.0e-03,2.9e-02,global-S%GGYE,CASSFGGYEQYF,TRBV28*01,TRBJ2-7*01,none:none,1,0.000000,-,-,-,-,-,-,-,-,-,-,-
563,S%GGYE,4.4e-02,1,2,1.6e-06,1.0e+00,5.5e-02,1.0e+00,1.0e-03,2.9e-02,global-S%GGYE,CASSGGGYEQYF,TRBV4-2*01,TRBJ2-7*01,none:none,1,0.000000,-,-,-,-,-,-,-,-,-,-,-

564,S%GGTGE,4.5e-02,1,2,1.7e-06,1.0e+00,5.9e-02,1.0e+00,1.0e-03,2.9e-02,global-S%GGTGE,CASSFGGTGELFF,TRBV5-6*01,TRBJ2-2*01,none:none,1,0.000000,-,-,-,-,-,-,-,-,-,-,-
564,S%GGTGE,4.5e-02,1,2,1.7e-06,1.0e+00,5.9e-02,1.0e+00,1.0e-03,2.9e-02,global-S%GGTGE,CATSEGGTGELFF,TRBV24-1*01,TRBJ2-2*01,none:none,1,0.000000,-,-,-,-,-,-,-,-,-,-,-

565,%LNTE,4.7e-02,1,2,2.2e-06,1.0e+00,7.5e-02,1.0e+00,1.0e-03,2.9e-02,global-%LNTE,CASGLNTEAFF,TRBV12-5*01,TRBJ1-1*01,none:none,1,0.000000,-,-,-,-,-,-,-,-,-,-,-
565,%LNTE,4.7e-02,1,2,2.2e-06,1.0e+00,7.5e-02,1.0e+00,1.0e-03,2.9e-02,global-%LNTE,CASSLNTEAFF,TRBV6-5*01,TRBJ1-1*01,none:none,1,0.000000,-,-,-,-,-,-,-,-,-,-,-

566,SLA%SYE,4.7e-02,1,2,2.0e-06,1.0e+00,6.7e-02,1.0e+00,1.0e-03,2.9e-02,global-SLA%SYE,CASSLAISYEQYF,TRBV27*01,TRBJ2-7*01,none:none,1,0.000000,-,-,-,-,-,-,-,-,-,-,-
566,SLA%SYE,4.7e-02,1,2,2.0e-06,1.0e+00,6.7e-02,1.0e+00,1.0e-03,2.9e-02,global-SLA%SYE,CASSLAQSYEQYF,TRBV5-4*01,TRBJ2-7*01,none:none,1,0.000000,-,-,-,-,-,-,-,-,-,-,-

567,SL%DT,4.8e-02,1,2,2.6e-06,1.0e+00,9.0e-02,1.0e+00,1.0e-03,2.9e-02,global-SL%DT,CASSLIDTQYF,TRBV12-3*01,TRBJ2-3*01,none:none,1,0.000000,-,-,-,-,-,-,-,-,-,-,-
567,SL%DT,4.8e-02,1,2,2.6e-06,1.0e+00,9.0e-02,1.0e+00,1.0e-03,2.9e-02,global-SL%DT,CASSLTDTQYF,TRBV28*01,TRBJ2-3*01,none:none,1,0.000000,-,-,-,-,-,-,-,-,-,-,-
567,SL%DT,4.8e-02,1,2,2.6e-06,1.0e+00,9.0e-02,1.0e+00,1.0e-03,2.9e-02,global-SL%DT,CASSLTDTQYF,TRBV28*01,TRBJ2-3*01,none:none,1,0.000000,-,-,-,-,-,-,-,-,-,-,-

568,S%DSYE,4.8e-02,1,2,2.0e-06,1.0e+00,6.7e-02,1.0e+00,1.0e-03,2.9e-02,global-S%DSYE,CASSLDSYEQFF,TRBV5-1*01,TRBJ2-1*01,none:none,1,0.000000,-,-,-,-,-,-,-,-,-,-,-
568,S%DSYE,4.8e-02,1,2,2.0e-06,1.0e+00,6.7e-02,1.0e+00,1.0e-03,2.9e-02,global-S%DSYE,CASSSDSYEQYF,TRBV7-9*01,TRBJ2-7*01,none:none,1,0.000000,-,-,-,-,-,-,-,-,-,-,-

569,SQVI,4.8e-02,1,2,2.7e-04,1.0e+00,5.2e-02,1.0e+00,1.8e-01,2.9e-02,motif-SQVI,CASSQVIDQETQYF,TRBV3-1*01,TRBJ2-5*01,none:none,1,0.000000,-,-,-,-,-,-,-,-,-,-,-
569,SQVI,4.8e-02,1,2,2.7e-04,1.0e+00,5.2e-02,1.0e+00,1.8e-01,2.9e-02,motif-SQVI,CASSQVIGRGYEQYF,TRBV4-1*01,TRBJ2-7*01,none:none,1,0.000000,-,-,-,-,-,-,-,-,-,-,-

570,S%STDT,5.3e-02,1,2,1.9e-06,1.0e+00,6.6e-02,1.0e+00,1.0e-03,2.9e-02,global-S%STDT,CASSYSTDTQYF,TRBV6-6*01,TRBJ2-3*01,none:none,1,0.000000,-,-,-,-,-,-,-,-,-,-,-
570,S%STDT,5.3e-02,1,2,1.9e-06,1.0e+00,6.6e-02,1.0e+00,1.0e-03,2.9e-02,global-S%STDT,CASSLSTDTQYF,TRBV28*01,TRBJ2-3*01,none:none,1,0.000000,-,-,-,-,-,-,-,-,-,-,-

571,SLGG%NE,5.3e-02,1,2,2.9e-08,1.0e+00,1.0e-03,1.0e+00,1.0e-03,2.9e-02,global-SLGG%NE,CASSLGGTNEQFF,TRBV4-1*01,TRBJ2-1*01,none:none,1,0.000000,-,-,-,-,-,-,-,-,-,-,-
571,SLGG%NE,5.3e-02,1,2,2.9e-08,1.0e+00,1.0e-03,1.0e+00,1.0e-03,2.9e-02,global-SLGG%NE,CASSLGGTNEQFF,TRBV4-1*01,TRBJ2-1*01,none:none,1,0.000000,-,-,-,-,-,-,-,-,-,-,-
571,SLGG%NE,5.3e-02,1,2,2.9e-08,1.0e+00,1.0e-03,1.0e+00,1.0e-03,2.9e-02,global-SLGG%NE,CASSLGGTNEQFF,TRBV4-1*01,TRBJ2-1*01,none:none,1,0.000000,-,-,-,-,-,-,-,-,-,-,-
571,SLGG%NE,5.3e-02,1,2,2.9e-08,1.0e+00,1.0e-03,1.0e+00,1.0e-03,2.9e-02,global-SLGG%NE,CASSLGGTNEQFF,TRBV4-1*01,TRBJ2-1*01,none:none,1,0.000000,-,-,-,-,-,-,-,-,-,-,-
571,SLGG%NE,5.3e-02,1,2,2.9e-08,1.0e+00,1.0e-03,1.0e+00,1.0e-03,2.9e-02,global-SLGG%NE,CASSLGGTNEQFF,TRBV4-1*01,TRBJ2-1*01,none:none,1,0.000000,-,-,-,-,-,-,-,-,-,-,-
571,SLGG%NE,5.3e-02,1,2,2.9e-08,1.0e+00,1.0e-03,1.0e+00,1.0e-03,2.9e-02,global-SLGG%NE,CASSLGGTNEQFF,TRBV4-1*01,TRBJ2-1*01,none:none,1,0.000000,-,-,-,-,-,-,-,-,-,-,-
571,SLGG%NE,5.3e-02,1,2,2.9e-08,1.0e+00,1.0e-03,1.0e+00,1.0e-03,2.9e-02,global-SLGG%NE,CASSLGGTNEQFF,TRBV4-1*01,TRBJ2-1*01,none:none,1,0.000000,-,-,-,-,-,-,-,-,-,-,-
571,SLGG%NE,5.3e-02,1,2,2.9e-08,1.0e+00,1.0e-03,1.0e+00,1.0e-03,2.9e-02,global-SLGG%NE,CASSLGGTNEQFF,TRBV4-1*01,TRBJ2-1*01,none:none,1,0.000000,-,-,-,-,-,-,-,-,-,-,-
571,SLGG%NE,5.3e-02,1,2,2.9e-08,1.0e+00,1.0e-03,1.0e+00,1.0e-03,2.9e-02,global-SLGG%NE,CASSLGGYNEQFF,TRBV11-2*01,TRBJ2-1*01,none:none,1,0.000000,-,-,-,-,-,-,-,-,-,-,-

572,SQG%E,5.6e-02,1,2,1.7e-06,1.0e+00,5.8e-02,1.0e+00,1.0e-03,2.9e-02,global-SQG%E,CATSQGGEQFF,TRBV24-1*01,TRBJ2-1*01,none:none,1,0.000000,-,-,-,-,-,-,-,-,-,-,-
572,SQG%E,5.6e-02,1,2,1.7e-06,1.0e+00,5.8e-02,1.0e+00,1.0e-03,2.9e-02,global-SQG%E,CASSQGSEQFF,TRBV4-1*01,TRBJ2-1*01,none:none,1,0.000000,-,-,-,-,-,-,-,-,-,-,-

573,SSG%E,6.1e-02,1,2,2.1e-06,1.0e+00,7.1e-02,1.0e+00,1.0e-03,2.9e-02,global-SSG%E,CASSSGPEAFF,TRBV4-1*01,TRBJ1-1*01,none:none,1,0.000000,-,-,-,-,-,-,-,-,-,-,-
573,SSG%E,6.1e-02,1,2,2.1e-06,1.0e+00,7.1e-02,1.0e+00,1.0e-03,2.9e-02,global-SSG%E,CASSSGAEAFF,TRBV7-9*01,TRBJ1-1*01,none:none,1,0.000000,-,-,-,-,-,-,-,-,-,-,-

574,S%GNTE,6.1e-02,1,2,1.8e-06,1.0e+00,6.1e-02,1.0e+00,1.0e-03,2.9e-02,global-S%GNTE,CASSLGNTEAFF,TRBV7-2*01,TRBJ1-1*01,none:none,1,0.000000,-,-,-,-,-,-,-,-,-,-,-
574,S%GNTE,6.1e-02,1,2,1.8e-06,1.0e+00,6.1e-02,1.0e+00,1.0e-03,2.9e-02,global-S%GNTE,CASSPGNTEAFF,TRBV6-5*01,TRBJ1-1*01,none:none,1,0.000000,-,-,-,-,-,-,-,-,-,-,-

575,SL%GET,6.1e-02,1,2,1.7e-07,1.0e+00,6.0e-03,1.0e+00,1.0e-03,2.9e-02,global-SL%GET,CASSLTGETQYF,TRBV11-2*01,TRBJ2-5*01,none:none,1,0.000000,-,-,-,-,-,-,-,-,-,-,-
575,SL%GET,6.1e-02,1,2,1.7e-07,1.0e+00,6.0e-03,1.0e+00,1.0e-03,2.9e-02,global-SL%GET,CASSLTGETQYF,TRBV11-2*01,TRBJ2-5*01,none:none,1,0.000000,-,-,-,-,-,-,-,-,-,-,-
575,SL%GET,6.1e-02,1,2,1.7e-07,1.0e+00,6.0e-03,1.0e+00,1.0e-03,2.9e-02,global-SL%GET,CASSLEGETQYF,TRBV28*01,TRBJ2-5*01,none:none,1,0.000000,-,-,-,-,-,-,-,-,-,-,-

576,S%GGE,6.7e-02,1,3,1.2e-06,1.0e+00,1.9e-01,1.0e+00,1.0e-03,6.2e-03,global-S%GGE,CATSQGGEQFF,TRBV24-1*01,TRBJ2-1*01,none:none,1,0.000000,-,-,-,-,-,-,-,-,-,-,-
576,S%GGE,6.7e-02,1,3,1.2e-06,1.0e+00,1.9e-01,1.0e+00,1.0e-03,6.2e-03,global-S%GGE,CASSFGGEQFF,TRBV27*01,TRBJ2-1*01,none:none,1,0.000000,-,-,-,-,-,-,-,-,-,-,-
576,S%GGE,6.7e-02,1,3,1.2e-06,1.0e+00,1.9e-01,1.0e+00,1.0e-03,6.2e-03,global-S%GGE,CASSLGGELFF,TRBV7-9*01,TRBJ2-2*01,none:none,1,0.000000,-,-,-,-,-,-,-,-,-,-,-

577,S%GDE,8.0e-02,1,2,1.7e-06,1.0e+00,5.8e-02,1.0e+00,1.0e-03,2.9e-02,global-S%GDE,CASSNGDEQYF,TRBV4-1*01,TRBJ2-7*01,none:none,1,0.000000,-,-,-,-,-,-,-,-,-,-,-
577,S%GDE,8.0e-02,1,2,1.7e-06,1.0e+00,5.8e-02,1.0e+00,1.0e-03,2.9e-02,global-S%GDE,CASSFGDEQFF,TRBV12-3*01,TRBJ2-1*01,none:none,1,0.000000,-,-,-,-,-,-,-,-,-,-,-

578,S%GTE,8.2e-02,1,2,1.9e-06,1.0e+00,6.4e-02,1.0e+00,1.0e-03,2.9e-02,global-S%GTE,CAISEGTEAFF,TRBV10-3*01,TRBJ1-1*01,none:none,1,0.000000,-,-,-,-,-,-,-,-,-,-,-
578,S%GTE,8.2e-02,1,2,1.9e-06,1.0e+00,6.4e-02,1.0e+00,1.0e-03,2.9e-02,global-S%GTE,CASSWGTEAFF,TRBV13*01,TRBJ1-1*01,none:none,1,0.000000,-,-,-,-,-,-,-,-,-,-,-

579,GLVL,9.0e-02,1,2,5.4e-06,1.0e+00,1.0e-03,1.0e+00,1.9e-01,2.9e-02,motif-GLVL,CASGLVLRGAYNEQFF,TRBV12-5*01,TRBJ2-1*01,none:none,1,0.000000,-,-,-,-,-,-,-,-,-,-,-
579,GLVL,9.0e-02,1,2,5.4e-06,1.0e+00,1.0e-03,1.0e+00,1.9e-01,2.9e-02,motif-GLVL,CASGLVLSDEQFF,TRBV12-5*01,TRBJ2-1*01,none:none,1,0.000000,-,-,-,-,-,-,-,-,-,-,-

580,SLG%GE,1.1e-01,1,2,2.2e-06,1.0e+00,7.5e-02,1.0e+00,1.0e-03,2.9e-02,global-SLG%GE,CASSLGHGEQYF,TRBV7-9*01,TRBJ2-7*01,none:none,1,0.000000,-,-,-,-,-,-,-,-,-,-,-
580,SLG%GE,1.1e-01,1,2,2.2e-06,1.0e+00,7.5e-02,1.0e+00,1.0e-03,2.9e-02,global-SLG%GE,CASSLGAGELFF,TRBV13*01,TRBJ2-2*01,none:none,1,0.000000,-,-,-,-,-,-,-,-,-,-,-

581,SL%YE,1.7e-01,1,2,1.8e-06,1.0e+00,6.1e-02,1.0e+00,1.0e-03,2.9e-02,global-SL%YE,CASSLDYEQFF,TRBV5-1*01,TRBJ2-1*01,none:none,1,0.000000,-,-,-,-,-,-,-,-,-,-,-
581,SL%YE,1.7e-01,1,2,1.8e-06,1.0e+00,6.1e-02,1.0e+00,1.0e-03,2.9e-02,global-SL%YE,CASSLGYEQYF,TRBV7-9*01,TRBJ2-7*01,none:none,1,0.000000,-,-,-,-,-,-,-,-,-,-,-

582,S%NTE,2.0e-01,1,2,1.7e-06,1.0e+00,6.0e-02,1.0e+00,1.0e-03,2.9e-02,global-S%NTE,CASSLNTEAFF,TRBV6-5*01,TRBJ1-1*01,none:none,1,0.000000,-,-,-,-,-,-,-,-,-,-,-
582,S%NTE,2.0e-01,1,2,1.7e-06,1.0e+00,6.0e-02,1.0e+00,1.0e-03,2.9e-02,global-S%NTE,CASSYNTEAFF,TRBV6-6*01,TRBJ1-1*01,none:none,1,0.000000,-,-,-,-,-,-,-,-,-,-,-

648,single,1.0e+00,1,1,9.5e-07,1.0e+00,1.0e-03,1.0e+00,1.0e-03,9.5e-01,global-SQEGQLNQP,CASSQEGQLNQPQHF,TRBV4-2*01,TRBJ1-5*01,none:none,1,0.000000,-,-,-,-,-,-,-,-,-,-,-
648,single,1.0e+00,1,1,9.5e-07,1.0e+00,1.0e-03,1.0e+00,1.0e-03,9.5e-01,global-SQEGQLNQP,CASSQEGQLNQPQHF,TRBV4-2*01,TRBJ1-5*01,none:none,1,0.000000,-,-,-,-,-,-,-,-,-,-,-

739,single,1.0e+00,1,1,9.5e-07,1.0e+00,1.0e-03,1.0e+00,1.0e-03,9.5e-01,global-SGGVSGGAGET,CASSGGVSGGAGETQYF,TRBV12-3*01,TRBJ2-5*01,none:none,1,0.000000,-,-,-,-,-,-,-,-,-,-,-
739,single,1.0e+00,1,1,9.5e-07,1.0e+00,1.0e-03,1.0e+00,1.0e-03,9.5e-01,global-SGGVSGGAGET,CASSGGVSGGAGETQYF,TRBV12-3*01,TRBJ2-5*01,none:none,1,0.000000,-,-,-,-,-,-,-,-,-,-,-

817,single,1.0e+00,1,1,9.5e-07,1.0e+00,1.0e-03,1.0e+00,1.0e-03,9.5e-01,global-RGPVET,CASRGPVETQYF,TRBV11-2*01,TRBJ2-5*01,none:none,1,0.000000,-,-,-,-,-,-,-,-,-,-,-
817,single,1.0e+00,1,1,9.5e-07,1.0e+00,1.0e-03,1.0e+00,1.0e-03,9.5e-01,global-RGPVET,CASRGPVETQYF,TRBV11-2*01,TRBJ2-5*01,none:none,1,0.000000,-,-,-,-,-,-,-,-,-,-,-

821,single,1.0e+00,1,1,1.5e-05,1.0e+00,1.6e-02,1.0e+00,1.0e-03,9.5e-01,global-SSTGGGEKDQP,CASSSTGGGEKDQPQHF,TRBV5-4*01,TRBJ1-5*01,none:none,1,0.000000,-,-,-,-,-,-,-,-,-,-,-
821,single,1.0e+00,1,1,1.5e-05,1.0e+00,1.6e-02,1.0e+00,1.0e-03,9.5e-01,global-SSTGGGEKDQP,CASSSTGGGEKDQPQHF,TRBV5-4*01,TRBJ1-5*01,none:none,1,0.000000,-,-,-,-,-,-,-,-,-,-,-
821,single,1.0e+00,1,1,1.5e-05,1.0e+00,1.6e-02,1.0e+00,1.0e-03,9.5e-01,global-SSTGGGEKDQP,CASSSTGGGEKDQPQHF,TRBV4-2*01,TRBJ1-5*01,none:none,1,0.000000,-,-,-,-,-,-,-,-,-,-,-
821,single,1.0e+00,1,1,1.5e-05,1.0e+00,1.6e-02,1.0e+00,1.0e-03,9.5e-01,global-SSTGGGEKDQP,CASSSTGGGEKDQPQHF,TRBV5-4*01,TRBJ1-5*01,none:none,1,0.000000,-,-,-,-,-,-,-,-,-,-,-

912,single,1.0e+00,1,1,9.5e-07,1.0e+00,1.0e-03,1.0e+00,1.0e-03,9.5e-01,global-SSTSGAQGDT,CASSSTSGAQGDTQYF,TRBV27*01,TRBJ2-3*01,none:none,1,0.000000,-,-,-,-,-,-,-,-,-,-,-
912,single,1.0e+00,1,1,9.5e-07,1.0e+00,1.0e-03,1.0e+00,1.0e-03,9.5e-01,global-SSTSGAQGDT,CASSSTSGAQGDTQYF,TRBV27*01,TRBJ2-3*01,none:none,1,0.000000,-,-,-,-,-,-,-,-,-,-,-

944,single,1.0e+00,1,1,9.5e-07,1.0e+00,1.0e-03,1.0e+00,1.0e-03,9.5e-01,global-PSGEGRDT,CSAPSGEGRDTQYF,TRBV20-1*01,TRBJ2-3*01,none:none,1,0.000000,-,-,-,-,-,-,-,-,-,-,-
944,single,1.0e+00,1,1,9.5e-07,1.0e+00,1.0e-03,1.0e+00,1.0e-03,9.5e-01,global-PSGEGRDT,CSAPSGEGRDTQYF,TRBV20-1*01,TRBJ2-3*01,none:none,1,0.000000,-,-,-,-,-,-,-,-,-,-,-

987,single,1.0e+00,1,1,9.5e-07,1.0e+00,1.0e-03,1.0e+00,1.0e-03,9.5e-01,global-SQDRSGEG,CASSQDRSGEGYTF,TRBV4-1*01,TRBJ1-2*01,none:none,1,0.000000,-,-,-,-,-,-,-,-,-,-,-
987,single,1.0e+00,1,1,9.5e-07,1.0e+00,1.0e-03,1.0e+00,1.0e-03,9.5e-01,global-SQDRSGEG,CASSQDRSGEGYTF,TRBV4-1*01,TRBJ1-2*01,none:none,1,0.000000,-,-,-,-,-,-,-,-,-,-,-

998,single,1.0e+00,1,1,9.5e-07,1.0e+00,1.0e-03,1.0e+00,1.0e-03,9.5e-01,global-RDSGTASYE,CSARDSGTASYEQYF,TRBV20-1*01,TRBJ2-7*01,none:none,1,0.000000,-,-,-,-,-,-,-,-,-,-,-
998,single,1.0e+00,1,1,9.5e-07,1.0e+00,1.0e-03,1.0e+00,1.0e-03,9.5e-01,global-RDSGTASYE,CSARDSGTASYEQYF,TRBV20-1*01,TRBJ2-7*01,none:none,1,0.000000,-,-,-,-,-,-,-,-,-,-,-

1023,single,1.0e+00,1,1,9.5e-07,1.0e+00,1.0e-03,1.0e+00,1.0e-03,9.5e-01,motif-LEPS global-SLEPSYE,CASSLEPSYEQYF,TRBV7-2*01,TRBJ2-7*01,none:none,1,0.000000,-,-,-,-,-,-,-,-,-,-,-
1023,single,1.0e+00,1,1,9.5e-07,1.0e+00,1.0e-03,1.0e+00,1.0e-03,9.5e-01,motif-LEPS global-SLEPSYE,CASSLEPSYEQYF,TRBV7-2*01,TRBJ2-7*01,none:none,1,0.000000,-,-,-,-,-,-,-,-,-,-,-
1023,single,1.0e+00,1,1,9.5e-07,1.0e+00,1.0e-03,1.0e+00,1.0e-03,9.5e-01,motif-LEPS global-SLEPSYE,CASSLEPSYEQYF,TRBV7-2*01,TRBJ2-7*01,none:none,1,0.000000,-,-,-,-,-,-,-,-,-,-,-
1023,single,1.0e+00,1,1,9.5e-07,1.0e+00,1.0e-03,1.0e+00,1.0e-03,9.5e-01,motif-LEPS global-SLEPSYE,CASSLEPSYEQYF,TRBV7-2*01,TRBJ2-7*01,none:none,1,0.000000,-,-,-,-,-,-,-,-,-,-,-
1023,single,1.0e+00,1,1,9.5e-07,1.0e+00,1.0e-03,1.0e+00,1.0e-03,9.5e-01,motif-LEPS global-SLEPSYE,CASSLEPSYEQYF,TRBV7-2*01,TRBJ2-7*01,none:none,1,0.000000,-,-,-,-,-,-,-,-,-,-,-
1023,single,1.0e+00,1,1,9.5e-07,1.0e+00,1.0e-03,1.0e+00,1.0e-03,9.5e-01,motif-LEPS global-SLEPSYE,CASSLEPSYEQYF,TRBV7-2*01,TRBJ2-7*01,none:none,1,0.000000,-,-,-,-,-,-,-,-,-,-,-

1032,single,1.0e+00,1,1,9.5e-07,1.0e+00,1.0e-03,1.0e+00,1.0e-03,9.5e-01,global-SGPGLYYNE,CSASGPGLYYNEQFF,TRBV20-1*01,TRBJ2-1*01,none:none,1,0.000000,-,-,-,-,-,-,-,-,-,-,-
1032,single,1.0e+00,1,1,9.5e-07,1.0e+00,1.0e-03,1.0e+00,1.0e-03,9.5e-01,global-SGPGLYYNE,CSASGPGLYYNEQFF,TRBV20-1*01,TRBJ2-1*01,none:none,1,0.000000,-,-,-,-,-,-,-,-,-,-,-

1101,single,1.0e+00,1,1,9.5e-07,1.0e+00,1.0e-03,1.0e+00,1.0e-03,9.5e-01,global-SPVTGGGSGANV,CASSPVTGGGSGANVLTF,TRBV7-9*01,TRBJ2-6*01,none:none,1,0.000000,-,-,-,-,-,-,-,-,-,-,-
1101,single,1.0e+00,1,1,9.5e-07,1.0e+00,1.0e-03,1.0e+00,1.0e-03,9.5e-01,global-SPVTGGGSGANV,CASSPVTGGGSGANVLTF,TRBV7-9*01,TRBJ2-6*01,none:none,1,0.000000,-,-,-,-,-,-,-,-,-,-,-
1101,single,1.0e+00,1,1,9.5e-07,1.0e+00,1.0e-03,1.0e+00,1.0e-03,9.5e-01,global-SPVTGGGSGANV,CASSPVTGGGSGANVLTF,TRBV7-9*01,TRBJ2-6*01,none:none,1,0.000000,-,-,-,-,-,-,-,-,-,-,-
1101,single,1.0e+00,1,1,9.5e-07,1.0e+00,1.0e-03,1.0e+00,1.0e-03,9.5e-01,global-SPVTGGGSGANV,CASSPVTGGGSGANVLTF,TRBV7-9*01,TRBJ2-6*01,none:none,1,0.000000,-,-,-,-,-,-,-,-,-,-,-
1101,single,1.0e+00,1,1,9.5e-07,1.0e+00,1.0e-03,1.0e+00,1.0e-03,9.5e-01,global-SPVTGGGSGANV,CASSPVTGGGSGANVLTF,TRBV7-9*01,TRBJ2-6*01,none:none,1,0.000000,-,-,-,-,-,-,-,-,-,-,-
1101,single,1.0e+00,1,1,9.5e-07,1.0e+00,1.0e-03,1.0e+00,1.0e-03,9.5e-01,global-SPVTGGGSGANV,CASSPVTGGGSGANVLTF,TRBV7-9*01,TRBJ2-6*01,none:none,1,0.000000,-,-,-,-,-,-,-,-,-,-,-
1101,single,1.0e+00,1,1,9.5e-07,1.0e+00,1.0e-03,1.0e+00,1.0e-03,9.5e-01,global-SPVTGGGSGANV,CASSPVTGGGSGANVLTF,TRBV7-9*01,TRBJ2-6*01,none:none,1,0.000000,-,-,-,-,-,-,-,-,-,-,-
1101,single,1.0e+00,1,1,9.5e-07,1.0e+00,1.0e-03,1.0e+00,1.0e-03,9.5e-01,global-SPVTGGGSGANV,CASSPVTGGGSGANVLTF,TRBV7-9*01,TRBJ2-6*01,none:none,1,0.000000,-,-,-,-,-,-,-,-,-,-,-
1101,single,1.0e+00,1,1,9.5e-07,1.0e+00,1.0e-03,1.0e+00,1.0e-03,9.5e-01,global-SPVTGGGSGANV,CASSPVTGGGSGANVLTF,TRBV7-9*01,TRBJ2-6*01,none:none,1,0.000000,-,-,-,-,-,-,-,-,-,-,-

1129,single,1.0e+00,1,1,9.5e-07,1.0e+00,1.0e-03,1.0e+00,1.0e-03,9.5e-01,global-GMTGLTSE,CASGMTGLTSEQYF,TRBV6-3*01,TRBJ2-7*01,none:none,1,0.000000,-,-,-,-,-,-,-,-,-,-,-
1129,single,1.0e+00,1,1,9.5e-07,1.0e+00,1.0e-03,1.0e+00,1.0e-03,9.5e-01,global-GMTGLTSE,CASGMTGLTSEQYF,TRBV6-3*01,TRBJ2-7*01,none:none,1,0.000000,-,-,-,-,-,-,-,-,-,-,-

1145,single,1.0e+00,1,1,9.5e-07,1.0e+00,1.0e-03,1.0e+00,1.0e-03,9.5e-01,global-SQDHRMGGHEK,CASSQDHRMGGHEKLFF,TRBV4-3*01,TRBJ1-4*01,none:none,1,0.000000,-,-,-,-,-,-,-,-,-,-,-
1145,single,1.0e+00,1,1,9.5e-07,1.0e+00,1.0e-03,1.0e+00,1.0e-03,9.5e-01,global-SQDHRMGGHEK,CASSQDHRMGGHEKLFF,TRBV4-3*01,TRBJ1-4*01,none:none,1,0.000000,-,-,-,-,-,-,-,-,-,-,-
1145,single,1.0e+00,1,1,9.5e-07,1.0e+00,1.0e-03,1.0e+00,1.0e-03,9.5e-01,global-SQDHRMGGHEK,CASSQDHRMGGHEKLFF,TRBV4-3*01,TRBJ1-4*01,none:none,1,0.000000,-,-,-,-,-,-,-,-,-,-,-
1145,single,1.0e+00,1,1,9.5e-07,1.0e+00,1.0e-03,1.0e+00,1.0e-03,9.5e-01,global-SQDHRMGGHEK,CASSQDHRMGGHEKLFF,TRBV4-3*01,TRBJ1-4*01,none:none,1,0.000000,-,-,-,-,-,-,-,-,-,-,-

1150,single,1.0e+00,1,1,9.5e-07,1.0e+00,1.0e-03,1.0e+00,1.0e-03,9.5e-01,global-SSRGGQET,CASSSRGGQETQYF,TRBV7-3*01,TRBJ2-5*01,none:none,1,0.000000,-,-,-,-,-,-,-,-,-,-,-
1150,single,1.0e+00,1,1,9.5e-07,1.0e+00,1.0e-03,1.0e+00,1.0e-03,9.5e-01,global-SSRGGQET,CASSSRGGQETQYF,TRBV7-3*01,TRBJ2-5*01,none:none,1,0.000000,-,-,-,-,-,-,-,-,-,-,-

1154,single,1.0e+00,1,1,9.5e-07,1.0e+00,1.0e-03,1.0e+00,1.0e-03,9.5e-01,global-SSRDGGTDT,CASSSRDGGTDTQYF,TRBV7-9*01,TRBJ2-3*01,none:none,1,0.000000,-,-,-,-,-,-,-,-,-,-,-
1154,single,1.0e+00,1,1,9.5e-07,1.0e+00,1.0e-03,1.0e+00,1.0e-03,9.5e-01,global-SSRDGGTDT,CASSSRDGGTDTQYF,TRBV7-9*01,TRBJ2-3*01,none:none,1,0.000000,-,-,-,-,-,-,-,-,-,-,-
1154,single,1.0e+00,1,1,9.5e-07,1.0e+00,1.0e-03,1.0e+00,1.0e-03,9.5e-01,global-SSRDGGTDT,CASSSRDGGTDTQYF,TRBV7-9*01,TRBJ2-3*01,none:none,1,0.000000,-,-,-,-,-,-,-,-,-,-,-
1154,single,1.0e+00,1,1,9.5e-07,1.0e+00,1.0e-03,1.0e+00,1.0e-03,9.5e-01,global-SSRDGGTDT,CASSSRDGGTDTQYF,TRBV7-9*01,TRBJ2-3*01,none:none,1,0.000000,-,-,-,-,-,-,-,-,-,-,-
1154,single,1.0e+00,1,1,9.5e-07,1.0e+00,1.0e-03,1.0e+00,1.0e-03,9.5e-01,global-SSRDGGTDT,CASSSRDGGTDTQYF,TRBV7-9*01,TRBJ2-3*01,none:none,1,0.000000,-,-,-,-,-,-,-,-,-,-,-
1154,single,1.0e+00,1,1,9.5e-07,1.0e+00,1.0e-03,1.0e+00,1.0e-03,9.5e-01,global-SSRDGGTDT,CASSSRDGGTDTQYF,TRBV7-9*01,TRBJ2-3*01,none:none,1,0.000000,-,-,-,-,-,-,-,-,-,-,-

1179,single,1.0e+00,1,1,5.8e-05,1.0e+00,6.1e-02,1.0e+00,1.0e-03,9.5e-01,global-SQGQGNTE,CASSQGQGNTEAFF,TRBV4-1*01,TRBJ1-1*01,none:none,1,0.000000,-,-,-,-,-,-,-,-,-,-,-
1179,single,1.0e+00,1,1,5.8e-05,1.0e+00,6.1e-02,1.0e+00,1.0e-03,9.5e-01,global-SQGQGNTE,CASSQGQGNTEAFF,TRBV4-3*01,TRBJ1-1*01,none:none,1,0.000000,-,-,-,-,-,-,-,-,-,-,-

1265,single,1.0e+00,1,1,9.5e-07,1.0e+00,1.0e-03,1.0e+00,1.0e-03,9.5e-01,global-SPRGGVEKT,CASSPRGGVEKTQYF,TRBV13*01,TRBJ2-5*01,none:none,1,0.000000,-,-,-,-,-,-,-,-,-,-,-
1265,single,1.0e+00,1,1,9.5e-07,1.0e+00,1.0e-03,1.0e+00,1.0e-03,9.5e-01,global-SPRGGVEKT,CASSPRGGVEKTQYF,TRBV13*01,TRBJ2-5*01,none:none,1,0.000000,-,-,-,-,-,-,-,-,-,-,-

1315,single,1.0e+00,1,1,9.5e-07,1.0e+00,1.0e-03,1.0e+00,1.0e-03,9.5e-01,global-SSHGAGAYNE,CASSSHGAGAYNEQFF,TRBV11-3*01,TRBJ2-1*01,none:none,1,0.000000,-,-,-,-,-,-,-,-,-,-,-
1315,single,1.0e+00,1,1,9.5e-07,1.0e+00,1.0e-03,1.0e+00,1.0e-03,9.5e-01,global-SSHGAGAYNE,CASSSHGAGAYNEQFF,TRBV11-3*01,TRBJ2-1*01,none:none,1,0.000000,-,-,-,-,-,-,-,-,-,-,-

1319,single,1.0e+00,1,1,9.5e-07,1.0e+00,1.0e-03,1.0e+00,1.0e-03,9.5e-01,global-SQRIGRGGPRNTDT,CASSQRIGRGGPRNTDTQYF,TRBV4-1*01,TRBJ2-3*01,none:none,1,0.000000,-,-,-,-,-,-,-,-,-,-,-
1319,single,1.0e+00,1,1,9.5e-07,1.0e+00,1.0e-03,1.0e+00,1.0e-03,9.5e-01,global-SQRIGRGGPRNTDT,CASSQRIGRGGPRNTDTQYF,TRBV4-1*01,TRBJ2-3*01,none:none,1,0.000000,-,-,-,-,-,-,-,-,-,-,-
1319,single,1.0e+00,1,1,9.5e-07,1.0e+00,1.0e-03,1.0e+00,1.0e-03,9.5e-01,global-SQRIGRGGPRNTDT,CASSQRIGRGGPRNTDTQYF,TRBV4-1*01,TRBJ2-3*01,none:none,1,0.000000,-,-,-,-,-,-,-,-,-,-,-
1319,single,1.0e+00,1,1,9.5e-07,1.0e+00,1.0e-03,1.0e+00,1.0e-03,9.5e-01,global-SQRIGRGGPRNTDT,CASSQRIGRGGPRNTDTQYF,TRBV4-1*01,TRBJ2-3*01,none:none,1,0.000000,-,-,-,-,-,-,-,-,-,-,-

1353,single,1.0e+00,1,1,9.5e-07,1.0e+00,1.0e-03,1.0e+00,1.0e-03,9.5e-01,global-SQETSGTNLGT,CASSQETSGTNLGTQYF,TRBV3-1*01,TRBJ2-5*01,none:none,1,0.000000,-,-,-,-,-,-,-,-,-,-,-
1353,single,1.0e+00,1,1,9.5e-07,1.0e+00,1.0e-03,1.0e+00,1.0e-03,9.5e-01,global-SQETSGTNLGT,CASSQETSGTNLGTQYF,TRBV3-1*01,TRBJ2-5*01,none:none,1,0.000000,-,-,-,-,-,-,-,-,-,-,-

1364,single,1.0e+00,1,1,9.5e-07,1.0e+00,1.0e-03,1.0e+00,1.0e-03,9.5e-01,global-TGTGKIGWDSP,CAWTGTGKIGWDSPLHF,TRBV30*01,TRBJ1-6*01,none:none,1,0.000000,-,-,-,-,-,-,-,-,-,-,-
1364,single,1.0e+00,1,1,9.5e-07,1.0e+00,1.0e-03,1.0e+00,1.0e-03,9.5e-01,global-TGTGKIGWDSP,CAWTGTGKIGWDSPLHF,TRBV30*01,TRBJ1-6*01,none:none,1,0.000000,-,-,-,-,-,-,-,-,-,-,-
1364,single,1.0e+00,1,1,9.5e-07,1.0e+00,1.0e-03,1.0e+00,1.0e-03,9.5e-01,global-TGTGKIGWDSP,CAWTGTGKIGWDSPLHF,TRBV30*01,TRBJ1-6*01,none:none,1,0.000000,-,-,-,-,-,-,-,-,-,-,-
1364,single,1.0e+00,1,1,9.5e-07,1.0e+00,1.0e-03,1.0e+00,1.0e-03,9.5e-01,global-TGTGKIGWDSP,CAWTGTGKIGWDSPLHF,TRBV30*01,TRBJ1-6*01,none:none,1,0.000000,-,-,-,-,-,-,-,-,-,-,-

1371,single,1.0e+00,1,1,9.5e-07,1.0e+00,1.0e-03,1.0e+00,1.0e-03,9.5e-01,global-SLLWAEYNE,CASSLLWAEYNEQFF,TRBV4-1*01,TRBJ2-1*01,none:none,1,0.000000,-,-,-,-,-,-,-,-,-,-,-
1371,single,1.0e+00,1,1,9.5e-07,1.0e+00,1.0e-03,1.0e+00,1.0e-03,9.5e-01,global-SLLWAEYNE,CASSLLWAEYNEQFF,TRBV4-1*01,TRBJ2-1*01,none:none,1,0.000000,-,-,-,-,-,-,-,-,-,-,-
1371,single,1.0e+00,1,1,9.5e-07,1.0e+00,1.0e-03,1.0e+00,1.0e-03,9.5e-01,global-SLLWAEYNE,CASSLLWAEYNEQFF,TRBV4-1*01,TRBJ2-1*01,none:none,1,0.000000,-,-,-,-,-,-,-,-,-,-,-
1371,single,1.0e+00,1,1,9.5e-07,1.0e+00,1.0e-03,1.0e+00,1.0e-03,9.5e-01,global-SLLWAEYNE,CASSLLWAEYNEQFF,TRBV4-1*01,TRBJ2-1*01,none:none,1,0.000000,-,-,-,-,-,-,-,-,-,-,-
1371,single,1.0e+00,1,1,9.5e-07,1.0e+00,1.0e-03,1.0e+00,1.0e-03,9.5e-01,global-SLLWAEYNE,CASSLLWAEYNEQFF,TRBV4-1*01,TRBJ2-1*01,none:none,1,0.000000,-,-,-,-,-,-,-,-,-,-,-
1371,single,1.0e+00,1,1,9.5e-07,1.0e+00,1.0e-03,1.0e+00,1.0e-03,9.5e-01,global-SLLWAEYNE,CASSLLWAEYNEQFF,TRBV4-1*01,TRBJ2-1*01,none:none,1,0.000000,-,-,-,-,-,-,-,-,-,-,-
1371,single,1.0e+00,1,1,9.5e-07,1.0e+00,1.0e-03,1.0e+00,1.0e-03,9.5e-01,global-SLLWAEYNE,CASSLLWAEYNEQFF,TRBV4-1*01,TRBJ2-1*01,none:none,1,0.000000,-,-,-,-,-,-,-,-,-,-,-
1371,single,1.0e+00,1,1,9.5e-07,1.0e+00,1.0e-03,1.0e+00,1.0e-03,9.5e-01,global-SLLWAEYNE,CASSLLWAEYNEQFF,TRBV4-1*01,TRBJ2-1*01,none:none,1,0.000000,-,-,-,-,-,-,-,-,-,-,-
1371,single,1.0e+00,1,1,9.5e-07,1.0e+00,1.0e-03,1.0e+00,1.0e-03,9.5e-01,global-SLLWAEYNE,CASSLLWAEYNEQFF,TRBV4-1*01,TRBJ2-1*01,none:none,1,0.000000,-,-,-,-,-,-,-,-,-,-,-
1371,single,1.0e+00,1,1,9.5e-07,1.0e+00,1.0e-03,1.0e+00,1.0e-03,9.5e-01,global-SLLWAEYNE,CASSLLWAEYNEQFF,TRBV4-1*01,TRBJ2-1*01,none:none,1,0.000000,-,-,-,-,-,-,-,-,-,-,-
1371,single,1.0e+00,1,1,9.5e-07,1.0e+00,1.0e-03,1.0e+00,1.0e-03,9.5e-01,global-SLLWAEYNE,CASSLLWAEYNEQFF,TRBV4-1*01,TRBJ2-1*01,none:none,1,0.000000,-,-,-,-,-,-,-,-,-,-,-
1371,single,1.0e+00,1,1,9.5e-07,1.0e+00,1.0e-03,1.0e+00,1.0e-03,9.5e-01,global-SLLWAEYNE,CASSLLWAEYNEQFF,TRBV4-1*01,TRBJ2-1*01,none:none,1,0.000000,-,-,-,-,-,-,-,-,-,-,-
1371,single,1.0e+00,1,1,9.5e-07,1.0e+00,1.0e-03,1.0e+00,1.0e-03,9.5e-01,global-SLLWAEYNE,CASSLLWAEYNEQFF,TRBV4-1*01,TRBJ2-1*01,none:none,1,0.000000,-,-,-,-,-,-,-,-,-,-,-
1371,single,1.0e+00,1,1,9.5e-07,1.0e+00,1.0e-03,1.0e+00,1.0e-03,9.5e-01,global-SLLWAEYNE,CASSLLWAEYNEQFF,TRBV4-1*01,TRBJ2-1*01,none:none,1,0.000000,-,-,-,-,-,-,-,-,-,-,-
1371,single,1.0e+00,1,1,9.5e-07,1.0e+00,1.0e-03,1.0e+00,1.0e-03,9.5e-01,global-SLLWAEYNE,CASSLLWAEYNEQFF,TRBV4-1*01,TRBJ2-1*01,none:none,1,0.000000,-,-,-,-,-,-,-,-,-,-,-

1402,single,1.0e+00,1,1,9.5e-07,1.0e+00,1.0e-03,1.0e+00,1.0e-03,9.5e-01,global-SLGDRAGG,CASSLGDRAGGYTF,TRBV12-3*01,TRBJ1-2*01,none:none,1,0.000000,-,-,-,-,-,-,-,-,-,-,-
1402,single,1.0e+00,1,1,9.5e-07,1.0e+00,1.0e-03,1.0e+00,1.0e-03,9.5e-01,global-SLGDRAGG,CASSLGDRAGGYTF,TRBV12-3*01,TRBJ1-2*01,none:none,1,0.000000,-,-,-,-,-,-,-,-,-,-,-

1429,single,1.0e+00,1,1,9.5e-07,1.0e+00,1.0e-03,1.0e+00,1.0e-03,9.5e-01,global-SYGTGENTE,CASSYGTGENTEAFF,TRBV5-1*01,TRBJ1-1*01,none:none,1,0.000000,-,-,-,-,-,-,-,-,-,-,-
1429,single,1.0e+00,1,1,9.5e-07,1.0e+00,1.0e-03,1.0e+00,1.0e-03,9.5e-01,global-SYGTGENTE,CASSYGTGENTEAFF,TRBV5-1*01,TRBJ1-1*01,none:none,1,0.000000,-,-,-,-,-,-,-,-,-,-,-
1429,single,1.0e+00,1,1,9.5e-07,1.0e+00,1.0e-03,1.0e+00,1.0e-03,9.5e-01,global-SYGTGENTE,CASSYGTGENTEAFF,TRBV5-1*01,TRBJ1-1*01,none:none,1,0.000000,-,-,-,-,-,-,-,-,-,-,-
1429,single,1.0e+00,1,1,9.5e-07,1.0e+00,1.0e-03,1.0e+00,1.0e-03,9.5e-01,global-SYGTGENTE,CASSYGTGENTEAFF,TRBV5-1*01,TRBJ1-1*01,none:none,1,0.000000,-,-,-,-,-,-,-,-,-,-,-

1442,single,1.0e+00,1,1,9.5e-07,1.0e+00,1.0e-03,1.0e+00,1.0e-03,9.5e-01,global-SFVDRVYE,CASSFVDRVYEQYF,TRBV7-9*01,TRBJ2-7*01,none:none,1,0.000000,-,-,-,-,-,-,-,-,-,-,-
1442,single,1.0e+00,1,1,9.5e-07,1.0e+00,1.0e-03,1.0e+00,1.0e-03,9.5e-01,global-SFVDRVYE,CASSFVDRVYEQYF,TRBV7-9*01,TRBJ2-7*01,none:none,1,0.000000,-,-,-,-,-,-,-,-,-,-,-

1483,single,1.0e+00,1,1,9.5e-07,1.0e+00,1.0e-03,1.0e+00,1.0e-03,9.5e-01,global-SPRDRERGE,CASSPRDRERGEQYF,TRBV7-2*01,TRBJ2-7*01,none:none,1,0.000000,-,-,-,-,-,-,-,-,-,-,-
1483,single,1.0e+00,1,1,9.5e-07,1.0e+00,1.0e-03,1.0e+00,1.0e-03,9.5e-01,global-SPRDRERGE,CASSPRDRERGEQYF,TRBV7-2*01,TRBJ2-7*01,none:none,1,0.000000,-,-,-,-,-,-,-,-,-,-,-
1483,single,1.0e+00,1,1,9.5e-07,1.0e+00,1.0e-03,1.0e+00,1.0e-03,9.5e-01,global-SPRDRERGE,CASSPRDRERGEQYF,TRBV7-2*01,TRBJ2-7*01,none:none,1,0.000000,-,-,-,-,-,-,-,-,-,-,-
1483,single,1.0e+00,1,1,9.5e-07,1.0e+00,1.0e-03,1.0e+00,1.0e-03,9.5e-01,global-SPRDRERGE,CASSPRDRERGEQYF,TRBV7-2*01,TRBJ2-7*01,none:none,1,0.000000,-,-,-,-,-,-,-,-,-,-,-

1539,single,1.0e+00,1,1,9.5e-07,1.0e+00,1.0e-03,1.0e+00,1.0e-03,9.5e-01,global-RTGLASTDT,CASRTGLASTDTQYF,TRBV6-6*01,TRBJ2-3*01,none:none,1,0.000000,-,-,-,-,-,-,-,-,-,-,-
1539,single,1.0e+00,1,1,9.5e-07,1.0e+00,1.0e-03,1.0e+00,1.0e-03,9.5e-01,global-RTGLASTDT,CASRTGLASTDTQYF,TRBV6-6*01,TRBJ2-3*01,none:none,1,0.000000,-,-,-,-,-,-,-,-,-,-,-

1568,single,1.0e+00,1,1,9.5e-07,1.0e+00,1.0e-03,1.0e+00,1.0e-03,9.5e-01,global-GSGEDSP,CSVGSGEDSPQYF,TRBV29-1*01,TRBJ2-3*01,none:none,1,0.000000,-,-,-,-,-,-,-,-,-,-,-
1568,single,1.0e+00,1,1,9.5e-07,1.0e+00,1.0e-03,1.0e+00,1.0e-03,9.5e-01,global-GSGEDSP,CSVGSGEDSPQYF,TRBV29-1*01,TRBJ2-3*01,none:none,1,0.000000,-,-,-,-,-,-,-,-,-,-,-
1568,single,1.0e+00,1,1,9.5e-07,1.0e+00,1.0e-03,1.0e+00,1.0e-03,9.5e-01,global-GSGEDSP,CSVGSGEDSPQYF,TRBV29-1*01,TRBJ2-3*01,none:none,1,0.000000,-,-,-,-,-,-,-,-,-,-,-
1568,single,1.0e+00,1,1,9.5e-07,1.0e+00,1.0e-03,1.0e+00,1.0e-03,9.5e-01,global-GSGEDSP,CSVGSGEDSPQYF,TRBV29-1*01,TRBJ2-3*01,none:none,1,0.000000,-,-,-,-,-,-,-,-,-,-,-
1568,single,1.0e+00,1,1,9.5e-07,1.0e+00,1.0e-03,1.0e+00,1.0e-03,9.5e-01,global-GSGEDSP,CSVGSGEDSPQYF,TRBV29-1*01,TRBJ2-3*01,none:none,1,0.000000,-,-,-,-,-,-,-,-,-,-,-
1568,single,1.0e+00,1,1,9.5e-07,1.0e+00,1.0e-03,1.0e+00,1.0e-03,9.5e-01,global-GSGEDSP,CSVGSGEDSPQYF,TRBV29-1*01,TRBJ2-3*01,none:none,1,0.000000,-,-,-,-,-,-,-,-,-,-,-

1591,single,1.0e+00,1,1,9.5e-07,1.0e+00,1.0e-03,1.0e+00,1.0e-03,9.5e-01,global-SGRAGVSNE,CAWSGRAGVSNEQFF,TRBV30*01,TRBJ2-1*01,none:none,1,0.000000,-,-,-,-,-,-,-,-,-,-,-
1591,single,1.0e+00,1,1,9.5e-07,1.0e+00,1.0e-03,1.0e+00,1.0e-03,9.5e-01,global-SGRAGVSNE,CAWSGRAGVSNEQFF,TRBV30*01,TRBJ2-1*01,none:none,1,0.000000,-,-,-,-,-,-,-,-,-,-,-

1629,single,1.0e+00,1,1,9.5e-07,1.0e+00,1.0e-03,1.0e+00,1.0e-03,9.5e-01,global-SQRPSEVGE,CASSQRPSEVGELFF,TRBV4-2*01,TRBJ2-2*01,none:none,1,0.000000,-,-,-,-,-,-,-,-,-,-,-
1629,single,1.0e+00,1,1,9.5e-07,1.0e+00,1.0e-03,1.0e+00,1.0e-03,9.5e-01,global-SQRPSEVGE,CASSQRPSEVGELFF,TRBV4-2*01,TRBJ2-2*01,none:none,1,0.000000,-,-,-,-,-,-,-,-,-,-,-
1629,single,1.0e+00,1,1,9.5e-07,1.0e+00,1.0e-03,1.0e+00,1.0e-03,9.5e-01,global-SQRPSEVGE,CASSQRPSEVGELFF,TRBV4-2*01,TRBJ2-2*01,none:none,1,0.000000,-,-,-,-,-,-,-,-,-,-,-
1629,single,1.0e+00,1,1,9.5e-07,1.0e+00,1.0e-03,1.0e+00,1.0e-03,9.5e-01,global-SQRPSEVGE,CASSQRPSEVGELFF,TRBV4-2*01,TRBJ2-2*01,none:none,1,0.000000,-,-,-,-,-,-,-,-,-,-,-
1629,single,1.0e+00,1,1,9.5e-07,1.0e+00,1.0e-03,1.0e+00,1.0e-03,9.5e-01,global-SQRPSEVGE,CASSQRPSEVGELFF,TRBV4-2*01,TRBJ2-2*01,none:none,1,0.000000,-,-,-,-,-,-,-,-,-,-,-
1629,single,1.0e+00,1,1,9.5e-07,1.0e+00,1.0e-03,1.0e+00,1.0e-03,9.5e-01,global-SQRPSEVGE,CASSQRPSEVGELFF,TRBV4-2*01,TRBJ2-2*01,none:none,1,0.000000,-,-,-,-,-,-,-,-,-,-,-
1629,single,1.0e+00,1,1,9.5e-07,1.0e+00,1.0e-03,1.0e+00,1.0e-03,9.5e-01,global-SQRPSEVGE,CASSQRPSEVGELFF,TRBV4-2*01,TRBJ2-2*01,none:none,1,0.000000,-,-,-,-,-,-,-,-,-,-,-
1629,single,1.0e+00,1,1,9.5e-07,1.0e+00,1.0e-03,1.0e+00,1.0e-03,9.5e-01,global-SQRPSEVGE,CASSQRPSEVGELFF,TRBV4-2*01,TRBJ2-2*01,none:none,1,0.000000,-,-,-,-,-,-,-,-,-,-,-
1629,single,1.0e+00,1,1,9.5e-07,1.0e+00,1.0e-03,1.0e+00,1.0e-03,9.5e-01,global-SQRPSEVGE,CASSQRPSEVGELFF,TRBV4-2*01,TRBJ2-2*01,none:none,1,0.000000,-,-,-,-,-,-,-,-,-,-,-
1629,single,1.0e+00,1,1,9.5e-07,1.0e+00,1.0e-03,1.0e+00,1.0e-03,9.5e-01,global-SQRPSEVGE,CASSQRPSEVGELFF,TRBV4-2*01,TRBJ2-2*01,none:none,1,0.000000,-,-,-,-,-,-,-,-,-,-,-
1629,single,1.0e+00,1,1,9.5e-07,1.0e+00,1.0e-03,1.0e+00,1.0e-03,9.5e-01,global-SQRPSEVGE,CASSQRPSEVGELFF,TRBV4-2*01,TRBJ2-2*01,none:none,1,0.000000,-,-,-,-,-,-,-,-,-,-,-
1629,single,1.0e+00,1,1,9.5e-07,1.0e+00,1.0e-03,1.0e+00,1.0e-03,9.5e-01,global-SQRPSEVGE,CASSQRPSEVGELFF,TRBV4-2*01,TRBJ2-2*01,none:none,1,0.000000,-,-,-,-,-,-,-,-,-,-,-
1629,single,1.0e+00,1,1,9.5e-07,1.0e+00,1.0e-03,1.0e+00,1.0e-03,9.5e-01,global-SQRPSEVGE,CASSQRPSEVGELFF,TRBV4-2*01,TRBJ2-2*01,none:none,1,0.000000,-,-,-,-,-,-,-,-,-,-,-
1629,single,1.0e+00,1,1,9.5e-07,1.0e+00,1.0e-03,1.0e+00,1.0e-03,9.5e-01,global-SQRPSEVGE,CASSQRPSEVGELFF,TRBV4-2*01,TRBJ2-2*01,none:none,1,0.000000,-,-,-,-,-,-,-,-,-,-,-
1629,single,1.0e+00,1,1,9.5e-07,1.0e+00,1.0e-03,1.0e+00,1.0e-03,9.5e-01,global-SQRPSEVGE,CASSQRPSEVGELFF,TRBV4-2*01,TRBJ2-2*01,none:none,1,0.000000,-,-,-,-,-,-,-,-,-,-,-
1629,single,1.0e+00,1,1,9.5e-07,1.0e+00,1.0e-03,1.0e+00,1.0e-03,9.5e-01,global-SQRPSEVGE,CASSQRPSEVGELFF,TRBV4-2*01,TRBJ2-2*01,none:none,1,0.000000,-,-,-,-,-,-,-,-,-,-,-
1629,single,1.0e+00,1,1,9.5e-07,1.0e+00,1.0e-03,1.0e+00,1.0e-03,9.5e-01,global-SQRPSEVGE,CASSQRPSEVGELFF,TRBV4-2*01,TRBJ2-2*01,none:none,1,0.000000,-,-,-,-,-,-,-,-,-,-,-
1629,single,1.0e+00,1,1,9.5e-07,1.0e+00,1.0e-03,1.0e+00,1.0e-03,9.5e-01,global-SQRPSEVGE,CASSQRPSEVGELFF,TRBV4-2*01,TRBJ2-2*01,none:none,1,0.000000,-,-,-,-,-,-,-,-,-,-,-
1629,single,1.0e+00,1,1,9.5e-07,1.0e+00,1.0e-03,1.0e+00,1.0e-03,9.5e-01,global-SQRPSEVGE,CASSQRPSEVGELFF,TRBV4-2*01,TRBJ2-2*01,none:none,1,0.000000,-,-,-,-,-,-,-,-,-,-,-
1629,single,1.0e+00,1,1,9.5e-07,1.0e+00,1.0e-03,1.0e+00,1.0e-03,9.5e-01,global-SQRPSEVGE,CASSQRPSEVGELFF,TRBV4-2*01,TRBJ2-2*01,none:none,1,0.000000,-,-,-,-,-,-,-,-,-,-,-
1629,single,1.0e+00,1,1,9.5e-07,1.0e+00,1.0e-03,1.0e+00,1.0e-03,9.5e-01,global-SQRPSEVGE,CASSQRPSEVGELFF,TRBV4-2*01,TRBJ2-2*01,none:none,1,0.000000,-,-,-,-,-,-,-,-,-,-,-
1629,single,1.0e+00,1,1,9.5e-07,1.0e+00,1.0e-03,1.0e+00,1.0e-03,9.5e-01,global-SQRPSEVGE,CASSQRPSEVGELFF,TRBV4-2*01,TRBJ2-2*01,none:none,1,0.000000,-,-,-,-,-,-,-,-,-,-,-

1798,single,1.0e+00,1,1,9.5e-07,1.0e+00,1.0e-03,1.0e+00,1.0e-03,9.5e-01,global-SLGFTDT,CASSLGFTDTQYF,TRBV27*01,TRBJ2-3*01,none:none,1,0.000000,-,-,-,-,-,-,-,-,-,-,-
1798,single,1.0e+00,1,1,9.5e-07,1.0e+00,1.0e-03,1.0e+00,1.0e-03,9.5e-01,global-SLGFTDT,CASSLGFTDTQYF,TRBV27*01,TRBJ2-3*01,none:none,1,0.000000,-,-,-,-,-,-,-,-,-,-,-
1798,single,1.0e+00,1,1,9.5e-07,1.0e+00,1.0e-03,1.0e+00,1.0e-03,9.5e-01,global-SLGFTDT,CASSLGFTDTQYF,TRBV27*01,TRBJ2-3*01,none:none,1,0.000000,-,-,-,-,-,-,-,-,-,-,-

1887,single,1.0e+00,1,1,9.5e-07,1.0e+00,1.0e-03,1.0e+00,1.0e-03,9.5e-01,global-SSSGTSGVYE,CASSSSGTSGVYEQYF,TRBV28*01,TRBJ2-7*01,none:none,1,0.000000,-,-,-,-,-,-,-,-,-,-,-
1887,single,1.0e+00,1,1,9.5e-07,1.0e+00,1.0e-03,1.0e+00,1.0e-03,9.5e-01,global-SSSGTSGVYE,CASSSSGTSGVYEQYF,TRBV28*01,TRBJ2-7*01,none:none,1,0.000000,-,-,-,-,-,-,-,-,-,-,-

1900,single,1.0e+00,1,1,9.5e-07,1.0e+00,1.0e-03,1.0e+00,1.0e-03,9.5e-01,global-RLRDS,CASRLRDSYTF,TRBV5-4*01,TRBJ1-2*01,none:none,1,0.000000,-,-,-,-,-,-,-,-,-,-,-
1900,single,1.0e+00,1,1,9.5e-07,1.0e+00,1.0e-03,1.0e+00,1.0e-03,9.5e-01,global-RLRDS,CASRLRDSYTF,TRBV5-4*01,TRBJ1-2*01,none:none,1,0.000000,-,-,-,-,-,-,-,-,-,-,-

1920,single,1.0e+00,1,1,5.1e-05,1.0e+00,5.3e-02,1.0e+00,1.0e-03,9.5e-01,global-SLGTSYE,CASSLGTSYEQYF,TRBV7-6*01,TRBJ2-7*01,none:none,1,0.000000,-,-,-,-,-,-,-,-,-,-,-
1920,single,1.0e+00,1,1,5.1e-05,1.0e+00,5.3e-02,1.0e+00,1.0e-03,9.5e-01,global-SLGTSYE,CASSLGTSYEQYF,TRBV12-4*01,TRBJ2-7*01,none:none,1,0.000000,-,-,-,-,-,-,-,-,-,-,-

1999,single,1.0e+00,1,1,9.5e-07,1.0e+00,1.0e-03,1.0e+00,1.0e-03,9.5e-01,global-GRLSYNE,CASGRLSYNEQFF,TRBV12-4*01,TRBJ2-1*01,none:none,1,0.000000,-,-,-,-,-,-,-,-,-,-,-
1999,single,1.0e+00,1,1,9.5e-07,1.0e+00,1.0e-03,1.0e+00,1.0e-03,9.5e-01,global-GRLSYNE,CASGRLSYNEQFF,TRBV12-4*01,TRBJ2-1*01,none:none,1,0.000000,-,-,-,-,-,-,-,-,-,-,-
1999,single,1.0e+00,1,1,9.5e-07,1.0e+00,1.0e-03,1.0e+00,1.0e-03,9.5e-01,global-GRLSYNE,CASGRLSYNEQFF,TRBV12-4*01,TRBJ2-1*01,none:none,1,0.000000,-,-,-,-,-,-,-,-,-,-,-
1999,single,1.0e+00,1,1,9.5e-07,1.0e+00,1.0e-03,1.0e+00,1.0e-03,9.5e-01,global-GRLSYNE,CASGRLSYNEQFF,TRBV12-4*01,TRBJ2-1*01,none:none,1,0.000000,-,-,-,-,-,-,-,-,-,-,-
1999,single,1.0e+00,1,1,9.5e-07,1.0e+00,1.0e-03,1.0e+00,1.0e-03,9.5e-01,global-GRLSYNE,CASGRLSYNEQFF,TRBV12-4*01,TRBJ2-1*01,none:none,1,0.000000,-,-,-,-,-,-,-,-,-,-,-
1999,single,1.0e+00,1,1,9.5e-07,1.0e+00,1.0e-03,1.0e+00,1.0e-03,9.5e-01,global-GRLSYNE,CASGRLSYNEQFF,TRBV12-4*01,TRBJ2-1*01,none:none,1,0.000000,-,-,-,-,-,-,-,-,-,-,-
1999,single,1.0e+00,1,1,9.5e-07,1.0e+00,1.0e-03,1.0e+00,1.0e-03,9.5e-01,global-GRLSYNE,CASGRLSYNEQFF,TRBV12-4*01,TRBJ2-1*01,none:none,1,0.000000,-,-,-,-,-,-,-,-,-,-,-
1999,single,1.0e+00,1,1,9.5e-07,1.0e+00,1.0e-03,1.0e+00,1.0e-03,9.5e-01,global-GRLSYNE,CASGRLSYNEQFF,TRBV12-4*01,TRBJ2-1*01,none:none,1,0.000000,-,-,-,-,-,-,-,-,-,-,-
1999,single,1.0e+00,1,1,9.5e-07,1.0e+00,1.0e-03,1.0e+00,1.0e-03,9.5e-01,global-GRLSYNE,CASGRLSYNEQFF,TRBV12-4*01,TRBJ2-1*01,none:none,1,0.000000,-,-,-,-,-,-,-,-,-,-,-

2012,single,1.0e+00,1,1,9.5e-07,1.0e+00,1.0e-03,1.0e+00,1.0e-03,9.5e-01,global-RDINRGSYE,CSARDINRGSYEQYF,TRBV20-1*01,TRBJ2-7*01,none:none,1,0.000000,-,-,-,-,-,-,-,-,-,-,-
2012,single,1.0e+00,1,1,9.5e-07,1.0e+00,1.0e-03,1.0e+00,1.0e-03,9.5e-01,global-RDINRGSYE,CSARDINRGSYEQYF,TRBV20-1*01,TRBJ2-7*01,none:none,1,0.000000,-,-,-,-,-,-,-,-,-,-,-
2012,single,1.0e+00,1,1,9.5e-07,1.0e+00,1.0e-03,1.0e+00,1.0e-03,9.5e-01,global-RDINRGSYE,CSARDINRGSYEQYF,TRBV20-1*01,TRBJ2-7*01,none:none,1,0.000000,-,-,-,-,-,-,-,-,-,-,-

2042,single,1.0e+00,1,1,9.5e-07,1.0e+00,1.0e-03,1.0e+00,1.0e-03,9.5e-01,global-SGPGGVDE,CASSGPGGVDEQYF,TRBV5-5*01,TRBJ2-7*01,none:none,1,0.000000,-,-,-,-,-,-,-,-,-,-,-
2042,single,1.0e+00,1,1,9.5e-07,1.0e+00,1.0e-03,1.0e+00,1.0e-03,9.5e-01,global-SGPGGVDE,CASSGPGGVDEQYF,TRBV5-5*01,TRBJ2-7*01,none:none,1,0.000000,-,-,-,-,-,-,-,-,-,-,-
2042,single,1.0e+00,1,1,9.5e-07,1.0e+00,1.0e-03,1.0e+00,1.0e-03,9.5e-01,global-SGPGGVDE,CASSGPGGVDEQYF,TRBV5-5*01,TRBJ2-7*01,none:none,1,0.000000,-,-,-,-,-,-,-,-,-,-,-
2042,single,1.0e+00,1,1,9.5e-07,1.0e+00,1.0e-03,1.0e+00,1.0e-03,9.5e-01,global-SGPGGVDE,CASSGPGGVDEQYF,TRBV5-5*01,TRBJ2-7*01,none:none,1,0.000000,-,-,-,-,-,-,-,-,-,-,-
2042,single,1.0e+00,1,1,9.5e-07,1.0e+00,1.0e-03,1.0e+00,1.0e-03,9.5e-01,global-SGPGGVDE,CASSGPGGVDEQYF,TRBV5-5*01,TRBJ2-7*01,none:none,1,0.000000,-,-,-,-,-,-,-,-,-,-,-
2042,single,1.0e+00,1,1,9.5e-07,1.0e+00,1.0e-03,1.0e+00,1.0e-03,9.5e-01,global-SGPGGVDE,CASSGPGGVDEQYF,TRBV5-5*01,TRBJ2-7*01,none:none,1,0.000000,-,-,-,-,-,-,-,-,-,-,-
2042,single,1.0e+00,1,1,9.5e-07,1.0e+00,1.0e-03,1.0e+00,1.0e-03,9.5e-01,global-SGPGGVDE,CASSGPGGVDEQYF,TRBV5-5*01,TRBJ2-7*01,none:none,1,0.000000,-,-,-,-,-,-,-,-,-,-,-

2044,single,1.0e+00,1,1,9.5e-07,1.0e+00,1.0e-03,1.0e+00,1.0e-03,9.5e-01,global-SLGTSGGTGE,CASSLGTSGGTGELFF,TRBV7-3*01,TRBJ2-2*01,none:none,1,0.000000,-,-,-,-,-,-,-,-,-,-,-
2044,single,1.0e+00,1,1,9.5e-07,1.0e+00,1.0e-03,1.0e+00,1.0e-03,9.5e-01,global-SLGTSGGTGE,CASSLGTSGGTGELFF,TRBV7-3*01,TRBJ2-2*01,none:none,1,0.000000,-,-,-,-,-,-,-,-,-,-,-
2044,single,1.0e+00,1,1,9.5e-07,1.0e+00,1.0e-03,1.0e+00,1.0e-03,9.5e-01,global-SLGTSGGTGE,CASSLGTSGGTGELFF,TRBV7-3*01,TRBJ2-2*01,none:none,1,0.000000,-,-,-,-,-,-,-,-,-,-,-
2044,single,1.0e+00,1,1,9.5e-07,1.0e+00,1.0e-03,1.0e+00,1.0e-03,9.5e-01,global-SLGTSGGTGE,CASSLGTSGGTGELFF,TRBV7-3*01,TRBJ2-2*01,none:none,1,0.000000,-,-,-,-,-,-,-,-,-,-,-
2044,single,1.0e+00,1,1,9.5e-07,1.0e+00,1.0e-03,1.0e+00,1.0e-03,9.5e-01,global-SLGTSGGTGE,CASSLGTSGGTGELFF,TRBV7-3*01,TRBJ2-2*01,none:none,1,0.000000,-,-,-,-,-,-,-,-,-,-,-

2047,single,1.0e+00,1,1,9.5e-07,1.0e+00,1.0e-03,1.0e+00,1.0e-03,9.5e-01,motif-GLVL global-SQTGLVLGGQET,CASSQTGLVLGGQETQYF,TRBV11-3*01,TRBJ2-5*01,none:none,1,0.000000,-,-,-,-,-,-,-,-,-,-,-
2047,single,1.0e+00,1,1,9.5e-07,1.0e+00,1.0e-03,1.0e+00,1.0e-03,9.5e-01,motif-GLVL global-SQTGLVLGGQET,CASSQTGLVLGGQETQYF,TRBV11-3*01,TRBJ2-5*01,none:none,1,0.000000,-,-,-,-,-,-,-,-,-,-,-

2091,single,1.0e+00,1,1,9.5e-07,1.0e+00,1.0e-03,1.0e+00,1.0e-03,9.5e-01,global-SVRHGTE,CASSVRHGTEAFF,TRBV19*01,TRBJ1-1*01,none:none,1,0.000000,-,-,-,-,-,-,-,-,-,-,-
2091,single,1.0e+00,1,1,9.5e-07,1.0e+00,1.0e-03,1.0e+00,1.0e-03,9.5e-01,global-SVRHGTE,CASSVRHGTEAFF,TRBV19*01,TRBJ1-1*01,none:none,1,0.000000,-,-,-,-,-,-,-,-,-,-,-

2156,single,1.0e+00,1,1,9.5e-07,1.0e+00,1.0e-03,1.0e+00,1.0e-03,9.5e-01,global-SSLGGHGE,CASSSLGGHGEAFF,TRBV7-9*01,TRBJ1-1*01,none:none,1,0.000000,-,-,-,-,-,-,-,-,-,-,-
2156,single,1.0e+00,1,1,9.5e-07,1.0e+00,1.0e-03,1.0e+00,1.0e-03,9.5e-01,global-SSLGGHGE,CASSSLGGHGEAFF,TRBV7-9*01,TRBJ1-1*01,none:none,1,0.000000,-,-,-,-,-,-,-,-,-,-,-
2156,single,1.0e+00,1,1,9.5e-07,1.0e+00,1.0e-03,1.0e+00,1.0e-03,9.5e-01,global-SSLGGHGE,CASSSLGGHGEAFF,TRBV7-9*01,TRBJ1-1*01,none:none,1,0.000000,-,-,-,-,-,-,-,-,-,-,-

2172,single,1.0e+00,1,1,9.5e-07,1.0e+00,1.0e-03,1.0e+00,1.0e-03,9.5e-01,global-RSSGGAYNE,CASRSSGGAYNEQFF,TRBV2*01,TRBJ2-1*01,none:none,1,0.000000,-,-,-,-,-,-,-,-,-,-,-
2172,single,1.0e+00,1,1,9.5e-07,1.0e+00,1.0e-03,1.0e+00,1.0e-03,9.5e-01,global-RSSGGAYNE,CASRSSGGAYNEQFF,TRBV2*01,TRBJ2-1*01,none:none,1,0.000000,-,-,-,-,-,-,-,-,-,-,-

2198,single,1.0e+00,1,1,9.5e-07,1.0e+00,1.0e-03,1.0e+00,1.0e-03,9.5e-01,global-SPLGGPKDT,CASSPLGGPKDTIYF,TRBV7-9*01,TRBJ1-3*01,none:none,1,0.000000,-,-,-,-,-,-,-,-,-,-,-
2198,single,1.0e+00,1,1,9.5e-07,1.0e+00,1.0e-03,1.0e+00,1.0e-03,9.5e-01,global-SPLGGPKDT,CASSPLGGPKDTIYF,TRBV7-9*01,TRBJ1-3*01,none:none,1,0.000000,-,-,-,-,-,-,-,-,-,-,-
2198,single,1.0e+00,1,1,9.5e-07,1.0e+00,1.0e-03,1.0e+00,1.0e-03,9.5e-01,global-SPLGGPKDT,CASSPLGGPKDTIYF,TRBV7-9*01,TRBJ1-3*01,none:none,1,0.000000,-,-,-,-,-,-,-,-,-,-,-

2234,single,1.0e+00,1,1,9.5e-07,1.0e+00,1.0e-03,1.0e+00,1.0e-03,9.5e-01,global-SHSEGAENI,CASSHSEGAENIQYF,TRBV7-9*01,TRBJ2-4*01,none:none,1,0.000000,-,-,-,-,-,-,-,-,-,-,-
2234,single,1.0e+00,1,1,9.5e-07,1.0e+00,1.0e-03,1.0e+00,1.0e-03,9.5e-01,global-SHSEGAENI,CASSHSEGAENIQYF,TRBV7-9*01,TRBJ2-4*01,none:none,1,0.000000,-,-,-,-,-,-,-,-,-,-,-

2248,single,1.0e+00,1,1,9.5e-07,1.0e+00,1.0e-03,1.0e+00,1.0e-03,9.5e-01,global-SMTSGALYNE,CASSMTSGALYNEQFF,TRBV27*01,TRBJ2-1*01,none:none,1,0.000000,-,-,-,-,-,-,-,-,-,-,-
2248,single,1.0e+00,1,1,9.5e-07,1.0e+00,1.0e-03,1.0e+00,1.0e-03,9.5e-01,global-SMTSGALYNE,CASSMTSGALYNEQFF,TRBV27*01,TRBJ2-1*01,none:none,1,0.000000,-,-,-,-,-,-,-,-,-,-,-

2280,single,1.0e+00,1,1,9.5e-07,1.0e+00,1.0e-03,1.0e+00,1.0e-03,9.5e-01,global-SQGRDRHG,CASSQGRDRHGYTF,TRBV3-1*01,TRBJ1-2*01,none:none,1,0.000000,-,-,-,-,-,-,-,-,-,-,-
2280,single,1.0e+00,1,1,9.5e-07,1.0e+00,1.0e-03,1.0e+00,1.0e-03,9.5e-01,global-SQGRDRHG,CASSQGRDRHGYTF,TRBV3-1*01,TRBJ1-2*01,none:none,1,0.000000,-,-,-,-,-,-,-,-,-,-,-
2280,single,1.0e+00,1,1,9.5e-07,1.0e+00,1.0e-03,1.0e+00,1.0e-03,9.5e-01,global-SQGRDRHG,CASSQGRDRHGYTF,TRBV3-1*01,TRBJ1-2*01,none:none,1,0.000000,-,-,-,-,-,-,-,-,-,-,-

2288,single,1.0e+00,1,1,9.5e-07,1.0e+00,1.0e-03,1.0e+00,1.0e-03,9.5e-01,global-SVNPNPIRDRDNEK,CASSVNPNPIRDRDNEKLFF,TRBV9*01,TRBJ1-4*01,none:none,1,0.000000,-,-,-,-,-,-,-,-,-,-,-
2288,single,1.0e+00,1,1,9.5e-07,1.0e+00,1.0e-03,1.0e+00,1.0e-03,9.5e-01,global-SVNPNPIRDRDNEK,CASSVNPNPIRDRDNEKLFF,TRBV9*01,TRBJ1-4*01,none:none,1,0.000000,-,-,-,-,-,-,-,-,-,-,-

2289,single,1.0e+00,1,1,3.2e-05,1.0e+00,3.3e-02,1.0e+00,1.0e-03,9.5e-01,global-SQEWLAVSTDT,CASSQEWLAVSTDTQYF,TRBV4-1*01,TRBJ2-3*01,none:none,1,0.000000,-,-,-,-,-,-,-,-,-,-,-
2289,single,1.0e+00,1,1,3.2e-05,1.0e+00,3.3e-02,1.0e+00,1.0e-03,9.5e-01,global-SQEWLAVSTDT,CASSQEWLAVSTDTQYF,TRBV4-3*01,TRBJ2-3*01,none:none,1,0.000000,-,-,-,-,-,-,-,-,-,-,-
2289,single,1.0e+00,1,1,3.2e-05,1.0e+00,3.3e-02,1.0e+00,1.0e-03,9.5e-01,global-SQEWLAVSTDT,CASSQEWLAVSTDTQYF,TRBV4-2*01,TRBJ2-3*01,none:none,1,0.000000,-,-,-,-,-,-,-,-,-,-,-
2289,single,1.0e+00,1,1,3.2e-05,1.0e+00,3.3e-02,1.0e+00,1.0e-03,9.5e-01,global-SQEWLAVSTDT,CASSQEWLAVSTDTQYF,TRBV4-3*01,TRBJ2-3*01,none:none,1,0.000000,-,-,-,-,-,-,-,-,-,-,-

2352,single,1.0e+00,1,1,9.5e-07,1.0e+00,1.0e-03,1.0e+00,1.0e-03,9.5e-01,global-SLVGTKRET,CASSLVGTKRETQYF,TRBV7-9*01,TRBJ2-5*01,none:none,1,0.000000,-,-,-,-,-,-,-,-,-,-,-
2352,single,1.0e+00,1,1,9.5e-07,1.0e+00,1.0e-03,1.0e+00,1.0e-03,9.5e-01,global-SLVGTKRET,CASSLVGTKRETQYF,TRBV7-9*01,TRBJ2-5*01,none:none,1,0.000000,-,-,-,-,-,-,-,-,-,-,-

2410,single,1.0e+00,1,1,9.5e-07,1.0e+00,1.0e-03,1.0e+00,1.0e-03,9.5e-01,global-DLEANYG,CSVDLEANYGYTF,TRBV29-1*01,TRBJ1-2*01,none:none,1,0.000000,-,-,-,-,-,-,-,-,-,-,-
2410,single,1.0e+00,1,1,9.5e-07,1.0e+00,1.0e-03,1.0e+00,1.0e-03,9.5e-01,global-DLEANYG,CSVDLEANYGYTF,TRBV29-1*01,TRBJ1-2*01,none:none,1,0.000000,-,-,-,-,-,-,-,-,-,-,-
2410,single,1.0e+00,1,1,9.5e-07,1.0e+00,1.0e-03,1.0e+00,1.0e-03,9.5e-01,global-DLEANYG,CSVDLEANYGYTF,TRBV29-1*01,TRBJ1-2*01,none:none,1,0.000000,-,-,-,-,-,-,-,-,-,-,-
2410,single,1.0e+00,1,1,9.5e-07,1.0e+00,1.0e-03,1.0e+00,1.0e-03,9.5e-01,global-DLEANYG,CSVDLEANYGYTF,TRBV29-1*01,TRBJ1-2*01,none:none,1,0.000000,-,-,-,-,-,-,-,-,-,-,-
2410,single,1.0e+00,1,1,9.5e-07,1.0e+00,1.0e-03,1.0e+00,1.0e-03,9.5e-01,global-DLEANYG,CSVDLEANYGYTF,TRBV29-1*01,TRBJ1-2*01,none:none,1,0.000000,-,-,-,-,-,-,-,-,-,-,-
2410,single,1.0e+00,1,1,9.5e-07,1.0e+00,1.0e-03,1.0e+00,1.0e-03,9.5e-01,global-DLEANYG,CSVDLEANYGYTF,TRBV29-1*01,TRBJ1-2*01,none:none,1,0.000000,-,-,-,-,-,-,-,-,-,-,-
2410,single,1.0e+00,1,1,9.5e-07,1.0e+00,1.0e-03,1.0e+00,1.0e-03,9.5e-01,global-DLEANYG,CSVDLEANYGYTF,TRBV29-1*01,TRBJ1-2*01,none:none,1,0.000000,-,-,-,-,-,-,-,-,-,-,-

2416,single,1.0e+00,1,1,6.7e-06,1.0e+00,7.0e-03,1.0e+00,1.0e-03,9.5e-01,global-SPGALNTE,CASSPGALNTEAFF,TRBV19*01,TRBJ1-1*01,none:none,1,0.000000,-,-,-,-,-,-,-,-,-,-,-
2416,single,1.0e+00,1,1,6.7e-06,1.0e+00,7.0e-03,1.0e+00,1.0e-03,9.5e-01,global-SPGALNTE,CASSPGALNTEAFF,TRBV4-1*01,TRBJ1-1*01,none:none,1,0.000000,-,-,-,-,-,-,-,-,-,-,-
2416,single,1.0e+00,1,1,6.7e-06,1.0e+00,7.0e-03,1.0e+00,1.0e-03,9.5e-01,global-SPGALNTE,CASSPGALNTEAFF,TRBV19*01,TRBJ1-1*01,none:none,1,0.000000,-,-,-,-,-,-,-,-,-,-,-

2419,single,1.0e+00,1,1,9.5e-07,1.0e+00,1.0e-03,1.0e+00,1.0e-03,9.5e-01,global-STSEGGLFYE,CASSTSEGGLFYEQYF,TRBV7-9*01,TRBJ2-7*01,none:none,1,0.000000,-,-,-,-,-,-,-,-,-,-,-
2419,single,1.0e+00,1,1,9.5e-07,1.0e+00,1.0e-03,1.0e+00,1.0e-03,9.5e-01,global-STSEGGLFYE,CASSTSEGGLFYEQYF,TRBV7-9*01,TRBJ2-7*01,none:none,1,0.000000,-,-,-,-,-,-,-,-,-,-,-

2423,single,1.0e+00,1,1,9.5e-07,1.0e+00,1.0e-03,1.0e+00,1.0e-03,9.5e-01,global-SSGLVSNTGE,CASSSGLVSNTGELFF,TRBV9*01,TRBJ2-2*01,none:none,1,0.000000,-,-,-,-,-,-,-,-,-,-,-
2423,single,1.0e+00,1,1,9.5e-07,1.0e+00,1.0e-03,1.0e+00,1.0e-03,9.5e-01,global-SSGLVSNTGE,CASSSGLVSNTGELFF,TRBV9*01,TRBJ2-2*01,none:none,1,0.000000,-,-,-,-,-,-,-,-,-,-,-

2452,single,1.0e+00,1,1,9.5e-07,1.0e+00,1.0e-03,1.0e+00,1.0e-03,9.5e-01,global-SLMRGGTYNSP,CASSLMRGGTYNSPLHF,TRBV13*01,TRBJ1-6*01,none:none,1,0.000000,-,-,-,-,-,-,-,-,-,-,-
2452,single,1.0e+00,1,1,9.5e-07,1.0e+00,1.0e-03,1.0e+00,1.0e-03,9.5e-01,global-SLMRGGTYNSP,CASSLMRGGTYNSPLHF,TRBV13*01,TRBJ1-6*01,none:none,1,0.000000,-,-,-,-,-,-,-,-,-,-,-
2452,single,1.0e+00,1,1,9.5e-07,1.0e+00,1.0e-03,1.0e+00,1.0e-03,9.5e-01,global-SLMRGGTYNSP,CASSLMRGGTYNSPLHF,TRBV13*01,TRBJ1-6*01,none:none,1,0.000000,-,-,-,-,-,-,-,-,-,-,-

2541,single,1.0e+00,1,1,9.5e-07,1.0e+00,1.0e-03,1.0e+00,1.0e-03,9.5e-01,global-SQDRNTDT,CASSQDRNTDTQYF,TRBV4-1*01,TRBJ2-3*01,none:none,1,0.000000,-,-,-,-,-,-,-,-,-,-,-
2541,single,1.0e+00,1,1,9.5e-07,1.0e+00,1.0e-03,1.0e+00,1.0e-03,9.5e-01,global-SQDRNTDT,CASSQDRNTDTQYF,TRBV4-1*01,TRBJ2-3*01,none:none,1,0.000000,-,-,-,-,-,-,-,-,-,-,-
2541,single,1.0e+00,1,1,9.5e-07,1.0e+00,1.0e-03,1.0e+00,1.0e-03,9.5e-01,global-SQDRNTDT,CASSQDRNTDTQYF,TRBV4-1*01,TRBJ2-3*01,none:none,1,0.000000,-,-,-,-,-,-,-,-,-,-,-

2671,single,1.0e+00,1,1,9.5e-07,1.0e+00,1.0e-03,1.0e+00,1.0e-03,9.5e-01,global-SQTSSSGANV,CASSQTSSSGANVLTF,TRBV4-2*01,TRBJ2-6*01,none:none,1,0.000000,-,-,-,-,-,-,-,-,-,-,-
2671,single,1.0e+00,1,1,9.5e-07,1.0e+00,1.0e-03,1.0e+00,1.0e-03,9.5e-01,global-SQTSSSGANV,CASSQTSSSGANVLTF,TRBV4-2*01,TRBJ2-6*01,none:none,1,0.000000,-,-,-,-,-,-,-,-,-,-,-

2677,single,1.0e+00,1,1,9.5e-07,1.0e+00,1.0e-03,1.0e+00,1.0e-03,9.5e-01,global-SALAGNTE,CASSALAGNTEAFF,TRBV9*01,TRBJ1-1*01,none:none,1,0.000000,-,-,-,-,-,-,-,-,-,-,-
2677,single,1.0e+00,1,1,9.5e-07,1.0e+00,1.0e-03,1.0e+00,1.0e-03,9.5e-01,global-SALAGNTE,CASSALAGNTEAFF,TRBV9*01,TRBJ1-1*01,none:none,1,0.000000,-,-,-,-,-,-,-,-,-,-,-

2685,single,1.0e+00,1,1,9.5e-07,1.0e+00,1.0e-03,1.0e+00,1.0e-03,9.5e-01,global-SLQGGTGE,CASSLQGGTGELFF,TRBV7-3*01,TRBJ2-2*01,none:none,1,0.000000,-,-,-,-,-,-,-,-,-,-,-
2685,single,1.0e+00,1,1,9.5e-07,1.0e+00,1.0e-03,1.0e+00,1.0e-03,9.5e-01,global-SLQGGTGE,CASSLQGGTGELFF,TRBV7-3*01,TRBJ2-2*01,none:none,1,0.000000,-,-,-,-,-,-,-,-,-,-,-
2685,single,1.0e+00,1,1,9.5e-07,1.0e+00,1.0e-03,1.0e+00,1.0e-03,9.5e-01,global-SLQGGTGE,CASSLQGGTGELFF,TRBV7-3*01,TRBJ2-2*01,none:none,1,0.000000,-,-,-,-,-,-,-,-,-,-,-

2689,single,1.0e+00,1,1,9.5e-07,1.0e+00,1.0e-03,1.0e+00,1.0e-03,9.5e-01,global-TGTSGGPTLRDE,CASTGTSGGPTLRDEQFF,TRBV7-9*01,TRBJ2-1*01,none:none,1,0.000000,-,-,-,-,-,-,-,-,-,-,-
2689,single,1.0e+00,1,1,9.5e-07,1.0e+00,1.0e-03,1.0e+00,1.0e-03,9.5e-01,global-TGTSGGPTLRDE,CASTGTSGGPTLRDEQFF,TRBV7-9*01,TRBJ2-1*01,none:none,1,0.000000,-,-,-,-,-,-,-,-,-,-,-
2689,single,1.0e+00,1,1,9.5e-07,1.0e+00,1.0e-03,1.0e+00,1.0e-03,9.5e-01,global-TGTSGGPTLRDE,CASTGTSGGPTLRDEQFF,TRBV7-9*01,TRBJ2-1*01,none:none,1,0.000000,-,-,-,-,-,-,-,-,-,-,-
2689,single,1.0e+00,1,1,9.5e-07,1.0e+00,1.0e-03,1.0e+00,1.0e-03,9.5e-01,global-TGTSGGPTLRDE,CASTGTSGGPTLRDEQFF,TRBV7-9*01,TRBJ2-1*01,none:none,1,0.000000,-,-,-,-,-,-,-,-,-,-,-

2736,single,1.0e+00,1,1,9.5e-07,1.0e+00,1.0e-03,1.0e+00,1.0e-03,9.5e-01,global-SVRSSMNTE,CASSVRSSMNTEAFF,TRBV9*01,TRBJ1-1*01,none:none,1,0.000000,-,-,-,-,-,-,-,-,-,-,-
2736,single,1.0e+00,1,1,9.5e-07,1.0e+00,1.0e-03,1.0e+00,1.0e-03,9.5e-01,global-SVRSSMNTE,CASSVRSSMNTEAFF,TRBV9*01,TRBJ1-1*01,none:none,1,0.000000,-,-,-,-,-,-,-,-,-,-,-
2736,single,1.0e+00,1,1,9.5e-07,1.0e+00,1.0e-03,1.0e+00,1.0e-03,9.5e-01,global-SVRSSMNTE,CASSVRSSMNTEAFF,TRBV9*01,TRBJ1-1*01,none:none,1,0.000000,-,-,-,-,-,-,-,-,-,-,-
2736,single,1.0e+00,1,1,9.5e-07,1.0e+00,1.0e-03,1.0e+00,1.0e-03,9.5e-01,global-SVRSSMNTE,CASSVRSSMNTEAFF,TRBV9*01,TRBJ1-1*01,none:none,1,0.000000,-,-,-,-,-,-,-,-,-,-,-
2736,single,1.0e+00,1,1,9.5e-07,1.0e+00,1.0e-03,1.0e+00,1.0e-03,9.5e-01,global-SVRSSMNTE,CASSVRSSMNTEAFF,TRBV9*01,TRBJ1-1*01,none:none,1,0.000000,-,-,-,-,-,-,-,-,-,-,-
2736,single,1.0e+00,1,1,9.5e-07,1.0e+00,1.0e-03,1.0e+00,1.0e-03,9.5e-01,global-SVRSSMNTE,CASSVRSSMNTEAFF,TRBV9*01,TRBJ1-1*01,none:none,1,0.000000,-,-,-,-,-,-,-,-,-,-,-

2833,single,1.0e+00,1,1,9.5e-07,1.0e+00,1.0e-03,1.0e+00,1.0e-03,9.5e-01,global-SLTPGEYSNQP,CASSLTPGEYSNQPQHF,TRBV7-9*01,TRBJ1-5*01,none:none,1,0.000000,-,-,-,-,-,-,-,-,-,-,-
2833,single,1.0e+00,1,1,9.5e-07,1.0e+00,1.0e-03,1.0e+00,1.0e-03,9.5e-01,global-SLTPGEYSNQP,CASSLTPGEYSNQPQHF,TRBV7-9*01,TRBJ1-5*01,none:none,1,0.000000,-,-,-,-,-,-,-,-,-,-,-

2845,single,1.0e+00,1,1,9.5e-07,1.0e+00,1.0e-03,1.0e+00,1.0e-03,9.5e-01,global-SLRDGSE,CASSLRDGSEAFF,TRBV5-6*01,TRBJ1-1*01,none:none,1,0.000000,-,-,-,-,-,-,-,-,-,-,-
2845,single,1.0e+00,1,1,9.5e-07,1.0e+00,1.0e-03,1.0e+00,1.0e-03,9.5e-01,global-SLRDGSE,CASSLRDGSEAFF,TRBV5-6*01,TRBJ1-1*01,none:none,1,0.000000,-,-,-,-,-,-,-,-,-,-,-
2845,single,1.0e+00,1,1,9.5e-07,1.0e+00,1.0e-03,1.0e+00,1.0e-03,9.5e-01,global-SLRDGSE,CASSLRDGSEAFF,TRBV5-6*01,TRBJ1-1*01,none:none,1,0.000000,-,-,-,-,-,-,-,-,-,-,-
2845,single,1.0e+00,1,1,9.5e-07,1.0e+00,1.0e-03,1.0e+00,1.0e-03,9.5e-01,global-SLRDGSE,CASSLRDGSEAFF,TRBV5-6*01,TRBJ1-1*01,none:none,1,0.000000,-,-,-,-,-,-,-,-,-,-,-
2845,single,1.0e+00,1,1,9.5e-07,1.0e+00,1.0e-03,1.0e+00,1.0e-03,9.5e-01,global-SLRDGSE,CASSLRDGSEAFF,TRBV5-6*01,TRBJ1-1*01,none:none,1,0.000000,-,-,-,-,-,-,-,-,-,-,-
2845,single,1.0e+00,1,1,9.5e-07,1.0e+00,1.0e-03,1.0e+00,1.0e-03,9.5e-01,global-SLRDGSE,CASSLRDGSEAFF,TRBV5-6*01,TRBJ1-1*01,none:none,1,0.000000,-,-,-,-,-,-,-,-,-,-,-
2845,single,1.0e+00,1,1,9.5e-07,1.0e+00,1.0e-03,1.0e+00,1.0e-03,9.5e-01,global-SLRDGSE,CASSLRDGSEAFF,TRBV5-6*01,TRBJ1-1*01,none:none,1,0.000000,-,-,-,-,-,-,-,-,-,-,-
2845,single,1.0e+00,1,1,9.5e-07,1.0e+00,1.0e-03,1.0e+00,1.0e-03,9.5e-01,global-SLRDGSE,CASSLRDGSEAFF,TRBV5-6*01,TRBJ1-1*01,none:none,1,0.000000,-,-,-,-,-,-,-,-,-,-,-
2845,single,1.0e+00,1,1,9.5e-07,1.0e+00,1.0e-03,1.0e+00,1.0e-03,9.5e-01,global-SLRDGSE,CASSLRDGSEAFF,TRBV5-6*01,TRBJ1-1*01,none:none,1,0.000000,-,-,-,-,-,-,-,-,-,-,-
2845,single,1.0e+00,1,1,9.5e-07,1.0e+00,1.0e-03,1.0e+00,1.0e-03,9.5e-01,global-SLRDGSE,CASSLRDGSEAFF,TRBV5-6*01,TRBJ1-1*01,none:none,1,0.000000,-,-,-,-,-,-,-,-,-,-,-
2845,single,1.0e+00,1,1,9.5e-07,1.0e+00,1.0e-03,1.0e+00,1.0e-03,9.5e-01,global-SLRDGSE,CASSLRDGSEAFF,TRBV5-6*01,TRBJ1-1*01,none:none,1,0.000000,-,-,-,-,-,-,-,-,-,-,-
2845,single,1.0e+00,1,1,9.5e-07,1.0e+00,1.0e-03,1.0e+00,1.0e-03,9.5e-01,global-SLRDGSE,CASSLRDGSEAFF,TRBV5-6*01,TRBJ1-1*01,none:none,1,0.000000,-,-,-,-,-,-,-,-,-,-,-
2845,single,1.0e+00,1,1,9.5e-07,1.0e+00,1.0e-03,1.0e+00,1.0e-03,9.5e-01,global-SLRDGSE,CASSLRDGSEAFF,TRBV5-6*01,TRBJ1-1*01,none:none,1,0.000000,-,-,-,-,-,-,-,-,-,-,-
2845,single,1.0e+00,1,1,9.5e-07,1.0e+00,1.0e-03,1.0e+00,1.0e-03,9.5e-01,global-SLRDGSE,CASSLRDGSEAFF,TRBV5-6*01,TRBJ1-1*01,none:none,1,0.000000,-,-,-,-,-,-,-,-,-,-,-
2845,single,1.0e+00,1,1,9.5e-07,1.0e+00,1.0e-03,1.0e+00,1.0e-03,9.5e-01,global-SLRDGSE,CASSLRDGSEAFF,TRBV5-6*01,TRBJ1-1*01,none:none,1,0.000000,-,-,-,-,-,-,-,-,-,-,-
2845,single,1.0e+00,1,1,9.5e-07,1.0e+00,1.0e-03,1.0e+00,1.0e-03,9.5e-01,global-SLRDGSE,CASSLRDGSEAFF,TRBV5-6*01,TRBJ1-1*01,none:none,1,0.000000,-,-,-,-,-,-,-,-,-,-,-
2845,single,1.0e+00,1,1,9.5e-07,1.0e+00,1.0e-03,1.0e+00,1.0e-03,9.5e-01,global-SLRDGSE,CASSLRDGSEAFF,TRBV5-6*01,TRBJ1-1*01,none:none,1,0.000000,-,-,-,-,-,-,-,-,-,-,-
2845,single,1.0e+00,1,1,9.5e-07,1.0e+00,1.0e-03,1.0e+00,1.0e-03,9.5e-01,global-SLRDGSE,CASSLRDGSEAFF,TRBV5-6*01,TRBJ1-1*01,none:none,1,0.000000,-,-,-,-,-,-,-,-,-,-,-
2845,single,1.0e+00,1,1,9.5e-07,1.0e+00,1.0e-03,1.0e+00,1.0e-03,9.5e-01,global-SLRDGSE,CASSLRDGSEAFF,TRBV5-6*01,TRBJ1-1*01,none:none,1,0.000000,-,-,-,-,-,-,-,-,-,-,-
2845,single,1.0e+00,1,1,9.5e-07,1.0e+00,1.0e-03,1.0e+00,1.0e-03,9.5e-01,global-SLRDGSE,CASSLRDGSEAFF,TRBV5-6*01,TRBJ1-1*01,none:none,1,0.000000,-,-,-,-,-,-,-,-,-,-,-
2845,single,1.0e+00,1,1,9.5e-07,1.0e+00,1.0e-03,1.0e+00,1.0e-03,9.5e-01,global-SLRDGSE,CASSLRDGSEAFF,TRBV5-6*01,TRBJ1-1*01,none:none,1,0.000000,-,-,-,-,-,-,-,-,-,-,-
2845,single,1.0e+00,1,1,9.5e-07,1.0e+00,1.0e-03,1.0e+00,1.0e-03,9.5e-01,global-SLRDGSE,CASSLRDGSEAFF,TRBV5-6*01,TRBJ1-1*01,none:none,1,0.000000,-,-,-,-,-,-,-,-,-,-,-
2845,single,1.0e+00,1,1,9.5e-07,1.0e+00,1.0e-03,1.0e+00,1.0e-03,9.5e-01,global-SLRDGSE,CASSLRDGSEAFF,TRBV5-6*01,TRBJ1-1*01,none:none,1,0.000000,-,-,-,-,-,-,-,-,-,-,-
2845,single,1.0e+00,1,1,9.5e-07,1.0e+00,1.0e-03,1.0e+00,1.0e-03,9.5e-01,global-SLRDGSE,CASSLRDGSEAFF,TRBV5-6*01,TRBJ1-1*01,none:none,1,0.000000,-,-,-,-,-,-,-,-,-,-,-
2845,single,1.0e+00,1,1,9.5e-07,1.0e+00,1.0e-03,1.0e+00,1.0e-03,9.5e-01,global-SLRDGSE,CASSLRDGSEAFF,TRBV5-6*01,TRBJ1-1*01,none:none,1,0.000000,-,-,-,-,-,-,-,-,-,-,-
2845,single,1.0e+00,1,1,9.5e-07,1.0e+00,1.0e-03,1.0e+00,1.0e-03,9.5e-01,global-SLRDGSE,CASSLRDGSEAFF,TRBV5-6*01,TRBJ1-1*01,none:none,1,0.000000,-,-,-,-,-,-,-,-,-,-,-
2845,single,1.0e+00,1,1,9.5e-07,1.0e+00,1.0e-03,1.0e+00,1.0e-03,9.5e-01,global-SLRDGSE,CASSLRDGSEAFF,TRBV5-6*01,TRBJ1-1*01,none:none,1,0.000000,-,-,-,-,-,-,-,-,-,-,-
2845,single,1.0e+00,1,1,9.5e-07,1.0e+00,1.0e-03,1.0e+00,1.0e-03,9.5e-01,global-SLRDGSE,CASSLRDGSEAFF,TRBV5-6*01,TRBJ1-1*01,none:none,1,0.000000,-,-,-,-,-,-,-,-,-,-,-
2845,single,1.0e+00,1,1,9.5e-07,1.0e+00,1.0e-03,1.0e+00,1.0e-03,9.5e-01,global-SLRDGSE,CASSLRDGSEAFF,TRBV5-6*01,TRBJ1-1*01,none:none,1,0.000000,-,-,-,-,-,-,-,-,-,-,-
2845,single,1.0e+00,1,1,9.5e-07,1.0e+00,1.0e-03,1.0e+00,1.0e-03,9.5e-01,global-SLRDGSE,CASSLRDGSEAFF,TRBV5-6*01,TRBJ1-1*01,none:none,1,0.000000,-,-,-,-,-,-,-,-,-,-,-
2845,single,1.0e+00,1,1,9.5e-07,1.0e+00,1.0e-03,1.0e+00,1.0e-03,9.5e-01,global-SLRDGSE,CASSLRDGSEAFF,TRBV5-6*01,TRBJ1-1*01,none:none,1,0.000000,-,-,-,-,-,-,-,-,-,-,-
2845,single,1.0e+00,1,1,9.5e-07,1.0e+00,1.0e-03,1.0e+00,1.0e-03,9.5e-01,global-SLRDGSE,CASSLRDGSEAFF,TRBV5-6*01,TRBJ1-1*01,none:none,1,0.000000,-,-,-,-,-,-,-,-,-,-,-
2845,single,1.0e+00,1,1,9.5e-07,1.0e+00,1.0e-03,1.0e+00,1.0e-03,9.5e-01,global-SLRDGSE,CASSLRDGSEAFF,TRBV5-6*01,TRBJ1-1*01,none:none,1,0.000000,-,-,-,-,-,-,-,-,-,-,-
2845,single,1.0e+00,1,1,9.5e-07,1.0e+00,1.0e-03,1.0e+00,1.0e-03,9.5e-01,global-SLRDGSE,CASSLRDGSEAFF,TRBV5-6*01,TRBJ1-1*01,none:none,1,0.000000,-,-,-,-,-,-,-,-,-,-,-
2845,single,1.0e+00,1,1,9.5e-07,1.0e+00,1.0e-03,1.0e+00,1.0e-03,9.5e-01,global-SLRDGSE,CASSLRDGSEAFF,TRBV5-6*01,TRBJ1-1*01,none:none,1,0.000000,-,-,-,-,-,-,-,-,-,-,-
2845,single,1.0e+00,1,1,9.5e-07,1.0e+00,1.0e-03,1.0e+00,1.0e-03,9.5e-01,global-SLRDGSE,CASSLRDGSEAFF,TRBV5-6*01,TRBJ1-1*01,none:none,1,0.000000,-,-,-,-,-,-,-,-,-,-,-
2845,single,1.0e+00,1,1,9.5e-07,1.0e+00,1.0e-03,1.0e+00,1.0e-03,9.5e-01,global-SLRDGSE,CASSLRDGSEAFF,TRBV5-6*01,TRBJ1-1*01,none:none,1,0.000000,-,-,-,-,-,-,-,-,-,-,-
2845,single,1.0e+00,1,1,9.5e-07,1.0e+00,1.0e-03,1.0e+00,1.0e-03,9.5e-01,global-SLRDGSE,CASSLRDGSEAFF,TRBV5-6*01,TRBJ1-1*01,none:none,1,0.000000,-,-,-,-,-,-,-,-,-,-,-
2845,single,1.0e+00,1,1,9.5e-07,1.0e+00,1.0e-03,1.0e+00,1.0e-03,9.5e-01,global-SLRDGSE,CASSLRDGSEAFF,TRBV5-6*01,TRBJ1-1*01,none:none,1,0.000000,-,-,-,-,-,-,-,-,-,-,-
2845,single,1.0e+00,1,1,9.5e-07,1.0e+00,1.0e-03,1.0e+00,1.0e-03,9.5e-01,global-SLRDGSE,CASSLRDGSEAFF,TRBV5-6*01,TRBJ1-1*01,none:none,1,0.000000,-,-,-,-,-,-,-,-,-,-,-
2845,single,1.0e+00,1,1,9.5e-07,1.0e+00,1.0e-03,1.0e+00,1.0e-03,9.5e-01,global-SLRDGSE,CASSLRDGSEAFF,TRBV5-6*01,TRBJ1-1*01,none:none,1,0.000000,-,-,-,-,-,-,-,-,-,-,-
2845,single,1.0e+00,1,1,9.5e-07,1.0e+00,1.0e-03,1.0e+00,1.0e-03,9.5e-01,global-SLRDGSE,CASSLRDGSEAFF,TRBV5-6*01,TRBJ1-1*01,none:none,1,0.000000,-,-,-,-,-,-,-,-,-,-,-
2845,single,1.0e+00,1,1,9.5e-07,1.0e+00,1.0e-03,1.0e+00,1.0e-03,9.5e-01,global-SLRDGSE,CASSLRDGSEAFF,TRBV5-6*01,TRBJ1-1*01,none:none,1,0.000000,-,-,-,-,-,-,-,-,-,-,-
2845,single,1.0e+00,1,1,9.5e-07,1.0e+00,1.0e-03,1.0e+00,1.0e-03,9.5e-01,global-SLRDGSE,CASSLRDGSEAFF,TRBV5-6*01,TRBJ1-1*01,none:none,1,0.000000,-,-,-,-,-,-,-,-,-,-,-
2845,single,1.0e+00,1,1,9.5e-07,1.0e+00,1.0e-03,1.0e+00,1.0e-03,9.5e-01,global-SLRDGSE,CASSLRDGSEAFF,TRBV5-6*01,TRBJ1-1*01,none:none,1,0.000000,-,-,-,-,-,-,-,-,-,-,-
2845,single,1.0e+00,1,1,9.5e-07,1.0e+00,1.0e-03,1.0e+00,1.0e-03,9.5e-01,global-SLRDGSE,CASSLRDGSEAFF,TRBV5-6*01,TRBJ1-1*01,none:none,1,0.000000,-,-,-,-,-,-,-,-,-,-,-
2845,single,1.0e+00,1,1,9.5e-07,1.0e+00,1.0e-03,1.0e+00,1.0e-03,9.5e-01,global-SLRDGSE,CASSLRDGSEAFF,TRBV5-6*01,TRBJ1-1*01,none:none,1,0.000000,-,-,-,-,-,-,-,-,-,-,-
2845,single,1.0e+00,1,1,9.5e-07,1.0e+00,1.0e-03,1.0e+00,1.0e-03,9.5e-01,global-SLRDGSE,CASSLRDGSEAFF,TRBV5-6*01,TRBJ1-1*01,none:none,1,0.000000,-,-,-,-,-,-,-,-,-,-,-
2845,single,1.0e+00,1,1,9.5e-07,1.0e+00,1.0e-03,1.0e+00,1.0e-03,9.5e-01,global-SLRDGSE,CASSLRDGSEAFF,TRBV5-6*01,TRBJ1-1*01,none:none,1,0.000000,-,-,-,-,-,-,-,-,-,-,-
2845,single,1.0e+00,1,1,9.5e-07,1.0e+00,1.0e-03,1.0e+00,1.0e-03,9.5e-01,global-SLRDGSE,CASSLRDGSEAFF,TRBV5-6*01,TRBJ1-1*01,none:none,1,0.000000,-,-,-,-,-,-,-,-,-,-,-
2845,single,1.0e+00,1,1,9.5e-07,1.0e+00,1.0e-03,1.0e+00,1.0e-03,9.5e-01,global-SLRDGSE,CASSLRDGSEAFF,TRBV5-6*01,TRBJ1-1*01,none:none,1,0.000000,-,-,-,-,-,-,-,-,-,-,-
2845,single,1.0e+00,1,1,9.5e-07,1.0e+00,1.0e-03,1.0e+00,1.0e-03,9.5e-01,global-SLRDGSE,CASSLRDGSEAFF,TRBV5-6*01,TRBJ1-1*01,none:none,1,0.000000,-,-,-,-,-,-,-,-,-,-,-
2845,single,1.0e+00,1,1,9.5e-07,1.0e+00,1.0e-03,1.0e+00,1.0e-03,9.5e-01,global-SLRDGSE,CASSLRDGSEAFF,TRBV5-6*01,TRBJ1-1*01,none:none,1,0.000000,-,-,-,-,-,-,-,-,-,-,-
2845,single,1.0e+00,1,1,9.5e-07,1.0e+00,1.0e-03,1.0e+00,1.0e-03,9.5e-01,global-SLRDGSE,CASSLRDGSEAFF,TRBV5-6*01,TRBJ1-1*01,none:none,1,0.000000,-,-,-,-,-,-,-,-,-,-,-
2845,single,1.0e+00,1,1,9.5e-07,1.0e+00,1.0e-03,1.0e+00,1.0e-03,9.5e-01,global-SLRDGSE,CASSLRDGSEAFF,TRBV5-6*01,TRBJ1-1*01,none:none,1,0.000000,-,-,-,-,-,-,-,-,-,-,-
2845,single,1.0e+00,1,1,9.5e-07,1.0e+00,1.0e-03,1.0e+00,1.0e-03,9.5e-01,global-SLRDGSE,CASSLRDGSEAFF,TRBV5-6*01,TRBJ1-1*01,none:none,1,0.000000,-,-,-,-,-,-,-,-,-,-,-
2845,single,1.0e+00,1,1,9.5e-07,1.0e+00,1.0e-03,1.0e+00,1.0e-03,9.5e-01,global-SLRDGSE,CASSLRDGSEAFF,TRBV5-6*01,TRBJ1-1*01,none:none,1,0.000000,-,-,-,-,-,-,-,-,-,-,-
2845,single,1.0e+00,1,1,9.5e-07,1.0e+00,1.0e-03,1.0e+00,1.0e-03,9.5e-01,global-SLRDGSE,CASSLRDGSEAFF,TRBV5-6*01,TRBJ1-1*01,none:none,1,0.000000,-,-,-,-,-,-,-,-,-,-,-
2845,single,1.0e+00,1,1,9.5e-07,1.0e+00,1.0e-03,1.0e+00,1.0e-03,9.5e-01,global-SLRDGSE,CASSLRDGSEAFF,TRBV5-6*01,TRBJ1-1*01,none:none,1,0.000000,-,-,-,-,-,-,-,-,-,-,-
2845,single,1.0e+00,1,1,9.5e-07,1.0e+00,1.0e-03,1.0e+00,1.0e-03,9.5e-01,global-SLRDGSE,CASSLRDGSEAFF,TRBV5-6*01,TRBJ1-1*01,none:none,1,0.000000,-,-,-,-,-,-,-,-,-,-,-
2845,single,1.0e+00,1,1,9.5e-07,1.0e+00,1.0e-03,1.0e+00,1.0e-03,9.5e-01,global-SLRDGSE,CASSLRDGSEAFF,TRBV5-6*01,TRBJ1-1*01,none:none,1,0.000000,-,-,-,-,-,-,-,-,-,-,-
2845,single,1.0e+00,1,1,9.5e-07,1.0e+00,1.0e-03,1.0e+00,1.0e-03,9.5e-01,global-SLRDGSE,CASSLRDGSEAFF,TRBV5-6*01,TRBJ1-1*01,none:none,1,0.000000,-,-,-,-,-,-,-,-,-,-,-
2845,single,1.0e+00,1,1,9.5e-07,1.0e+00,1.0e-03,1.0e+00,1.0e-03,9.5e-01,global-SLRDGSE,CASSLRDGSEAFF,TRBV5-6*01,TRBJ1-1*01,none:none,1,0.000000,-,-,-,-,-,-,-,-,-,-,-
2845,single,1.0e+00,1,1,9.5e-07,1.0e+00,1.0e-03,1.0e+00,1.0e-03,9.5e-01,global-SLRDGSE,CASSLRDGSEAFF,TRBV5-6*01,TRBJ1-1*01,none:none,1,0.000000,-,-,-,-,-,-,-,-,-,-,-
2845,single,1.0e+00,1,1,9.5e-07,1.0e+00,1.0e-03,1.0e+00,1.0e-03,9.5e-01,global-SLRDGSE,CASSLRDGSEAFF,TRBV5-6*01,TRBJ1-1*01,none:none,1,0.000000,-,-,-,-,-,-,-,-,-,-,-

2924,single,1.0e+00,1,1,9.5e-07,1.0e+00,1.0e-03,1.0e+00,1.0e-03,9.5e-01,global-SFLDRGPNTE,CASSFLDRGPNTEAFF,TRBV12-3*01,TRBJ1-1*01,none:none,1,0.000000,-,-,-,-,-,-,-,-,-,-,-
2924,single,1.0e+00,1,1,9.5e-07,1.0e+00,1.0e-03,1.0e+00,1.0e-03,9.5e-01,global-SFLDRGPNTE,CASSFLDRGPNTEAFF,TRBV12-3*01,TRBJ1-1*01,none:none,1,0.000000,-,-,-,-,-,-,-,-,-,-,-
2924,single,1.0e+00,1,1,9.5e-07,1.0e+00,1.0e-03,1.0e+00,1.0e-03,9.5e-01,global-SFLDRGPNTE,CASSFLDRGPNTEAFF,TRBV12-3*01,TRBJ1-1*01,none:none,1,0.000000,-,-,-,-,-,-,-,-,-,-,-
2924,single,1.0e+00,1,1,9.5e-07,1.0e+00,1.0e-03,1.0e+00,1.0e-03,9.5e-01,global-SFLDRGPNTE,CASSFLDRGPNTEAFF,TRBV12-3*01,TRBJ1-1*01,none:none,1,0.000000,-,-,-,-,-,-,-,-,-,-,-
2924,single,1.0e+00,1,1,9.5e-07,1.0e+00,1.0e-03,1.0e+00,1.0e-03,9.5e-01,global-SFLDRGPNTE,CASSFLDRGPNTEAFF,TRBV12-3*01,TRBJ1-1*01,none:none,1,0.000000,-,-,-,-,-,-,-,-,-,-,-
2924,single,1.0e+00,1,1,9.5e-07,1.0e+00,1.0e-03,1.0e+00,1.0e-03,9.5e-01,global-SFLDRGPNTE,CASSFLDRGPNTEAFF,TRBV12-3*01,TRBJ1-1*01,none:none,1,0.000000,-,-,-,-,-,-,-,-,-,-,-
2924,single,1.0e+00,1,1,9.5e-07,1.0e+00,1.0e-03,1.0e+00,1.0e-03,9.5e-01,global-SFLDRGPNTE,CASSFLDRGPNTEAFF,TRBV12-3*01,TRBJ1-1*01,none:none,1,0.000000,-,-,-,-,-,-,-,-,-,-,-
2924,single,1.0e+00,1,1,9.5e-07,1.0e+00,1.0e-03,1.0e+00,1.0e-03,9.5e-01,global-SFLDRGPNTE,CASSFLDRGPNTEAFF,TRBV12-3*01,TRBJ1-1*01,none:none,1,0.000000,-,-,-,-,-,-,-,-,-,-,-
2924,single,1.0e+00,1,1,9.5e-07,1.0e+00,1.0e-03,1.0e+00,1.0e-03,9.5e-01,global-SFLDRGPNTE,CASSFLDRGPNTEAFF,TRBV12-3*01,TRBJ1-1*01,none:none,1,0.000000,-,-,-,-,-,-,-,-,-,-,-
2924,single,1.0e+00,1,1,9.5e-07,1.0e+00,1.0e-03,1.0e+00,1.0e-03,9.5e-01,global-SFLDRGPNTE,CASSFLDRGPNTEAFF,TRBV12-3*01,TRBJ1-1*01,none:none,1,0.000000,-,-,-,-,-,-,-,-,-,-,-
2924,single,1.0e+00,1,1,9.5e-07,1.0e+00,1.0e-03,1.0e+00,1.0e-03,9.5e-01,global-SFLDRGPNTE,CASSFLDRGPNTEAFF,TRBV12-3*01,TRBJ1-1*01,none:none,1,0.000000,-,-,-,-,-,-,-,-,-,-,-
2924,single,1.0e+00,1,1,9.5e-07,1.0e+00,1.0e-03,1.0e+00,1.0e-03,9.5e-01,global-SFLDRGPNTE,CASSFLDRGPNTEAFF,TRBV12-3*01,TRBJ1-1*01,none:none,1,0.000000,-,-,-,-,-,-,-,-,-,-,-
2924,single,1.0e+00,1,1,9.5e-07,1.0e+00,1.0e-03,1.0e+00,1.0e-03,9.5e-01,global-SFLDRGPNTE,CASSFLDRGPNTEAFF,TRBV12-3*01,TRBJ1-1*01,none:none,1,0.000000,-,-,-,-,-,-,-,-,-,-,-
2924,single,1.0e+00,1,1,9.5e-07,1.0e+00,1.0e-03,1.0e+00,1.0e-03,9.5e-01,global-SFLDRGPNTE,CASSFLDRGPNTEAFF,TRBV12-3*01,TRBJ1-1*01,none:none,1,0.000000,-,-,-,-,-,-,-,-,-,-,-

2930,single,1.0e+00,1,1,9.5e-07,1.0e+00,1.0e-03,1.0e+00,1.0e-03,9.5e-01,global-SEAWGATNTGE,CASSEAWGATNTGELFF,TRBV6-1*01,TRBJ2-2*01,none:none,1,0.000000,-,-,-,-,-,-,-,-,-,-,-
2930,single,1.0e+00,1,1,9.5e-07,1.0e+00,1.0e-03,1.0e+00,1.0e-03,9.5e-01,global-SEAWGATNTGE,CASSEAWGATNTGELFF,TRBV6-1*01,TRBJ2-2*01,none:none,1,0.000000,-,-,-,-,-,-,-,-,-,-,-

2937,single,1.0e+00,1,1,9.5e-07,1.0e+00,1.0e-03,1.0e+00,1.0e-03,9.5e-01,global-SFSSGSPHE,CASSFSSGSPHEQFF,TRBV27*01,TRBJ2-1*01,none:none,1,0.000000,-,-,-,-,-,-,-,-,-,-,-
2937,single,1.0e+00,1,1,9.5e-07,1.0e+00,1.0e-03,1.0e+00,1.0e-03,9.5e-01,global-SFSSGSPHE,CASSFSSGSPHEQFF,TRBV27*01,TRBJ2-1*01,none:none,1,0.000000,-,-,-,-,-,-,-,-,-,-,-

2948,single,1.0e+00,1,1,9.5e-07,1.0e+00,1.0e-03,1.0e+00,1.0e-03,9.5e-01,global-SLRGIDE,CASSLRGIDEQYF,TRBV7-9*01,TRBJ2-7*01,none:none,1,0.000000,-,-,-,-,-,-,-,-,-,-,-
2948,single,1.0e+00,1,1,9.5e-07,1.0e+00,1.0e-03,1.0e+00,1.0e-03,9.5e-01,global-SLRGIDE,CASSLRGIDEQYF,TRBV7-9*01,TRBJ2-7*01,none:none,1,0.000000,-,-,-,-,-,-,-,-,-,-,-

2972,single,1.0e+00,1,1,9.5e-07,1.0e+00,1.0e-03,1.0e+00,1.0e-03,9.5e-01,global-GPPGGEK,CASGPPGGEKLFF,TRBV12-3*01,TRBJ1-4*01,none:none,1,0.000000,-,-,-,-,-,-,-,-,-,-,-
2972,single,1.0e+00,1,1,9.5e-07,1.0e+00,1.0e-03,1.0e+00,1.0e-03,9.5e-01,global-GPPGGEK,CASGPPGGEKLFF,TRBV12-3*01,TRBJ1-4*01,none:none,1,0.000000,-,-,-,-,-,-,-,-,-,-,-

2996,single,1.0e+00,1,1,9.5e-07,1.0e+00,1.0e-03,1.0e+00,1.0e-03,9.5e-01,global-GSGEDNE,CSVGSGEDNEQYF,TRBV29-1*01,TRBJ2-7*01,none:none,1,0.000000,-,-,-,-,-,-,-,-,-,-,-
2996,single,1.0e+00,1,1,9.5e-07,1.0e+00,1.0e-03,1.0e+00,1.0e-03,9.5e-01,global-GSGEDNE,CSVGSGEDNEQYF,TRBV29-1*01,TRBJ2-7*01,none:none,1,0.000000,-,-,-,-,-,-,-,-,-,-,-

3101,single,1.0e+00,1,1,9.5e-07,1.0e+00,1.0e-03,1.0e+00,1.0e-03,9.5e-01,global-RDLEVLSYE,CSARDLEVLSYEQYF,TRBV20-1*01,TRBJ2-7*01,none:none,1,0.000000,-,-,-,-,-,-,-,-,-,-,-
3101,single,1.0e+00,1,1,9.5e-07,1.0e+00,1.0e-03,1.0e+00,1.0e-03,9.5e-01,global-RDLEVLSYE,CSARDLEVLSYEQYF,TRBV20-1*01,TRBJ2-7*01,none:none,1,0.000000,-,-,-,-,-,-,-,-,-,-,-
3101,single,1.0e+00,1,1,9.5e-07,1.0e+00,1.0e-03,1.0e+00,1.0e-03,9.5e-01,global-RDLEVLSYE,CSARDLEVLSYEQYF,TRBV20-1*01,TRBJ2-7*01,none:none,1,0.000000,-,-,-,-,-,-,-,-,-,-,-
3101,single,1.0e+00,1,1,9.5e-07,1.0e+00,1.0e-03,1.0e+00,1.0e-03,9.5e-01,global-RDLEVLSYE,CSARDLEVLSYEQYF,TRBV20-1*01,TRBJ2-7*01,none:none,1,0.000000,-,-,-,-,-,-,-,-,-,-,-

3150,single,1.0e+00,1,1,9.5e-07,1.0e+00,1.0e-03,1.0e+00,1.0e-03,9.5e-01,global-GLVESAGTE,CASGLVESAGTEAFF,TRBV12-5*01,TRBJ1-1*01,none:none,1,0.000000,-,-,-,-,-,-,-,-,-,-,-
3150,single,1.0e+00,1,1,9.5e-07,1.0e+00,1.0e-03,1.0e+00,1.0e-03,9.5e-01,global-GLVESAGTE,CASGLVESAGTEAFF,TRBV12-5*01,TRBJ1-1*01,none:none,1,0.000000,-,-,-,-,-,-,-,-,-,-,-

3166,single,1.0e+00,1,1,9.5e-07,1.0e+00,1.0e-03,1.0e+00,1.0e-03,9.5e-01,global-SLSGRPYE,CASSLSGRPYEQYF,TRBV27*01,TRBJ2-7*01,none:none,1,0.000000,-,-,-,-,-,-,-,-,-,-,-
3166,single,1.0e+00,1,1,9.5e-07,1.0e+00,1.0e-03,1.0e+00,1.0e-03,9.5e-01,global-SLSGRPYE,CASSLSGRPYEQYF,TRBV27*01,TRBJ2-7*01,none:none,1,0.000000,-,-,-,-,-,-,-,-,-,-,-
3166,single,1.0e+00,1,1,9.5e-07,1.0e+00,1.0e-03,1.0e+00,1.0e-03,9.5e-01,global-SLSGRPYE,CASSLSGRPYEQYF,TRBV27*01,TRBJ2-7*01,none:none,1,0.000000,-,-,-,-,-,-,-,-,-,-,-
3166,single,1.0e+00,1,1,9.5e-07,1.0e+00,1.0e-03,1.0e+00,1.0e-03,9.5e-01,global-SLSGRPYE,CASSLSGRPYEQYF,TRBV27*01,TRBJ2-7*01,none:none,1,0.000000,-,-,-,-,-,-,-,-,-,-,-
3166,single,1.0e+00,1,1,9.5e-07,1.0e+00,1.0e-03,1.0e+00,1.0e-03,9.5e-01,global-SLSGRPYE,CASSLSGRPYEQYF,TRBV27*01,TRBJ2-7*01,none:none,1,0.000000,-,-,-,-,-,-,-,-,-,-,-
3166,single,1.0e+00,1,1,9.5e-07,1.0e+00,1.0e-03,1.0e+00,1.0e-03,9.5e-01,global-SLSGRPYE,CASSLSGRPYEQYF,TRBV27*01,TRBJ2-7*01,none:none,1,0.000000,-,-,-,-,-,-,-,-,-,-,-

3180,single,1.0e+00,1,1,9.5e-07,1.0e+00,1.0e-03,1.0e+00,1.0e-03,9.5e-01,global-SPLTSGSYE,CASSPLTSGSYEQYF,TRBV3-1*01,TRBJ2-7*01,none:none,1,0.000000,-,-,-,-,-,-,-,-,-,-,-
3180,single,1.0e+00,1,1,9.5e-07,1.0e+00,1.0e-03,1.0e+00,1.0e-03,9.5e-01,global-SPLTSGSYE,CASSPLTSGSYEQYF,TRBV3-1*01,TRBJ2-7*01,none:none,1,0.000000,-,-,-,-,-,-,-,-,-,-,-

3223,single,1.0e+00,1,1,9.5e-07,1.0e+00,1.0e-03,1.0e+00,1.0e-03,9.5e-01,global-SYGFPTSGGNTGE,CASSYGFPTSGGNTGELFF,TRBV6-6*01,TRBJ2-2*01,none:none,1,0.000000,-,-,-,-,-,-,-,-,-,-,-
3223,single,1.0e+00,1,1,9.5e-07,1.0e+00,1.0e-03,1.0e+00,1.0e-03,9.5e-01,global-SYGFPTSGGNTGE,CASSYGFPTSGGNTGELFF,TRBV6-6*01,TRBJ2-2*01,none:none,1,0.000000,-,-,-,-,-,-,-,-,-,-,-
3223,single,1.0e+00,1,1,9.5e-07,1.0e+00,1.0e-03,1.0e+00,1.0e-03,9.5e-01,global-SYGFPTSGGNTGE,CASSYGFPTSGGNTGELFF,TRBV6-6*01,TRBJ2-2*01,none:none,1,0.000000,-,-,-,-,-,-,-,-,-,-,-
3223,single,1.0e+00,1,1,9.5e-07,1.0e+00,1.0e-03,1.0e+00,1.0e-03,9.5e-01,global-SYGFPTSGGNTGE,CASSYGFPTSGGNTGELFF,TRBV6-6*01,TRBJ2-2*01,none:none,1,0.000000,-,-,-,-,-,-,-,-,-,-,-

3224,single,1.0e+00,1,1,9.5e-07,1.0e+00,1.0e-03,1.0e+00,1.0e-03,9.5e-01,global-SEQGQGEK,CASSEQGQGEKLFF,TRBV25-1*01,TRBJ1-4*01,none:none,1,0.000000,-,-,-,-,-,-,-,-,-,-,-
3224,single,1.0e+00,1,1,9.5e-07,1.0e+00,1.0e-03,1.0e+00,1.0e-03,9.5e-01,global-SEQGQGEK,CASSEQGQGEKLFF,TRBV25-1*01,TRBJ1-4*01,none:none,1,0.000000,-,-,-,-,-,-,-,-,-,-,-

3330,single,1.0e+00,1,1,9.5e-07,1.0e+00,1.0e-03,1.0e+00,1.0e-03,9.5e-01,global-SRSRGLEHYE,CASSRSRGLEHYEQYF,TRBV27*01,TRBJ2-7*01,none:none,1,0.000000,-,-,-,-,-,-,-,-,-,-,-
3330,single,1.0e+00,1,1,9.5e-07,1.0e+00,1.0e-03,1.0e+00,1.0e-03,9.5e-01,global-SRSRGLEHYE,CASSRSRGLEHYEQYF,TRBV27*01,TRBJ2-7*01,none:none,1,0.000000,-,-,-,-,-,-,-,-,-,-,-

3386,single,1.0e+00,1,1,9.5e-07,1.0e+00,1.0e-03,1.0e+00,1.0e-03,9.5e-01,global-SPHFQVDTGE,CASSPHFQVDTGELFF,TRBV27*01,TRBJ2-2*01,none:none,1,0.000000,-,-,-,-,-,-,-,-,-,-,-
3386,single,1.0e+00,1,1,9.5e-07,1.0e+00,1.0e-03,1.0e+00,1.0e-03,9.5e-01,global-SPHFQVDTGE,CASSPHFQVDTGELFF,TRBV27*01,TRBJ2-2*01,none:none,1,0.000000,-,-,-,-,-,-,-,-,-,-,-
3386,single,1.0e+00,1,1,9.5e-07,1.0e+00,1.0e-03,1.0e+00,1.0e-03,9.5e-01,global-SPHFQVDTGE,CASSPHFQVDTGELFF,TRBV27*01,TRBJ2-2*01,none:none,1,0.000000,-,-,-,-,-,-,-,-,-,-,-
3386,single,1.0e+00,1,1,9.5e-07,1.0e+00,1.0e-03,1.0e+00,1.0e-03,9.5e-01,global-SPHFQVDTGE,CASSPHFQVDTGELFF,TRBV27*01,TRBJ2-2*01,none:none,1,0.000000,-,-,-,-,-,-,-,-,-,-,-
3386,single,1.0e+00,1,1,9.5e-07,1.0e+00,1.0e-03,1.0e+00,1.0e-03,9.5e-01,global-SPHFQVDTGE,CASSPHFQVDTGELFF,TRBV27*01,TRBJ2-2*01,none:none,1,0.000000,-,-,-,-,-,-,-,-,-,-,-
3386,single,1.0e+00,1,1,9.5e-07,1.0e+00,1.0e-03,1.0e+00,1.0e-03,9.5e-01,global-SPHFQVDTGE,CASSPHFQVDTGELFF,TRBV27*01,TRBJ2-2*01,none:none,1,0.000000,-,-,-,-,-,-,-,-,-,-,-
3386,single,1.0e+00,1,1,9.5e-07,1.0e+00,1.0e-03,1.0e+00,1.0e-03,9.5e-01,global-SPHFQVDTGE,CASSPHFQVDTGELFF,TRBV27*01,TRBJ2-2*01,none:none,1,0.000000,-,-,-,-,-,-,-,-,-,-,-

3450,single,1.0e+00,1,1,9.5e-07,1.0e+00,1.0e-03,1.0e+00,1.0e-03,9.5e-01,global-SPSRDREFLYI,CASSPSRDREFLYIQYF,TRBV7-9*01,TRBJ2-4*01,none:none,1,0.000000,-,-,-,-,-,-,-,-,-,-,-
3450,single,1.0e+00,1,1,9.5e-07,1.0e+00,1.0e-03,1.0e+00,1.0e-03,9.5e-01,global-SPSRDREFLYI,CASSPSRDREFLYIQYF,TRBV7-9*01,TRBJ2-4*01,none:none,1,0.000000,-,-,-,-,-,-,-,-,-,-,-
3450,single,1.0e+00,1,1,9.5e-07,1.0e+00,1.0e-03,1.0e+00,1.0e-03,9.5e-01,global-SPSRDREFLYI,CASSPSRDREFLYIQYF,TRBV7-9*01,TRBJ2-4*01,none:none,1,0.000000,-,-,-,-,-,-,-,-,-,-,-

3480,single,1.0e+00,1,1,9.5e-07,1.0e+00,1.0e-03,1.0e+00,1.0e-03,9.5e-01,global-SPPGGGNTGE,CASSPPGGGNTGELFF,TRBV18*01,TRBJ2-2*01,none:none,1,0.000000,-,-,-,-,-,-,-,-,-,-,-
3480,single,1.0e+00,1,1,9.5e-07,1.0e+00,1.0e-03,1.0e+00,1.0e-03,9.5e-01,global-SPPGGGNTGE,CASSPPGGGNTGELFF,TRBV18*01,TRBJ2-2*01,none:none,1,0.000000,-,-,-,-,-,-,-,-,-,-,-
3480,single,1.0e+00,1,1,9.5e-07,1.0e+00,1.0e-03,1.0e+00,1.0e-03,9.5e-01,global-SPPGGGNTGE,CASSPPGGGNTGELFF,TRBV18*01,TRBJ2-2*01,none:none,1,0.000000,-,-,-,-,-,-,-,-,-,-,-
3480,single,1.0e+00,1,1,9.5e-07,1.0e+00,1.0e-03,1.0e+00,1.0e-03,9.5e-01,global-SPPGGGNTGE,CASSPPGGGNTGELFF,TRBV18*01,TRBJ2-2*01,none:none,1,0.000000,-,-,-,-,-,-,-,-,-,-,-
3480,single,1.0e+00,1,1,9.5e-07,1.0e+00,1.0e-03,1.0e+00,1.0e-03,9.5e-01,global-SPPGGGNTGE,CASSPPGGGNTGELFF,TRBV18*01,TRBJ2-2*01,none:none,1,0.000000,-,-,-,-,-,-,-,-,-,-,-
3480,single,1.0e+00,1,1,9.5e-07,1.0e+00,1.0e-03,1.0e+00,1.0e-03,9.5e-01,global-SPPGGGNTGE,CASSPPGGGNTGELFF,TRBV18*01,TRBJ2-2*01,none:none,1,0.000000,-,-,-,-,-,-,-,-,-,-,-
3480,single,1.0e+00,1,1,9.5e-07,1.0e+00,1.0e-03,1.0e+00,1.0e-03,9.5e-01,global-SPPGGGNTGE,CASSPPGGGNTGELFF,TRBV18*01,TRBJ2-2*01,none:none,1,0.000000,-,-,-,-,-,-,-,-,-,-,-

3502,single,1.0e+00,1,1,9.5e-07,1.0e+00,1.0e-03,1.0e+00,1.0e-03,9.5e-01,global-SRSGQGEK,CATSRSGQGEKLFF,TRBV15*01,TRBJ1-4*01,none:none,1,0.000000,-,-,-,-,-,-,-,-,-,-,-
3502,single,1.0e+00,1,1,9.5e-07,1.0e+00,1.0e-03,1.0e+00,1.0e-03,9.5e-01,global-SRSGQGEK,CATSRSGQGEKLFF,TRBV15*01,TRBJ1-4*01,none:none,1,0.000000,-,-,-,-,-,-,-,-,-,-,-
3502,single,1.0e+00,1,1,9.5e-07,1.0e+00,1.0e-03,1.0e+00,1.0e-03,9.5e-01,global-SRSGQGEK,CATSRSGQGEKLFF,TRBV15*01,TRBJ1-4*01,none:none,1,0.000000,-,-,-,-,-,-,-,-,-,-,-
3502,single,1.0e+00,1,1,9.5e-07,1.0e+00,1.0e-03,1.0e+00,1.0e-03,9.5e-01,global-SRSGQGEK,CATSRSGQGEKLFF,TRBV15*01,TRBJ1-4*01,none:none,1,0.000000,-,-,-,-,-,-,-,-,-,-,-

3527,single,1.0e+00,1,1,9.5e-07,1.0e+00,1.0e-03,1.0e+00,1.0e-03,9.5e-01,global-IPAGGPGDT,CASIPAGGPGDTQYF,TRBV6-3*01,TRBJ2-3*01,none:none,1,0.000000,-,-,-,-,-,-,-,-,-,-,-
3527,single,1.0e+00,1,1,9.5e-07,1.0e+00,1.0e-03,1.0e+00,1.0e-03,9.5e-01,global-IPAGGPGDT,CASIPAGGPGDTQYF,TRBV6-3*01,TRBJ2-3*01,none:none,1,0.000000,-,-,-,-,-,-,-,-,-,-,-
3527,single,1.0e+00,1,1,9.5e-07,1.0e+00,1.0e-03,1.0e+00,1.0e-03,9.5e-01,global-IPAGGPGDT,CASIPAGGPGDTQYF,TRBV6-3*01,TRBJ2-3*01,none:none,1,0.000000,-,-,-,-,-,-,-,-,-,-,-

3592,single,1.0e+00,1,1,9.5e-07,1.0e+00,1.0e-03,1.0e+00,1.0e-03,9.5e-01,global-SPGDYE,CSASPGDYEQYF,TRBV20-1*01,TRBJ2-7*01,none:none,1,0.000000,-,-,-,-,-,-,-,-,-,-,-
3592,single,1.0e+00,1,1,9.5e-07,1.0e+00,1.0e-03,1.0e+00,1.0e-03,9.5e-01,global-SPGDYE,CSASPGDYEQYF,TRBV20-1*01,TRBJ2-7*01,none:none,1,0.000000,-,-,-,-,-,-,-,-,-,-,-
3592,single,1.0e+00,1,1,9.5e-07,1.0e+00,1.0e-03,1.0e+00,1.0e-03,9.5e-01,global-SPGDYE,CSASPGDYEQYF,TRBV20-1*01,TRBJ2-7*01,none:none,1,0.000000,-,-,-,-,-,-,-,-,-,-,-

3631,single,1.0e+00,1,1,9.5e-07,1.0e+00,1.0e-03,1.0e+00,1.0e-03,9.5e-01,global-SLVQG,CASSLVQGYTF,TRBV7-8*01,TRBJ1-2*01,none:none,1,0.000000,-,-,-,-,-,-,-,-,-,-,-
3631,single,1.0e+00,1,1,9.5e-07,1.0e+00,1.0e-03,1.0e+00,1.0e-03,9.5e-01,global-SLVQG,CASSLVQGYTF,TRBV7-8*01,TRBJ1-2*01,none:none,1,0.000000,-,-,-,-,-,-,-,-,-,-,-

3632,single,1.0e+00,1,1,9.5e-07,1.0e+00,1.0e-03,1.0e+00,1.0e-03,9.5e-01,global-GQGPYE,CSAGQGPYEQYF,TRBV29-1*01,TRBJ2-7*01,none:none,1,0.000000,-,-,-,-,-,-,-,-,-,-,-
3632,single,1.0e+00,1,1,9.5e-07,1.0e+00,1.0e-03,1.0e+00,1.0e-03,9.5e-01,global-GQGPYE,CSAGQGPYEQYF,TRBV29-1*01,TRBJ2-7*01,none:none,1,0.000000,-,-,-,-,-,-,-,-,-,-,-
3632,single,1.0e+00,1,1,9.5e-07,1.0e+00,1.0e-03,1.0e+00,1.0e-03,9.5e-01,global-GQGPYE,CSAGQGPYEQYF,TRBV29-1*01,TRBJ2-7*01,none:none,1,0.000000,-,-,-,-,-,-,-,-,-,-,-
3632,single,1.0e+00,1,1,9.5e-07,1.0e+00,1.0e-03,1.0e+00,1.0e-03,9.5e-01,global-GQGPYE,CSAGQGPYEQYF,TRBV29-1*01,TRBJ2-7*01,none:none,1,0.000000,-,-,-,-,-,-,-,-,-,-,-
3632,single,1.0e+00,1,1,9.5e-07,1.0e+00,1.0e-03,1.0e+00,1.0e-03,9.5e-01,global-GQGPYE,CSAGQGPYEQYF,TRBV29-1*01,TRBJ2-7*01,none:none,1,0.000000,-,-,-,-,-,-,-,-,-,-,-
3632,single,1.0e+00,1,1,9.5e-07,1.0e+00,1.0e-03,1.0e+00,1.0e-03,9.5e-01,global-GQGPYE,CSAGQGPYEQYF,TRBV29-1*01,TRBJ2-7*01,none:none,1,0.000000,-,-,-,-,-,-,-,-,-,-,-
3632,single,1.0e+00,1,1,9.5e-07,1.0e+00,1.0e-03,1.0e+00,1.0e-03,9.5e-01,global-GQGPYE,CSAGQGPYEQYF,TRBV29-1*01,TRBJ2-7*01,none:none,1,0.000000,-,-,-,-,-,-,-,-,-,-,-
3632,single,1.0e+00,1,1,9.5e-07,1.0e+00,1.0e-03,1.0e+00,1.0e-03,9.5e-01,global-GQGPYE,CSAGQGPYEQYF,TRBV29-1*01,TRBJ2-7*01,none:none,1,0.000000,-,-,-,-,-,-,-,-,-,-,-
3632,single,1.0e+00,1,1,9.5e-07,1.0e+00,1.0e-03,1.0e+00,1.0e-03,9.5e-01,global-GQGPYE,CSAGQGPYEQYF,TRBV29-1*01,TRBJ2-7*01,none:none,1,0.000000,-,-,-,-,-,-,-,-,-,-,-
3632,single,1.0e+00,1,1,9.5e-07,1.0e+00,1.0e-03,1.0e+00,1.0e-03,9.5e-01,global-GQGPYE,CSAGQGPYEQYF,TRBV29-1*01,TRBJ2-7*01,none:none,1,0.000000,-,-,-,-,-,-,-,-,-,-,-

3653,single,1.0e+00,1,1,9.5e-07,1.0e+00,1.0e-03,1.0e+00,1.0e-03,9.5e-01,global-RDGRREYE,CSARDGRREYEQYF,TRBV20-1*01,TRBJ2-7*01,none:none,1,0.000000,-,-,-,-,-,-,-,-,-,-,-
3653,single,1.0e+00,1,1,9.5e-07,1.0e+00,1.0e-03,1.0e+00,1.0e-03,9.5e-01,global-RDGRREYE,CSARDGRREYEQYF,TRBV20-1*01,TRBJ2-7*01,none:none,1,0.000000,-,-,-,-,-,-,-,-,-,-,-
3653,single,1.0e+00,1,1,9.5e-07,1.0e+00,1.0e-03,1.0e+00,1.0e-03,9.5e-01,global-RDGRREYE,CSARDGRREYEQYF,TRBV20-1*01,TRBJ2-7*01,none:none,1,0.000000,-,-,-,-,-,-,-,-,-,-,-
3653,single,1.0e+00,1,1,9.5e-07,1.0e+00,1.0e-03,1.0e+00,1.0e-03,9.5e-01,global-RDGRREYE,CSARDGRREYEQYF,TRBV20-1*01,TRBJ2-7*01,none:none,1,0.000000,-,-,-,-,-,-,-,-,-,-,-

3699,single,1.0e+00,1,1,9.5e-07,1.0e+00,1.0e-03,1.0e+00,1.0e-03,9.5e-01,global-RPGVGNQP,CASRPGVGNQPQHF,TRBV5-5*01,TRBJ1-5*01,none:none,1,0.000000,-,-,-,-,-,-,-,-,-,-,-
3699,single,1.0e+00,1,1,9.5e-07,1.0e+00,1.0e-03,1.0e+00,1.0e-03,9.5e-01,global-RPGVGNQP,CASRPGVGNQPQHF,TRBV5-5*01,TRBJ1-5*01,none:none,1,0.000000,-,-,-,-,-,-,-,-,-,-,-
3699,single,1.0e+00,1,1,9.5e-07,1.0e+00,1.0e-03,1.0e+00,1.0e-03,9.5e-01,global-RPGVGNQP,CASRPGVGNQPQHF,TRBV5-5*01,TRBJ1-5*01,none:none,1,0.000000,-,-,-,-,-,-,-,-,-,-,-

3731,single,1.0e+00,1,1,9.5e-07,1.0e+00,1.0e-03,1.0e+00,1.0e-03,9.5e-01,global-SSLDVAGYE,CASSSLDVAGYEQYF,TRBV12-3*01,TRBJ2-7*01,none:none,1,0.000000,-,-,-,-,-,-,-,-,-,-,-
3731,single,1.0e+00,1,1,9.5e-07,1.0e+00,1.0e-03,1.0e+00,1.0e-03,9.5e-01,global-SSLDVAGYE,CASSSLDVAGYEQYF,TRBV12-3*01,TRBJ2-7*01,none:none,1,0.000000,-,-,-,-,-,-,-,-,-,-,-
3731,single,1.0e+00,1,1,9.5e-07,1.0e+00,1.0e-03,1.0e+00,1.0e-03,9.5e-01,global-SSLDVAGYE,CASSSLDVAGYEQYF,TRBV12-3*01,TRBJ2-7*01,none:none,1,0.000000,-,-,-,-,-,-,-,-,-,-,-
3731,single,1.0e+00,1,1,9.5e-07,1.0e+00,1.0e-03,1.0e+00,1.0e-03,9.5e-01,global-SSLDVAGYE,CASSSLDVAGYEQYF,TRBV12-3*01,TRBJ2-7*01,none:none,1,0.000000,-,-,-,-,-,-,-,-,-,-,-

3752,single,1.0e+00,1,1,9.5e-07,1.0e+00,1.0e-03,1.0e+00,1.0e-03,9.5e-01,global-NPLGSSSKKGT,CAINPLGSSSKKGTQYF,TRBV10-3*01,TRBJ2-3*01,none:none,1,0.000000,-,-,-,-,-,-,-,-,-,-,-
3752,single,1.0e+00,1,1,9.5e-07,1.0e+00,1.0e-03,1.0e+00,1.0e-03,9.5e-01,global-NPLGSSSKKGT,CAINPLGSSSKKGTQYF,TRBV10-3*01,TRBJ2-3*01,none:none,1,0.000000,-,-,-,-,-,-,-,-,-,-,-

3824,single,1.0e+00,1,1,9.5e-07,1.0e+00,1.0e-03,1.0e+00,1.0e-03,9.5e-01,global-SPGGLAGADT,CASSPGGLAGADTQYF,TRBV5-1*01,TRBJ2-3*01,none:none,1,0.000000,-,-,-,-,-,-,-,-,-,-,-
3824,single,1.0e+00,1,1,9.5e-07,1.0e+00,1.0e-03,1.0e+00,1.0e-03,9.5e-01,global-SPGGLAGADT,CASSPGGLAGADTQYF,TRBV5-1*01,TRBJ2-3*01,none:none,1,0.000000,-,-,-,-,-,-,-,-,-,-,-

3851,single,1.0e+00,1,1,9.5e-07,1.0e+00,1.0e-03,1.0e+00,1.0e-03,9.5e-01,global-SFTGAEGTGE,CASSFTGAEGTGELFF,TRBV12-4*01,TRBJ2-2*01,none:none,1,0.000000,-,-,-,-,-,-,-,-,-,-,-
3851,single,1.0e+00,1,1,9.5e-07,1.0e+00,1.0e-03,1.0e+00,1.0e-03,9.5e-01,global-SFTGAEGTGE,CASSFTGAEGTGELFF,TRBV12-4*01,TRBJ2-2*01,none:none,1,0.000000,-,-,-,-,-,-,-,-,-,-,-

4041,single,1.0e+00,1,1,9.5e-07,1.0e+00,1.0e-03,1.0e+00,1.0e-03,9.5e-01,global-SFYAGSTNE,CASSFYAGSTNEQFF,TRBV7-3*01,TRBJ2-1*01,none:none,1,0.000000,-,-,-,-,-,-,-,-,-,-,-
4041,single,1.0e+00,1,1,9.5e-07,1.0e+00,1.0e-03,1.0e+00,1.0e-03,9.5e-01,global-SFYAGSTNE,CASSFYAGSTNEQFF,TRBV7-3*01,TRBJ2-1*01,none:none,1,0.000000,-,-,-,-,-,-,-,-,-,-,-

4048,single,1.0e+00,1,1,9.5e-07,1.0e+00,1.0e-03,1.0e+00,1.0e-03,9.5e-01,global-SRGPGQGEET,CASSRGPGQGEETQYF,TRBV2*01,TRBJ2-5*01,none:none,1,0.000000,-,-,-,-,-,-,-,-,-,-,-
4048,single,1.0e+00,1,1,9.5e-07,1.0e+00,1.0e-03,1.0e+00,1.0e-03,9.5e-01,global-SRGPGQGEET,CASSRGPGQGEETQYF,TRBV2*01,TRBJ2-5*01,none:none,1,0.000000,-,-,-,-,-,-,-,-,-,-,-

4159,single,1.0e+00,1,1,9.5e-07,1.0e+00,1.0e-03,1.0e+00,1.0e-03,9.5e-01,global-SYVREET,CASSYVREETQYF,TRBV7-9*01,TRBJ2-5*01,none:none,1,0.000000,-,-,-,-,-,-,-,-,-,-,-
4159,single,1.0e+00,1,1,9.5e-07,1.0e+00,1.0e-03,1.0e+00,1.0e-03,9.5e-01,global-SYVREET,CASSYVREETQYF,TRBV7-9*01,TRBJ2-5*01,none:none,1,0.000000,-,-,-,-,-,-,-,-,-,-,-

4174,single,1.0e+00,1,1,9.5e-07,1.0e+00,1.0e-03,1.0e+00,1.0e-03,9.5e-01,global-RDPGTTDYNE,CASRDPGTTDYNEQFF,TRBV6-1*01,TRBJ2-1*01,none:none,1,0.000000,-,-,-,-,-,-,-,-,-,-,-
4174,single,1.0e+00,1,1,9.5e-07,1.0e+00,1.0e-03,1.0e+00,1.0e-03,9.5e-01,global-RDPGTTDYNE,CASRDPGTTDYNEQFF,TRBV6-1*01,TRBJ2-1*01,none:none,1,0.000000,-,-,-,-,-,-,-,-,-,-,-

4208,single,1.0e+00,1,1,9.5e-07,1.0e+00,1.0e-03,1.0e+00,1.0e-03,9.5e-01,global-SLYAGASEK,CASSLYAGASEKLFF,TRBV27*01,TRBJ1-4*01,none:none,1,0.000000,-,-,-,-,-,-,-,-,-,-,-
4208,single,1.0e+00,1,1,9.5e-07,1.0e+00,1.0e-03,1.0e+00,1.0e-03,9.5e-01,global-SLYAGASEK,CASSLYAGASEKLFF,TRBV27*01,TRBJ1-4*01,none:none,1,0.000000,-,-,-,-,-,-,-,-,-,-,-

4313,single,1.0e+00,1,1,9.5e-07,1.0e+00,1.0e-03,1.0e+00,1.0e-03,9.5e-01,global-GQGPYE,CSTGQGPYEQYF,TRBV29-1*01,TRBJ2-7*01,none:none,1,0.000000,-,-,-,-,-,-,-,-,-,-,-
4313,single,1.0e+00,1,1,9.5e-07,1.0e+00,1.0e-03,1.0e+00,1.0e-03,9.5e-01,global-GQGPYE,CSTGQGPYEQYF,TRBV29-1*01,TRBJ2-7*01,none:none,1,0.000000,-,-,-,-,-,-,-,-,-,-,-

4416,single,1.0e+00,1,1,9.5e-07,1.0e+00,1.0e-03,1.0e+00,1.0e-03,9.5e-01,global-SQTRGAGNT,CASSQTRGAGNTIYF,TRBV4-1*01,TRBJ1-3*01,none:none,1,0.000000,-,-,-,-,-,-,-,-,-,-,-
4416,single,1.0e+00,1,1,9.5e-07,1.0e+00,1.0e-03,1.0e+00,1.0e-03,9.5e-01,global-SQTRGAGNT,CASSQTRGAGNTIYF,TRBV4-1*01,TRBJ1-3*01,none:none,1,0.000000,-,-,-,-,-,-,-,-,-,-,-
4416,single,1.0e+00,1,1,9.5e-07,1.0e+00,1.0e-03,1.0e+00,1.0e-03,9.5e-01,global-SQTRGAGNT,CASSQTRGAGNTIYF,TRBV4-1*01,TRBJ1-3*01,none:none,1,0.000000,-,-,-,-,-,-,-,-,-,-,-
4416,single,1.0e+00,1,1,9.5e-07,1.0e+00,1.0e-03,1.0e+00,1.0e-03,9.5e-01,global-SQTRGAGNT,CASSQTRGAGNTIYF,TRBV4-1*01,TRBJ1-3*01,none:none,1,0.000000,-,-,-,-,-,-,-,-,-,-,-
4416,single,1.0e+00,1,1,9.5e-07,1.0e+00,1.0e-03,1.0e+00,1.0e-03,9.5e-01,global-SQTRGAGNT,CASSQTRGAGNTIYF,TRBV4-1*01,TRBJ1-3*01,none:none,1,0.000000,-,-,-,-,-,-,-,-,-,-,-

4438,single,1.0e+00,1,1,9.5e-07,1.0e+00,1.0e-03,1.0e+00,1.0e-03,9.5e-01,global-STSTGTGYG,CASSTSTGTGYGYTF,TRBV4-1*01,TRBJ1-2*01,none:none,1,0.000000,-,-,-,-,-,-,-,-,-,-,-
4438,single,1.0e+00,1,1,9.5e-07,1.0e+00,1.0e-03,1.0e+00,1.0e-03,9.5e-01,global-STSTGTGYG,CASSTSTGTGYGYTF,TRBV4-1*01,TRBJ1-2*01,none:none,1,0.000000,-,-,-,-,-,-,-,-,-,-,-
4438,single,1.0e+00,1,1,9.5e-07,1.0e+00,1.0e-03,1.0e+00,1.0e-03,9.5e-01,global-STSTGTGYG,CASSTSTGTGYGYTF,TRBV4-1*01,TRBJ1-2*01,none:none,1,0.000000,-,-,-,-,-,-,-,-,-,-,-
4438,single,1.0e+00,1,1,9.5e-07,1.0e+00,1.0e-03,1.0e+00,1.0e-03,9.5e-01,global-STSTGTGYG,CASSTSTGTGYGYTF,TRBV4-1*01,TRBJ1-2*01,none:none,1,0.000000,-,-,-,-,-,-,-,-,-,-,-
4438,single,1.0e+00,1,1,9.5e-07,1.0e+00,1.0e-03,1.0e+00,1.0e-03,9.5e-01,global-STSTGTGYG,CASSTSTGTGYGYTF,TRBV4-1*01,TRBJ1-2*01,none:none,1,0.000000,-,-,-,-,-,-,-,-,-,-,-
4438,single,1.0e+00,1,1,9.5e-07,1.0e+00,1.0e-03,1.0e+00,1.0e-03,9.5e-01,global-STSTGTGYG,CASSTSTGTGYGYTF,TRBV4-1*01,TRBJ1-2*01,none:none,1,0.000000,-,-,-,-,-,-,-,-,-,-,-
4438,single,1.0e+00,1,1,9.5e-07,1.0e+00,1.0e-03,1.0e+00,1.0e-03,9.5e-01,global-STSTGTGYG,CASSTSTGTGYGYTF,TRBV4-1*01,TRBJ1-2*01,none:none,1,0.000000,-,-,-,-,-,-,-,-,-,-,-
4438,single,1.0e+00,1,1,9.5e-07,1.0e+00,1.0e-03,1.0e+00,1.0e-03,9.5e-01,global-STSTGTGYG,CASSTSTGTGYGYTF,TRBV4-1*01,TRBJ1-2*01,none:none,1,0.000000,-,-,-,-,-,-,-,-,-,-,-
4438,single,1.0e+00,1,1,9.5e-07,1.0e+00,1.0e-03,1.0e+00,1.0e-03,9.5e-01,global-STSTGTGYG,CASSTSTGTGYGYTF,TRBV4-1*01,TRBJ1-2*01,none:none,1,0.000000,-,-,-,-,-,-,-,-,-,-,-
4438,single,1.0e+00,1,1,9.5e-07,1.0e+00,1.0e-03,1.0e+00,1.0e-03,9.5e-01,global-STSTGTGYG,CASSTSTGTGYGYTF,TRBV4-1*01,TRBJ1-2*01,none:none,1,0.000000,-,-,-,-,-,-,-,-,-,-,-
4438,single,1.0e+00,1,1,9.5e-07,1.0e+00,1.0e-03,1.0e+00,1.0e-03,9.5e-01,global-STSTGTGYG,CASSTSTGTGYGYTF,TRBV4-1*01,TRBJ1-2*01,none:none,1,0.000000,-,-,-,-,-,-,-,-,-,-,-
4438,single,1.0e+00,1,1,9.5e-07,1.0e+00,1.0e-03,1.0e+00,1.0e-03,9.5e-01,global-STSTGTGYG,CASSTSTGTGYGYTF,TRBV4-1*01,TRBJ1-2*01,none:none,1,0.000000,-,-,-,-,-,-,-,-,-,-,-
4438,single,1.0e+00,1,1,9.5e-07,1.0e+00,1.0e-03,1.0e+00,1.0e-03,9.5e-01,global-STSTGTGYG,CASSTSTGTGYGYTF,TRBV4-1*01,TRBJ1-2*01,none:none,1,0.000000,-,-,-,-,-,-,-,-,-,-,-

4447,single,1.0e+00,1,1,9.5e-07,1.0e+00,1.0e-03,1.0e+00,1.0e-03,9.5e-01,global-SDSTASSE,CASSDSTASSEQFF,TRBV27*01,TRBJ2-1*01,none:none,1,0.000000,-,-,-,-,-,-,-,-,-,-,-
4447,single,1.0e+00,1,1,9.5e-07,1.0e+00,1.0e-03,1.0e+00,1.0e-03,9.5e-01,global-SDSTASSE,CASSDSTASSEQFF,TRBV27*01,TRBJ2-1*01,none:none,1,0.000000,-,-,-,-,-,-,-,-,-,-,-

4494,single,1.0e+00,1,1,9.5e-07,1.0e+00,1.0e-03,1.0e+00,1.0e-03,9.5e-01,global-SFVDRAET,CASSFVDRAETQYF,TRBV7-9*01,TRBJ2-5*01,none:none,1,0.000000,-,-,-,-,-,-,-,-,-,-,-
4494,single,1.0e+00,1,1,9.5e-07,1.0e+00,1.0e-03,1.0e+00,1.0e-03,9.5e-01,global-SFVDRAET,CASSFVDRAETQYF,TRBV7-9*01,TRBJ2-5*01,none:none,1,0.000000,-,-,-,-,-,-,-,-,-,-,-
4494,single,1.0e+00,1,1,9.5e-07,1.0e+00,1.0e-03,1.0e+00,1.0e-03,9.5e-01,global-SFVDRAET,CASSFVDRAETQYF,TRBV7-9*01,TRBJ2-5*01,none:none,1,0.000000,-,-,-,-,-,-,-,-,-,-,-
4494,single,1.0e+00,1,1,9.5e-07,1.0e+00,1.0e-03,1.0e+00,1.0e-03,9.5e-01,global-SFVDRAET,CASSFVDRAETQYF,TRBV7-9*01,TRBJ2-5*01,none:none,1,0.000000,-,-,-,-,-,-,-,-,-,-,-

4544,single,1.0e+00,1,1,9.5e-07,1.0e+00,1.0e-03,1.0e+00,1.0e-03,9.5e-01,global-KDGISYE,CASKDGISYEQYF,TRBV7-9*01,TRBJ2-7*01,none:none,1,0.000000,-,-,-,-,-,-,-,-,-,-,-
4544,single,1.0e+00,1,1,9.5e-07,1.0e+00,1.0e-03,1.0e+00,1.0e-03,9.5e-01,global-KDGISYE,CASKDGISYEQYF,TRBV7-9*01,TRBJ2-7*01,none:none,1,0.000000,-,-,-,-,-,-,-,-,-,-,-
4544,single,1.0e+00,1,1,9.5e-07,1.0e+00,1.0e-03,1.0e+00,1.0e-03,9.5e-01,global-KDGISYE,CASKDGISYEQYF,TRBV7-9*01,TRBJ2-7*01,none:none,1,0.000000,-,-,-,-,-,-,-,-,-,-,-
4544,single,1.0e+00,1,1,9.5e-07,1.0e+00,1.0e-03,1.0e+00,1.0e-03,9.5e-01,global-KDGISYE,CASKDGISYEQYF,TRBV7-9*01,TRBJ2-7*01,none:none,1,0.000000,-,-,-,-,-,-,-,-,-,-,-
4544,single,1.0e+00,1,1,9.5e-07,1.0e+00,1.0e-03,1.0e+00,1.0e-03,9.5e-01,global-KDGISYE,CASKDGISYEQYF,TRBV7-9*01,TRBJ2-7*01,none:none,1,0.000000,-,-,-,-,-,-,-,-,-,-,-

4549,single,1.0e+00,1,1,9.5e-07,1.0e+00,1.0e-03,1.0e+00,1.0e-03,9.5e-01,global-SLGGGNNE,CASSLGGGNNEQFF,TRBV5-4*01,TRBJ2-1*01,none:none,1,0.000000,-,-,-,-,-,-,-,-,-,-,-
4549,single,1.0e+00,1,1,9.5e-07,1.0e+00,1.0e-03,1.0e+00,1.0e-03,9.5e-01,global-SLGGGNNE,CASSLGGGNNEQFF,TRBV5-4*01,TRBJ2-1*01,none:none,1,0.000000,-,-,-,-,-,-,-,-,-,-,-

4575,single,1.0e+00,1,1,5.3e-05,1.0e+00,5.5e-02,1.0e+00,1.0e-03,9.5e-01,global-SLTSGEET,CASSLTSGEETQYF,TRBV7-2*01,TRBJ2-5*01,none:none,1,0.000000,-,-,-,-,-,-,-,-,-,-,-
4575,single,1.0e+00,1,1,5.3e-05,1.0e+00,5.5e-02,1.0e+00,1.0e-03,9.5e-01,global-SLTSGEET,CASSLTSGEETQYF,TRBV18*01,TRBJ2-5*01,none:none,1,0.000000,-,-,-,-,-,-,-,-,-,-,-

4623,single,1.0e+00,1,1,9.5e-07,1.0e+00,1.0e-03,1.0e+00,1.0e-03,9.5e-01,global-SARTGVGYG,CASSARTGVGYGYTF,TRBV19*01,TRBJ1-2*01,none:none,1,0.000000,-,-,-,-,-,-,-,-,-,-,-
4623,single,1.0e+00,1,1,9.5e-07,1.0e+00,1.0e-03,1.0e+00,1.0e-03,9.5e-01,global-SARTGVGYG,CASSARTGVGYGYTF,TRBV19*01,TRBJ1-2*01,none:none,1,0.000000,-,-,-,-,-,-,-,-,-,-,-
4623,single,1.0e+00,1,1,9.5e-07,1.0e+00,1.0e-03,1.0e+00,1.0e-03,9.5e-01,global-SARTGVGYG,CASSARTGVGYGYTF,TRBV19*01,TRBJ1-2*01,none:none,1,0.000000,-,-,-,-,-,-,-,-,-,-,-

4645,single,1.0e+00,1,1,9.5e-07,1.0e+00,1.0e-03,1.0e+00,1.0e-03,9.5e-01,global-SHLGGDRYMNE,CASSHLGGDRYMNEQFF,TRBV3-1*01,TRBJ2-1*01,none:none,1,0.000000,-,-,-,-,-,-,-,-,-,-,-
4645,single,1.0e+00,1,1,9.5e-07,1.0e+00,1.0e-03,1.0e+00,1.0e-03,9.5e-01,global-SHLGGDRYMNE,CASSHLGGDRYMNEQFF,TRBV3-1*01,TRBJ2-1*01,none:none,1,0.000000,-,-,-,-,-,-,-,-,-,-,-

4670,single,1.0e+00,1,1,9.5e-07,1.0e+00,1.0e-03,1.0e+00,1.0e-03,9.5e-01,global-STPRQGSNTGE,CASSTPRQGSNTGELFF,TRBV2*01,TRBJ2-2*01,none:none,1,0.000000,-,-,-,-,-,-,-,-,-,-,-
4670,single,1.0e+00,1,1,9.5e-07,1.0e+00,1.0e-03,1.0e+00,1.0e-03,9.5e-01,global-STPRQGSNTGE,CASSTPRQGSNTGELFF,TRBV2*01,TRBJ2-2*01,none:none,1,0.000000,-,-,-,-,-,-,-,-,-,-,-
4670,single,1.0e+00,1,1,9.5e-07,1.0e+00,1.0e-03,1.0e+00,1.0e-03,9.5e-01,global-STPRQGSNTGE,CASSTPRQGSNTGELFF,TRBV2*01,TRBJ2-2*01,none:none,1,0.000000,-,-,-,-,-,-,-,-,-,-,-
4670,single,1.0e+00,1,1,9.5e-07,1.0e+00,1.0e-03,1.0e+00,1.0e-03,9.5e-01,global-STPRQGSNTGE,CASSTPRQGSNTGELFF,TRBV2*01,TRBJ2-2*01,none:none,1,0.000000,-,-,-,-,-,-,-,-,-,-,-
4670,single,1.0e+00,1,1,9.5e-07,1.0e+00,1.0e-03,1.0e+00,1.0e-03,9.5e-01,global-STPRQGSNTGE,CASSTPRQGSNTGELFF,TRBV2*01,TRBJ2-2*01,none:none,1,0.000000,-,-,-,-,-,-,-,-,-,-,-

4682,single,1.0e+00,1,1,9.5e-07,1.0e+00,1.0e-03,1.0e+00,1.0e-03,9.5e-01,global-SVGGSGGTYE,CASSVGGSGGTYEQYF,TRBV9*01,TRBJ2-7*01,none:none,1,0.000000,-,-,-,-,-,-,-,-,-,-,-
4682,single,1.0e+00,1,1,9.5e-07,1.0e+00,1.0e-03,1.0e+00,1.0e-03,9.5e-01,global-SVGGSGGTYE,CASSVGGSGGTYEQYF,TRBV9*01,TRBJ2-7*01,none:none,1,0.000000,-,-,-,-,-,-,-,-,-,-,-

4740,single,1.0e+00,1,1,9.5e-07,1.0e+00,1.0e-03,1.0e+00,1.0e-03,9.5e-01,global-SPQTGKRLYE,CASSPQTGKRLYEQYF,TRBV7-9*01,TRBJ2-7*01,none:none,1,0.000000,-,-,-,-,-,-,-,-,-,-,-
4740,single,1.0e+00,1,1,9.5e-07,1.0e+00,1.0e-03,1.0e+00,1.0e-03,9.5e-01,global-SPQTGKRLYE,CASSPQTGKRLYEQYF,TRBV7-9*01,TRBJ2-7*01,none:none,1,0.000000,-,-,-,-,-,-,-,-,-,-,-

4883,single,1.0e+00,1,1,9.5e-07,1.0e+00,1.0e-03,1.0e+00,1.0e-03,9.5e-01,global-SLGVAGTNTGE,CASSLGVAGTNTGELFF,TRBV11-2*01,TRBJ2-2*01,none:none,1,0.000000,-,-,-,-,-,-,-,-,-,-,-
4883,single,1.0e+00,1,1,9.5e-07,1.0e+00,1.0e-03,1.0e+00,1.0e-03,9.5e-01,global-SLGVAGTNTGE,CASSLGVAGTNTGELFF,TRBV11-2*01,TRBJ2-2*01,none:none,1,0.000000,-,-,-,-,-,-,-,-,-,-,-
4883,single,1.0e+00,1,1,9.5e-07,1.0e+00,1.0e-03,1.0e+00,1.0e-03,9.5e-01,global-SLGVAGTNTGE,CASSLGVAGTNTGELFF,TRBV11-2*01,TRBJ2-2*01,none:none,1,0.000000,-,-,-,-,-,-,-,-,-,-,-
4883,single,1.0e+00,1,1,9.5e-07,1.0e+00,1.0e-03,1.0e+00,1.0e-03,9.5e-01,global-SLGVAGTNTGE,CASSLGVAGTNTGELFF,TRBV11-2*01,TRBJ2-2*01,none:none,1,0.000000,-,-,-,-,-,-,-,-,-,-,-
4883,single,1.0e+00,1,1,9.5e-07,1.0e+00,1.0e-03,1.0e+00,1.0e-03,9.5e-01,global-SLGVAGTNTGE,CASSLGVAGTNTGELFF,TRBV11-2*01,TRBJ2-2*01,none:none,1,0.000000,-,-,-,-,-,-,-,-,-,-,-
4883,single,1.0e+00,1,1,9.5e-07,1.0e+00,1.0e-03,1.0e+00,1.0e-03,9.5e-01,global-SLGVAGTNTGE,CASSLGVAGTNTGELFF,TRBV11-2*01,TRBJ2-2*01,none:none,1,0.000000,-,-,-,-,-,-,-,-,-,-,-
4883,single,1.0e+00,1,1,9.5e-07,1.0e+00,1.0e-03,1.0e+00,1.0e-03,9.5e-01,global-SLGVAGTNTGE,CASSLGVAGTNTGELFF,TRBV11-2*01,TRBJ2-2*01,none:none,1,0.000000,-,-,-,-,-,-,-,-,-,-,-
4883,single,1.0e+00,1,1,9.5e-07,1.0e+00,1.0e-03,1.0e+00,1.0e-03,9.5e-01,global-SLGVAGTNTGE,CASSLGVAGTNTGELFF,TRBV11-2*01,TRBJ2-2*01,none:none,1,0.000000,-,-,-,-,-,-,-,-,-,-,-
4883,single,1.0e+00,1,1,9.5e-07,1.0e+00,1.0e-03,1.0e+00,1.0e-03,9.5e-01,global-SLGVAGTNTGE,CASSLGVAGTNTGELFF,TRBV11-2*01,TRBJ2-2*01,none:none,1,0.000000,-,-,-,-,-,-,-,-,-,-,-

